sequence,label,aa
EKSLVTEAENSQHQQKEEGEE	,0,S
QKEEGEEAINSGQQEPQQEES	,0,S
KERTSESRGLSRLFSSFLKRP	,0,S
LFSSFLKRPKSQVSEEEGKEV	,0,S
VSEEEGKEVESDKEKGEGGQK	,0,S
EGGQKEIEFGTSLDEEIILKA	,0,T
PIAAPEPELKTDPSLDLHSLS	,0,T
DPSLDLHSLSSAETQPAQEEL	,0,S
IKEGEGLEECSKIEVKEESPQ	,0,S
KIEVKEESPQSKAETELKASQ	,0,S
RKHRNMHCKVSLLDDTVYECV	,0,S
YFGLAIWDNATSKTWLDSAKE	,0,T
KQVRGVPWNFTFNVKFYPPDP	,0,T
KFYPPDPAQLTEDITRYYLCL	,0,T
QDIVAGRLPCSFATLALLGSY	,0,S
FATLALLGSYTIQSELGDYDP	,0,T
DPELHGVDYVSDFKLAPNQTK	,0,S
LEEKVMELHKSYRSMTPAQAD	,0,S
LEFLENAKKLSMYGVDLHKAK	,0,S
EGVDIILGVCSSGLLVYKDKL	,0,S
RFPWPKVLKISYKRSSFFIKI	,0,S
IRPGEQEQYESTIGFKLPSYR	,0,S
KLWKVCVEHHTFFRLTSTDTI	,0,T
RLTSTDTIPKSKFLALGSKFR	,0,S
FLALGSKFRYSGRTQAQTRQA	,0,S
GRTQAQTRQASALIDRPAPHF	,0,S
IDRPAPHFERTASKRASRSLD	,0,T
RSLDGAAAVDSADRSPRPTSA	,0,S
SPRPTSAPAITQGQVAEGGVL	,0,T
QVAEGGVLDASAKKTVVPKAQ	,0,S
KTVVPKAQKETVKAEVKKEDE	,0,T
EPPEQAEPEPTEAWKVEKTHI	,0,T
WKVEKTHIEVTVPTSNGDQTQ	,0,T
GDQTQKLAEKTEDLIRMRKKK	,0,T
LDGENIYIRHSNLMLEDLDKS	,0,S
SQEEIKKHHASISELKKNFME	,0,S
PTGEGPPLVKTQTVTISDNAN	,0,T
TISDNANAVKSEIPTKDVPIV	,0,S
IPTKDVPIVHTETKTITYEAA	,0,T
TKTITYEAAQTDDNSGDLDPG	,0,T
SGDLDPGVLLTAQTITSETPS	,0,T
AQTITSETPSSTTTTQITKTV	,0,S
QITKTVKGGISETRIEKRIVI	,0,S
ETRIEKRIVITGDADIDHDQV	,0,T
KEAKEQHPDMSVTKVVVHQET	,0,S
SNRELVVDFLSYKLSQKGYSW	,0,S
YKLSQKGYSWSQFSDVEENRT	,0,S
EENRTEAPEGTESEMETPSAI	,0,T
EFELRYRRAFSDLTSQLHITP	,0,S
LTSQLHITPGTAYQSFEQVVN	,0,T
VNWGRIVAFFSFGGALCVESV	,0,S
SVDKEMQVLVSRIAAWMATYL	,0,S
PWIQENGGWDTFVELYGNNAA	,0,T
ELYGNNAAAESRKGQERFNRW	,0,S
GQERFNRWFLTGMTVAGVVLL	,0,T
DNPIEEHRKHSPGCAFLTVKK	,0,S
LTVKKQMEELTVSEFLKLDRQ	,0,T
QRAKNKIAKETNNKQKEFEET	,0,T
KQKEFEETAKTTRQSIEQLAA	,0,T
ERPTFFEIFKTRCNKADLGPI	,0,T
RCNKADLGPISLNWFEELSSE	,0,S
ELSSEAPPYNSEPAEESEHKN	,0,S
NNNYEPNLFKTPQRKPSYNQL	,0,T
QRKPSYNQLASTPIIFKEQGL	,0,S
TPIIFKEQGLTLPLYQSPVKE	,0,T
KLDLGRNVPNSRHKSLRTVKT	,0,S
KTKMDQADDVSCPLLNSCLSE	,0,S
CPLLNSCLSESPVVLQCTHVT	,0,S
CTHVTPQRDKSVVCGSLFHTP	,0,S
HTPKFVKGRQTPKHISESLGA	,0,T
SLGAEVDPDMSWSSSLATPPT	,0,S
SSSLATPPTLSSTVLIVRNEE	,0,S
TVLIVRNEEASETVFPHDTTA	,0,S
FPHDTTANVKSYFSNHDESLK	,0,S
SLKKNDRFIASVTDSENTNQR	,0,S
SENTNQREAASHGFGKTSGNS	,0,S
KTSGNSFKVNSCKDHIGKSMP	,0,S
PNVLEDEVYETVVDTSEEDSF	,0,T
VVDTSEEDSFSLCFSKCRTKN	,0,S
CRTKNLQKVRTSKTRKKIFHE	,0,T
HEANADECEKSKNQVKEKYSF	,0,S
NQVKEKYSFVSEVEPNDTDPL	,0,S
VEPNDTDPLDSNVAHQKPFES	,0,S
VAHQKPFESGSDKISKEVVPS	,0,S
EVVPSLACEWSQLTLSGLNGA	,0,S
QMEKIPLLHISSCDQNISEKD	,0,S
QNISEKDLLDTENKRKKDFLT	,0,T
ENKRKKDFLTSENSLPRISSL	,0,S
SLPRISSLPKSEKPLNEETVV	,0,S
NKRDEEQHLESHTDCILAVKQ	,0,S
DCILAVKQAISGTSPVASSFQ	,0,S
VASSFQGIKKSIFRIRESPKE	,0,S
IFRIRESPKETFNASFSGHMT	,0,T
HMTDPNFKKETEASESGLEIH	,0,T
EASESGLEIHTVCSQKEDSLC	,0,T
SLCPNLIDNGSWPATTTQNSV	,0,S
SVALKNAGLISTLKKKTNKFI	,0,S
NKFIYAIHDETSYKGKKIPKD	,0,T
KGKKIPKDQKSELINCSAQFE	,0,S
FEANAFEAPLTFANADSGLLH	,0,T
FANADSGLLHSSVKRSCSQND	,0,S
SVKRSCSQNDSEEPTLSLTSS	,0,S
PTLSLTSSFGTILRKCSRNET	,0,T
LRKCSRNETCSNNTVISQDLD	,0,S
CNKEKLQLFITPEADSLSCLQ	,0,T
QEGQCENDPKSKKVSDIKEEV	,0,S
LAAACHPVQHSKVEYSDTDFQ	,0,S
KVEYSDTDFQSQKSLLYDHEN	,0,S
KSLLYDHENASTLILTPTSKD	,0,S
ILTPTSKDVLSNLVMISRGKE	,0,S
NLVMISRGKESYKMSDKLKGN	,0,S
SDKLKGNNYESDVELTKNIPM	,0,S
LPPEKYMRVASPSRKVQFNQN	,0,S
PSRKVQFNQNTNLRVIQKNQE	,0,T
LRVIQKNQEETTSISKITVNP	,0,T
SISKITVNPDSEELFSDNENN	,0,S
NERNNLALGNTKELHETDLTC	,0,T
TCVNEPIFKNSTMVLYGDTGD	,0,S
LYGDTGDKQATQVSIKKDLVY	,0,T
VYVLAEENKNSVKQHIKMTLG	,0,S
IKMTLGQDLKSDISLNIDKIP	,0,S
NKWAGLLGPISNHSFGGSFRT	,0,S
HSFGGSFRTASNKEIKLSEHN	,0,S
IKLSEHNIKKSKMFFKDIEEQ	,0,S
FFKDIEEQYPTSLACVEIVNT	,0,T
TLALDNQKKLSKPQSINTVSA	,0,S
SINTVSAHLQSSVVVSDCKNS	,0,S
VVSDCKNSHITPQMLFSKQDF	,0,T
QMLFSKQDFNSNHNLTPSQKA	,0,S
NLTPSQKAEITELSTILEESG	,0,T
ELSTILEESGSQFEFTQFRKP	,0,S
QFEFTQFRKPSYILQKSTFEV	,0,S
STFEVPENQMTILKTTSEECR	,0,T
ADLHVIMNAPSIGQVDSSKQF	,0,S
QVDSSKQFEGTVEIKRKFAGL	,0,T
AGLLKNDCNKSASGYLTDENE	,0,S
ENEVGFRGFYSAHGTKLNVST	,0,S
EALQKAVKLFSDIENISEETS	,0,S
EETSAEVHPISLSSSKCHDSV	,0,S
SSSKCHDSVVSMFKIENHNDK	,0,S
MFKIENHNDKTVSEKNNKCQL	,0,T
QLILQNNIEMTTGTFVEEITE	,0,T
EEITENYKRNTENEDNKYTAA	,0,T
ENEDNKYTAASRNSHNLEFDG	,0,S
RNSHNLEFDGSDSSKNDTVCI	,0,S
NDTVCIHKDETDLLFTDQHNI	,0,T
TDQHNICLKLSGQFMKEGNTQ	,0,S
EGNTQIKEDLSDLTFLEVAKA	,0,S
AKAQEACHGNTSNKEQLTATK	,0,T
SNKEQLTATKTEQNIKDFETS	,0,T
QNIKDFETSDTFFQTASGKNI	,0,T
FFQTASGKNISVAKESFNKIV	,0,S
DQKPEELHNFSLNSELHSDIR	,0,S
DIRKNKMDILSYEETDIVKHK	,0,S
DIVKHKILKESVPVGTGNQLV	,0,S
VPVGTGNQLVTFQGQPERDEK	,0,T
PERDEKIKEPTLLGFHTASGK	,0,T
SGKKVKIAKESLDKVKNLFDE	,0,S
KNLFDEKEQGTSEITSFSHQW	,0,T
ITSFSHQWAKTLKYREACKDL	,0,T
ACKDLELACETIEITAAPKCK	,0,T
AAPKCKEMQNSLNNDKNLVSI	,0,S
NNDKNLVSIETVVPPKLLSDN	,0,T
KLLSDNLCRQTENLKTSKSIF	,0,T
VKVHENVEKETAKSPATCYTN	,0,T
KSPATCYTNQSPYSVIENSAL	,0,S
VIENSALAFYTSCSRKTSVSQ	,0,T
SCSRKTSVSQTSLLEAKKWLR	,0,T
IFDGQPERINTADYVGNYLYE	,0,T
YVGNYLYENNSNSTIAENDKN	,0,S
TIAENDKNHLSEKQDTYLSNS	,0,S
EKQDTYLSNSSMSNSYSYHSD	,0,S
SYHSDEVYNDSGYLSKNKLDS	,0,S
VLKNVEDQKNTSFSKVISNVK	,0,T
NVKDANAYPQTVNEDICVEEL	,0,T
NEDICVEELVTSSSPCKNKNA	,0,T
CKNKNAAIKLSISNSNNFEVG	,0,S
EVGPPAFRIASGKIVCVSHET	,0,S
ETIKKVKDIFTDSFSKVIKEN	,0,T
KVIKENNENKSKICQTKIMAG	,0,S
MAGCYEALDDSEDILHNSLDN	,0,S
LHNSLDNDECSTHSHKVFADI	,0,S
HSHKVFADIQSEEILQHNQNM	,0,S
EEILQHNQNMSGLEKVSKISP	,0,S
KVSKISPCDVSLETSDICKCS	,0,S
CKCSIGKLHKSVSSANTCGIF	,0,S
VSSANTCGIFSTASGKSVQVS	,0,S
SGKSVQVSDASLQNARQVFSE	,0,S
ARQVFSEIEDSTKQVFSKVLF	,0,S
KQVFSKVLFKSNEHSDQLTRE	,0,S
HSDQLTREENTAIRTPEHLIS	,0,T
PEHLISQKGFSYNVVNSSAFS	,0,S
VVNSSAFSGFSTASGKQVSIL	,0,S
ASGKQVSILESSLHKVKGVLE	,0,S
GVLEEFDLIRTEHSLHYSPTS	,0,T
HYSPTSRQNVSKILPRVDKRN	,0,S
DKRNPEHCVNSEMEKTCSKEF	,0,S
EKTCSKEFKLSNNLNVEGGSS	,0,S
VEGGSSENNHSIKVSPYLSQF	,0,S
QQDKQQLVLGTKVSLVENIHV	,0,T
NIHVLGKEQASPKNVKMEIGK	,0,S
PKNVKMEIGKTETFSDVPVKT	,0,T
VPVKTNIEVCSTYSKDSENYF	,0,S
YSKDSENYFETEAVEIAKAFM	,0,T
AKAFMEDDELTDSKLPSHATH	,0,T
DSKLPSHATHSLFTCPENEEM	,0,S
TCPENEEMVLSNSRIGKRRGE	,0,S
GEPLILVGEPSIKRNLLNEFD	,0,S
FDRIIENQEKSLKASKSTPDG	,0,S
LKASKSTPDGTIKDRRLFMHH	,0,T
KDRRLFMHHVSLEPITCVPFR	,0,S
LEPITCVPFRTTKERQEIQNP	,0,T
ERQEIQNPNFTAPGQEFLSKS	,0,T
LSKSHLYEHLTLEKSSSNLAV	,0,T
LEKSSSNLAVSGHPFYQVSAT	,0,S
TRNEKMRHLITTGRPTKVFVP	,0,T
PTKVFVPPFKTKSHFHRVEQC	,0,T
RQKQNIDGHGSDDSKNKINDN	,0,S
NEIHQFNKNNSNQAAAVTFTK	,0,S
KCEEEPLDLITSLQNARDIQD	,0,T
QRQRVFPQPGSLYLAKTSTLP	,0,S
LAKTSTLPRISLKAAVGGQVP	,0,S
LKAAVGGQVPSACSHKQLYTY	,0,S
SHKQLYTYGVSKHCIKINSKN	,0,S
CIKINSKNAESFQFHTEDYFG	,0,S
FHTEDYFGKESLWTGKGIQLA	,0,S
QLADGGWLIPSNDGKAGKEEF	,0,S
KEEFYRALCDTPGVDPKLISR	,0,T
FPKEFANRCLSPERVLLQLKY	,0,S
VLLQLKYRYDTEIDRSRRSAI	,0,T
AIKKIMERDDTAAKTLVLCVS	,0,T
TLVLCVSDIISLSANISETSS	,0,S
ANISETSSNKTSSADTQKVAI	,0,T
DTQKVAIIELTDGWYAVKAQL	,0,T
LLAVLKNGRLTVGQKIILHGA	,0,T
IILHGAELVGSPDACTPLEAP	,0,S
DACTPLEAPESLMLKISANST	,0,S
ANSTRPARWYTKLGFFPDPRP	,0,T
PDPRPFPLPLSSLFSDGGNVG	,0,S
RAYPIQWMEKTSSGLYIFRNE	,0,T
AQQKRLEALFTKIQEEFEEHE	,0,T
QEEFEEHEENTTKPYLPSRAL	,0,T
TKPYLPSRALTRQQVRALQDG	,0,T
ADPAYLEGYFSEEQLRALNNH	,0,S
IQLEIRKAMESAEQKEQGLSR	,0,S
QKEQGLSRDVTTVWKLRIVSY	,0,T
TVWKLRIVSYSKKEKDSVILS	,0,S
DSVILSIWRPSSDLYSLLTEG	,0,S
GKRYRIYHLATSKSKSKSERA	,0,T
SERANIQLAATKKTQYQQLPV	,0,T
KKTQYQQLPVSDEILFQIYQP	,0,S
IYQPREPLHFSKFLDPDFQPS	,0,S
FLDPDFQPSCSEVDLIGFVVS	,0,S
IGFVVSVVKKTGLAPFVYLSD	,0,T
IIKPHMLIAASNLQWRPESKS	,0,S
WRPESKSGLLTLFAGDFSVFS	,0,T
FAGDFSVFSASPKEGHFQETF	,0,S
FQETFNKMKNTVENIDILCNE	,0,T
HILHANDPKWSTPTKDCTSGP	,0,S
PTKDCTSGPYTAQIIPGTGNK	,0,T
IPGTGNKLLMSSPNCEIYYQS	,0,S
NCEIYYQSPLSLCMAKRKSVS	,0,S
LCMAKRKSVSTPVSAQMTSKS	,0,T
ETPIKKKELNSPQMTPFKKFN	,0,S
MTPFKKFNEISLLESNSIADE	,0,S
IADEELALINTQALLSGSTGE	,0,T
SGSTGEKQFISVSESTRTAPT	,0,S
VSESTRTAPTSSEDYLRLKRR	,0,S
EDYLRLKRRCTTSLIKEQESS	,0,T
LIKEQESSQASTEECEKNKQD	,0,S
VLQMLEAHMQSYKGNDPLGEW	,0,S
NFPENKEYLITLLEHLMKEFL	,0,T
KKYHNDPRFISYCLKFAEYNS	,0,S
FEFLYNHGIGTLSSPLYIAWA	,0,T
LEAQGELQHASAVLQRGIQNQ	,0,S
FLQQQYRLFQTRLTETHLPAQ	,0,T
TETHLPAQARTSEPLHNVQVL	,0,T
HNVQVLNQMITSKSNPGNNMA	,0,T
SNPGNNMACISKNQGSELSGV	,0,S
NQGSELSGVISSACDKESNME	,0,S
KESNMERRVITISKSEYSVHS	,0,T
ISKSEYSVHSSLASKVDVEQV	,0,S
YCKEKLIRGESEFSFEELRAQ	,0,S
LHKKLHQVVETSHEDLPASQE	,0,T
HEDLPASQERSEVNPARMGPS	,0,S
NPARMGPSVGSQQELRAPCLP	,0,S
QELRAPCLPVTYQQTPVNMEK	,0,T
PVVPPLANAISAALVSPATSQ	,0,S
AALVSPATSQSIAPPVPLKAQ	,0,S
IAPPVPLKAQTVTDSMFAVAS	,0,T
ASKDAGCVNKSTHEFKPQSGA	,0,S
SGAEIKEGCETHKVANTSSFH	,0,T
HKVANTSSFHTTPNTSLGMVQ	,0,T
PNTSLGMVQATPSKVQPSPTV	,0,T
SKVQPSPTVHTKEALGFIMNM	,0,T
GFIMNMFQAPTLPDISDDKDE	,0,T
DISDDKDEWQSLDQNEDAFEA	,0,S
FEAQFQKNVRSSGAWGVNKII	,0,S
SGAWGVNKIISSLSSAFHVFE	,0,S
YGLPQPKNKPTGARTFGERSV	,0,T
GARTFGERSVSRLPSKPKEEV	,0,S
VPHAEEFLDDSTVWGIRCNKT	,0,S
DKENVVAKQCTQATLDSCEEN	,0,T
DSCEENMVVPSRDGKFSPIQE	,0,S
DGKFSPIQEKSPKQALSSHMY	,0,S
PKQALSSHMYSASLLRLSQPA	,0,S
LSQPAAGGVLTCEAELGVEAC	,0,T
AELGVEACRLTDTDAAIAEDP	,0,T
AGLQAEWMQMSSLGTVDAPNF	,0,S
WDDKLIFKLLSGLSKPVSSYP	,0,S
LSKPVSSYPNTFEWQCKLPAI	,0,T
QCKLPAIKPKTEFQLGSKLVY	,0,T
EGAFAQVYEATQGDLNDAKNK	,0,T
PANPWEFYIGTQLMERLKPSM	,0,T
SMQHMFMKFYSAHLFQNGSVL	,0,S
NGSVLVGELYSYGTLLNAINL	,0,S
LLNAINLYKNTPEKVMPQGLV	,0,T
EKVMPQGLVISFAMRMLYMIE	,0,S
FLEQDDEDDLSAGLALIDLGQ	,0,S
AGLALIDLGQSIDMKLFPKGT	,0,S
MKLFPKGTIFTAKCETSGFQC	,0,T
TSGFQCVEMLSNKPWNYQIDY	,0,S
YQIDYFGVAATVYCMLFGTYM	,0,T
LNIPDCHHLPSLDLLRQKLKK	,0,S
KLKKVFQQHYTNKIRALRNRL	,0,T
ARQLGLLVDLSPDGLMIPEDG	,0,S
LPMEAIEKMASLCMRDPDEDE	,0,S
RDPDEDEEEGTDEDDLEADDD	,0,T
NEVLGEEQKASETPPPVAQPK	,0,S
KPEAPHPGLETTLQERLALYQ	,0,T
TLQERLALYQTAIESARQAGD	,0,T
AIESARQAGDSAKMRRYDRGL	,0,S
KMRRYDRGLKTLENLLASIRK	,0,T
PEPRVTLEGPSATAPASSPGL	,0,S
AKPQMPPGPCSPGPLAQLQSR	,0,S
AALHAKQQGDTTAAARHFRVA	,0,T
AAARHFRVAKSFDAVLEALSR	,0,S
ALSRGEPVDLSCLPPPPDQLP	,0,S
PPDQLPPDPPSPPSQPPTPAT	,0,S
SQPPTPATAPSTTEVPPPPRT	,0,S
RYQVAAAQAKSKGDQRKARMH	,0,S
GFPPIQGLEATKPTQQSLVGV	,0,T
TQQSLVGVLETAMKLANQDEG	,0,T
EEDEVPKKQNSPVAPTAQPKA	,0,S
APTAQPKAPPSRTPQSGSAPT	,0,S
APTAKAPPKATSTRAQQQLAF	,0,T
AKGLEPMLEASRNGLPVDITK	,0,S
ALVQRPGPGLSQEAARRYGEL	,0,S
QEAARRYGELTKLIRQQHEMC	,0,T
RQQHEMCLNHSNQFTQLGNIT	,0,S
QFTQLGNITETTKFEKLAEDC	,0,T
FEKLAEDCKRSMDILKQAFVR	,0,S
LKQAFVRGLPTPTARFEQRTF	,0,T
PTARFEQRTFSVIKIFPDLSS	,0,S
LFIVKGINLPTPPGLSPGDLD	,0,T
PNVEEAQKDKTSVIKNTDSPE	,0,T
KEQFKLCINRSHRGFRRAIQT	,0,S
EVVHKGGLFKTDRVLGTAQLK	,0,T
ILEVLDGRRPTGGRLEVMVRI	,0,T
EVMVRIREPLTAQQLETTTER	,0,T
VIDPVPAAVPTQVAGPKGKAP	,0,T
APPVPAPARESGNRSARPLHS	,0,S
NRSARPLHSLSVLAFDQERLE	,0,S
AQQYQDIMQRSQWQRAQLEQG	,0,S
AQLERQLQFYTEAARRLGNDG	,0,T
EAARRLGNDGSRDAAKEALYR	,0,S
SGSQGRRCLATLSQIAYQRND	,0,T
ERLRQKQEEESLGQVTDQVEA	,0,S
TDQVEAHVQNSAPDEESKPAT	,0,S
ALERQKEFDPTITDGSLSVPS	,0,T
SVPSRRMQNNSAENETAEGEE	,0,S
ETAEGEEKGESRSGRYEMEET	,0,S
YEMEETEVVITSYQKNSYQDA	,0,T
KNFLDRKKGFTEVKAQNGEFM	,0,T
LEELRRRRGETESEEFEKLKQ	,0,T
KRQKMPEDGLSEDKKPFKCFT	,0,S
KPFKCFTPKGSSLKIEERAEF	,0,S
IEERAEFLNKSVQKSGVKSTH	,0,S
VKSTHQAAVVSKIDSRLEQYT	,0,S
LEQYTNAIEGTKASKPMKPAA	,0,T
KASKPMKPAASDLPVPAEGVR	,0,S
NLYDIGEQLDSEDLASLKFLS	,0,S
RLQEKRMLEESNLSFLKELLF	,0,S
FRINRLDLLITYLNTRKEEME	,0,T
RKEEMERELQTPGRAQISAYR	,0,T
SAYRVMLYQISEEVSRSELRS	,0,S
SFKFLLQEEISKCKLDDDMNL	,0,S
LKRVCAQINKSLLKIINDYEE	,0,S
LKIINDYEEFSKERSSSLEGS	,0,S
SSLEGSPDEFSNGEELCGVMT	,0,S
GEELCGVMTISDSPREQDSES	,0,S
SPREQDSESQTLDKVYQMKSK	,0,T
KAREKVPKLHSIRDRNGTHLD	,0,S
NGTHLDAGALTTTFEELHFEI	,0,T
HFEIKPHDDCTVEQIYEILKI	,0,T
ILKIYQLMDHSNMDCFICCIL	,0,S
NMDCFICCILSHGDKGIIYGT	,0,S
DGQEAPIYELTSQFTGLKCPS	,0,T
LGMATVNNCVSYRNPAEGTWY	,0,S
NPAEGTWYIQSLCQSLRERCP	,0,S
ERCPRGDDILTILTEVNYEVS	,0,T
KNMGKQMPQPTFTLRKKLVFP	,0,T
INMAGAKRVPTAPAATSKPGL	,0,T
ATSKPGLRPRTALGDIGNKVS	,0,T
KMPMKKEAKPSATGKVIDKKL	,0,S
KVPMLVPVPVSEPVPEPEPEP	,0,S
PAEEDLCQAFSDVILAVNDVD	,0,S
AEDGADPNLCSEYVKDIYAYL	,0,S
RPKYLLGREVTGNMRAILIDW	,0,T
VQMKFRLLQETMYMTVSIIDR	,0,T
PKKMLQLVGVTAMFIASKYEE	,0,T
PPEIGDFAFVTDNTYTKHQIR	,0,T
PLPLHFLRRASKIGEVDVEQH	,0,S
KIGEVDVEQHTLAKYLMELTM	,0,T
LDYDMVHFPPSQIAAGAFCLA	,0,S
ALKILDNGEWTPTLQHYLSYT	,0,T
LQHYLSYTEESLLPVMQHLAK	,0,S
KNVVMVNQGLTKHMTVKNKYA	,0,T
KHMTVKNKYATSKHAKISTLP	,0,T
AKISTLPQLNSALVQDLAKAV	,0,S
GIAARGVDVRSRAKQYEKLDF	,0,S
LDFLGEGQFATVYKARDKNTD	,0,T
RAEANDGINRTALREIKLLQE	,0,T
LREIKLLQELSHPNIIGLLDA	,0,S
IGLLDAFGHKSNISLVFDFME	,0,S
NISLVFDFMETDLEVIIKDTS	,0,T
VIIKDTSLVLTPAHIKSYMLM	,0,T
PAHIKSYMLMTLQGLEYLHHL	,0,T
LLRVPFLPGDSDLDQLTRIFE	,0,S
DLDQLTRIFETLGTPTEEQWP	,0,T
TPTEEQWPGMSSLPDYVAFKS	,0,S
DYVAFKSFPGTPLHLIFIAAG	,0,T
DLLELLQGLFTFNPCARCTAS	,0,T
ASQALRKRYFSNRPAPTPGNL	,0,S
PGNLLPRPNCSIEALKEQQNL	,0,S
NLNLGIKRKRTEGMDQKDIAK	,0,T
AIKKIKLGHRSEAKDGINRTA	,0,S
LFLFNPCARITATQALKMKYF	,0,T
MKYFSNRPGPTPGCQLPRPNC	,0,T
NCPVETLKEQSNPALAIKRKR	,0,S
SSRSTKDLIKSKWGSKPSNSK	,0,S
KWGSKPSNSKSETTLEKLKGE	,0,S
KLKGEIAHLKTSVDEITSGKG	,0,T
DEITSGKGKLTDKERHRLLEK	,0,T
AEKEKNAYQLTEKDKEIQRLR	,0,T
RLRDQLKARYSTTTLLEQLEE	,0,S
TTTLLEQLEETTREGERREQV	,0,T
ERREQVLKALSEEKDVLKQQL	,0,S
EEKDVLKQQLSAATSRIAELE	,0,S
AATSRIAELESKTNTLRLSQT	,0,S
SQTVAPNCFNSSINNIHEMEI	,0,S
LAKIFELEKKTETAAHSLPQQ	,0,T
ETAAHSLPQQTKKPESEGYLQ	,0,T
KQKCYNDLLASAKKDLEVERQ	,0,S
AKKDLEVERQTITQLSFELSE	,0,T
LSEFRRKYEETQKEVHNLNQL	,0,T
EVHNLNQLLYSQRRADVQHLE	,0,S
VQHLEDDRHKTEKIQKLREEN	,0,T
RGKLEEEKKRSEELLSQVQFL	,0,S
ELLSQVQFLYTSLLKQQEEQT	,0,T
ALLEQQMQACTLDFENEKLDR	,0,T
KELRKARNQITQLESLKQLHE	,0,T
CPKCNIQYPATEHRDLLVHVE	,0,T
IPLAFRDLLKSGGIGQYVVQE	,0,S
HVDAQFAAFQTSFRTEAPLCI	,0,T
APLCILQHFDTLYSILHHFRS	,0,T
DVLEVMVKVASRHANELPAIL	,0,S
LPAILEDLNLSVPQRAAHLNA	,0,S
NALKMNCFILTQLIEAFEAET	,0,T
EAFEAETYKASLGSVEPSGKG	,0,S
EPSGKGKKAKSKPEGFSWESE	,0,S
EGFSWESERESILQALTHLLQ	,0,S
LLQLDIRRLWSMSVVEEEFVS	,0,S
VVEEEFVSMMTSCCYKMMENP	,0,T
NPNIVMAKNKSTREALGHLLG	,0,S
REALGHLLGVTVKRYNHMLSA	,0,T
VKRYNHMLSASVKVIQLLQHF	,0,S
QLLQHFEHLASVLVHTVSLWA	,0,S
VLVHTVSLWATEYGMKPVIGE	,0,T
EIMREIGQKCSQDLSRESSGF	,0,S
RESSGFKAFATFLTELAERIP	,0,T
AERIPAIMMPSISVLLDYLDG	,0,S
LDGENYMMRNSVLTVMGEMVV	,0,S
VMGEMVVRVLSGDQLEEAEKS	,0,S
GDQLEEAEKSSRDQFLDTLQE	,0,S
TLQEHLHDVNTYVRSCVIQIY	,0,T
RIVQEKALPLSRFQSVVTLVV	,0,S
TLVVGRLFDKSVNVCKNAIQL	,0,S
VCKNAIQLLASFLANNPFTCK	,0,S
LANNPFTCKLSSVDLKVPLEK	,0,S
VDLKVPLEKETKKLKEMREKY	,0,T
YQGPKPVVVISPEEEWEAMLP	,0,S
LEAFKILQQESKEEEDIETEE	,0,S
EEDIETEEIESSQHLREQILI	,0,S
REQILILLRKTSYKNSIRLTQ	,0,T
IERFQEDPLFSEGDSEAKSEL	,0,S
SELGILEKIFTEKKADLEQPT	,0,T
EKKADLEQPTTKDQDDAQVNP	,0,T
KDQDDAQVNPTSEELPSQEVQ	,0,T
EELPSQEVQNSDMDKQEMLVQ	,0,S
DKQEMLVQYLSDAHHFALKIE	,0,S
LKIEEAIDVISKMMYETAVSV	,0,S
VVQEVIEFFVTVSQFGVSQAL	,0,T
GVRRMLPLVWSKEPGVREAVL	,0,S
KEPGVREAVLSAYRRLYLSSN	,0,S
RRLYLSSNGESERVKAQALVR	,0,S
ERVKAQALVRSLSLLMVDSSA	,0,S
GILQCLEEIVSEFVQKGDIHP	,0,S
EFVQKGDIHPSVIQLLWEKFT	,0,S
QLLWEKFTQKSPCSEFERRAA	,0,S
RAAVMLLGMMTRGQPEIVMSN	,0,T
QPEIVMSNLDTLVSVGLGEQV	,0,T
REVCNCILKITDSQKQTLGKS	,0,T
DSQKQTLGKSTEPFRLPKDHS	,0,T
PKDHSLFVCLTEAVAGGIGLS	,0,T
SGLHWLPFKETAVRLVYELGE	,0,T
ELGEEPEEICSEILLRCSQNV	,0,S
CSQNVLDGHQTQDEVPNVPAF	,0,T
EVPNVPAFLLTHLLSLAGDVA	,0,T
QQVVHLERAVSAELRRRRVLK	,0,S
EAEKVGKQRKSKANESTMEEE	,0,S
MEEELGLVGASADDIEAELIR	,0,S
EAELIRKICDTELLGGQQYLS	,0,T
LRICNNPGRYSDPDLCTVATL	,0,S
TLALAKYMMISSDFCDTHLRL	,0,S
FCDTHLRLLFTLLEKSPLPSV	,0,T
LEKSPLPSVRSNIMIALGDLS	,0,S
IRFPNLIEPWTPNLYARLRDP	,0,T
PNLYARLRDPSREVRKTAGMV	,0,S
EVRKTAGMVMTHLILKDMVKV	,0,T
KDMVKVKGQVSEMAVLLIESD	,0,S
VLLIESDQEISALARNFFNEL	,0,S
ALARNFFNELSNKGNAVYNLL	,0,S
AVYNLLPDIISRLSDPDCGVE	,0,S
DCGVEEEAFRTIMKQLLSYIT	,0,T
LLSYITKDKQTESLVEKMCHR	,0,T
LVEKMCHRFRTARTERQWRDL	,0,T
RQWRDLAHCLSLLPFSEKGLR	,0,S
DCFDCYGDKLSDEAVYNSFLT	,0,S
DEAVYNSFLTTVAKMRRGAKP	,0,T
ALIDEFEQKLSRCHNKGLENM	,0,S
LENMDVPEEPSAESDAQPPKA	,0,S
ISGSSCGSPNSADTSSDFKDL	,0,S
DTSSDFKDLWTKLKECHDREV	,0,T
REVQGLQVKVTKLKQERILDA	,0,T
LDAQRLEEFFTKNQQLREQQK	,0,T
LREQQKVLHETIKVLEDRLRA	,0,T
RAGLCDRCAVTEEHMRKKQQE	,0,T
NIRQQNLKLITELMNERNTLQ	,0,T
NTLQEENKKLSEQLQQKIEND	,0,S
LECEEDVIPDSPITAFSFSGV	,0,S
ENPHVRYIEQTHTKLEHSVCA	,0,T
SVCANEMRKVSKSSTHPQHNP	,0,S
PNENEILVADTYDQSQSPMAK	,0,T
SQSPMAKAHGTSSYTPDKSSF	,0,T
TPDKSSFNLATVVAETLGLGV	,0,T
ETLGLGVQEESETQGPMSPLG	,0,S
GNHKKQPFEESTRNTEDSLRF	,0,S
TRNTEDSLRFSDSTSKTPPQE	,0,S
SKTPPQEELPTRVSSPVFGAT	,0,T
RVSSPVFGATSSIKSGLDLNT	,0,S
SIKSGLDLNTSLSPSLLQPGK	,0,S
LQPGKKKHLKTLPFSNTCISR	,0,T
SNTCISRLEKTRSKSEDSALF	,0,T
RSKSEDSALFTHHSLGSEVNK	,0,T
GSEVNKIIIQSSNKQILINKN	,0,S
NKQILINKNISESLGEQNRTE	,0,S
EQNRTEYGKDSNTDKHLEPLK	,0,S
NTDKHLEPLKSLGGRTSKRKK	,0,S
LGGRTSKRKKTEEESEHEVSC	,0,T
SEHEVSCPQASFDKENAFPFP	,0,S
AFPFPMDNQFSMNGDCVMDKP	,0,S
DCVMDKPLDLSDRFSAIQRQE	,0,S
RFSAIQRQEKSQGSETSKNKF	,0,S
ETSKNKFRQVTLYEALKTIPK	,0,T
EALKTIPKGFSSSRKASDGNC	,0,S
SSRKASDGNCTLPKDSPGEPC	,0,T
LPKDSPGEPCSQECIILQPLN	,0,S
CIILQPLNKCSPDNKPSLQIK	,0,S
VFKIPLRPRESLETENVLDDI	,0,S
ETENVLDDIKSAGSHEPIKIQ	,0,S
AGSHEPIKIQTRSDHGGCELA	,0,T
RSDHGGCELASVLQLNPCRTG	,0,S
LNPCRTGKIKSLQNNQDVSFE	,0,S
QDVSFENIQWSIDPGADLSQY	,0,S
ADLSQYKMDVTVIDTKDGSQS	,0,T
DGSQSKLGGETVDMDCTLVSE	,0,T
VDMDCTLVSETVLLKMKKQEQ	,0,T
MKKQEQKGEKSSNEERKMNDS	,0,S
NDSLEDMFDRTTHEEYESCLA	,0,T
HEEYESCLADSFSQAADEEEE	,0,S
SQAADEEEELSTATKKLHTHG	,0,S
EPYFKGDERETSLQNFPHIEV	,0,T
KEERRKLLGHTCKECEIYYAD	,0,T
GPVPSRARVYTDVNTHRPREY	,0,T
HRPREYWDYESHVVEWGNQDD	,0,S
LVRKLGRGKYSEVFEAINITN	,0,S
ENLRGGPNIITLADIVKDPVS	,0,T
ADIVKDPVSRTPALVFEHVNN	,0,T
PALVFEHVNNTDFKQLYQTLT	,0,T
EILKALDYCHSMGIMHRDVKP	,0,S
PGQEYNVRVASRYFKGPELLV	,0,S
LLVDYQMYDYSLDMWSLGCML	,0,S
DMWSLGCMLASMIFRKEPFFH	,0,S
QLVRIAKVLGTEDLYDYIDKY	,0,T
PRFNDILGRHSRKRWERFVHS	,0,S
FVHSENQHLVSPEALDFLDKL	,0,S
LDKLLRYDHQSRLTAREAMEH	,0,S
IAPGAVVCVESEIRGDVTIGP	,0,S
IRGDVTIGPRTVIHPKARIIA	,0,T
LIINAYPDNITPDTEDPEPKP	,0,T
DPEPKPMIIGTNNVFEVGCYS	,0,T
MKMGDNNVIESKAYVGRNVIL	,0,S
KAYVGRNVILTSGCIIGACCN	,0,T
CIIGACCNLNTFEVIPENTVI	,0,T
YGADCLRRVQTERPQPQTLQL	,0,T
HFASRHRKDISTEMIRTKIAH	,0,S
MIRTKIAHRKSLSQKENRHKE	,0,S
YRPDMPCFLLSNQNAVKAEPK	,0,S
VKAEPKKAIPSSVRITRSKAK	,0,S
RSKAKDQMEQTKIDNESDVRA	,0,T
VRAIRPGPRQTSEKKVSDKEK	,0,T
EKKVVQPVMPTSLRMTRSATQ	,0,T
ATQAAKQVPRTVSSTTARKPV	,0,T
VSSTTARKPVTRAANENEPEG	,0,T
NENEPEGKVPSKGRPAKNVET	,0,S
NVETKPDKGISCKVDSEENTL	,0,S
KVDSEENTLNSQTNATSGMNP	,0,S
TSGMNPDGVLSKMENLPEINT	,0,S
INTAKIKGKNSFAPKDFMFQP	,0,S
WTPLKTEVDESQATKEILAQK	,0,S
TKEILAQKCKTYSTKTIQQDS	,0,T
GVPYFRNILQSETEKLTSHCF	,0,S
IPDDAKDLIRTAVGQTRLLMK	,0,T
DCEYKRGIKETTCTDLDGFWD	,0,T
TDLDGFWDMVSFQIEDVIHKF	,0,S
KFNNLIKLEESGWQVNNNMNH	,0,S
NKNVFRKKVVSGIASKPKQDD	,0,S
ERIRQEECAETAVSVIPKEVD	,0,T
NEMGIPQQTTSPENAGPQNTK	,0,S
PENAGPQNTKSEHVKKTLFLS	,0,S
KKTLFLSIPESRSSIEDAQCP	,0,S
LIEENHVVNKTDLKVDCLSSE	,0,T
KVDCLSSERMSLPLLAGGVAD	,0,S
LAGGVADDINTNKKEGISDVV	,0,T
SQNSILEEGETKISQSELFDN	,0,T
ISQSELFDNKSLTTECHLLDS	,0,S
HLLDSPGLNCSNPFTQLERRH	,0,S
IIQNDSKAILSKQTKRKKKYA	,0,S
APINNLNGKNTKVSNASVLKS	,0,T
NASVLKSIAVSQVRNTSRTKD	,0,S
SRTKDINKAVSKSVKQLPNSQ	,0,S
NSQVKPKREMSNLSRHHDFTQ	,0,S
GPMEEVIWKYSPLQRDMSDKT	,0,S
PLQRDMSDKTTSAAEYSDDYE	,0,T
SDDYEDVQNPSSTPIVPNRLK	,0,S
STPIVPNRLKTVLSFTNIQVP	,0,T
EQVRPKPAEISTRESLRNIDD	,0,S
VNAEEVDKMDSTGDSNDGDDS	,0,S
DGDDSLIDILTQKYVEKRKSE	,0,T
QKYVEKRKSESQITIQGNTNQ	,0,S
ITIQGNTNQKSGAQESCGKND	,0,S
AQESCGKNDNTKSRGEIEDHE	,0,T
DHENVDNQAKTGNAFYENEED	,0,T
GNAFYENEEDSNCQRIKKNEK	,0,S
IKKNEKIEYNSSDEFSDDSLI	,0,S
SLIELLNETQTQVEPNTIEQD	,0,T
QDLDKVEKMVSDDLRIATDST	,0,S
DLRIATDSTLSAYALRAKSGA	,0,S
RDGVVRLVIVSLRSVELPKIG	,0,S
LRSVELPKIGTQKILECIDGK	,0,T
LECIDGKGEQSSVVVRHPWVY	,0,S
GKNIENKRLLSDDKNPKTQLA	,0,S
LLVLNPDVLFSATSVGSSVGC	,0,S
VGSSVGCLRRSILQMQFQDPR	,0,S
MQFQDPRGEPSLVMTLGNIVH	,0,S
GNIVHELLQDSIKYKLSHNKI	,0,S
IKYKLSHNKISMEIIIQKLDS	,0,S
IIQKLDSLLETYSFSIIICNE	,0,T
NILYFVNKFVSKSNYGCYTSI	,0,S
KSNYGCYTSISGTRRTQPISI	,0,S
GTRRTQPISISNVIDIEENIW	,0,S
NVIDIEENIWSPIYGLKGFLD	,0,S
IYGLKGFLDATVEANVENNKK	,0,T
KKHIVPLEVKTGKSRSVSYEV	,0,T
VSYEVQGLIYTLLLNDRYEIP	,0,T
IPIEFFLLYFTRDKNMTKFPS	,0,T
NMTKFPSVLHSIKHILMSRNR	,0,S
KHILMSRNRMSMNFKHQLQEV	,0,S
QLQEVFGQAQSRFELPPLLRD	,0,S
RFELPPLLRDSSCDSCFIKES	,0,S
MVLNKLLEDGTPEESGLVEGE	,0,T
GLVEGEFEILTNHLSQNLANY	,0,T
QNLANYKEFFTKYNDLITKEE	,0,T
KYNDLITKEESSITCVNKELF	,0,S
VNKELFLLDGSTRESRSGRCL	,0,S
TRESRSGRCLSGLVVSEVVEH	,0,S
VVSEVVEHEKTEGAYIYCFSR	,0,T
CFSRRRNDNNSQSMLSSQIAA	,0,S
QIAANDFVIISDEEGHFCLCQ	,0,S
QFINPAKIGISVKRKLLNNRL	,0,S
NRLLDKEKGVTTIQSVVESEL	,0,T
QSVVESELEQSSLIATQNLVT	,0,S
YRIDKNDIQQSLSLARFNLLS	,0,S
NLLSLFLPAVSPGVDIVDERS	,0,S
VDERSKLCRKTKRSDGGNEIL	,0,T
RSDGGNEILRSLLVDNRAPKF	,0,S
NDDPVIPYKLSKDTTLNLNQK	,0,S
DYALILGMPGTGKTTVIAEII	,0,T
VIAEIIKILVSEGKRVLLTSY	,0,S
EGKRVLLTSYTHSAVDNILIK	,0,T
VDNILIKLRNTNISIMRLGMK	,0,T
LGMKHKVHPDTQKYVPNYASV	,0,T
KYVPNYASVKSYNDYLSKINS	,0,S
YNDYLSKINSTSVVATTCLGI	,0,T
TCLGINDILFTLNEKDFDYVI	,0,T
DFDYVILDEASQISMPVALGP	,0,S
DAARLGGLEESLFKTFCEKHP	,0,S
FKTFCEKHPESVAELTLQYRM	,0,S
LQYRMCGDIVTLSNFLIYDNK	,0,T
KCGNNEVFAQSLELPMPEALS	,0,S
PEALSRYRNESANSKQWLEDI	,0,S
KQWLEDILEPTRKVVFLNYDN	,0,T
YDNCPDIIEQSEKDNITNHGE	,0,S
NITNHGEAELTLQCVEGMLLS	,0,T
GVPCEDIGVMTLYRAQLRLLK	,0,T
KNVYDGLEILTADQFQGRDKK	,0,T
QGRDKKCIIISMVRRNSQLNG	,0,S
KELRRVNVAMTRAKSKLIIIG	,0,T
RAKSKLIIIGSKSTIGSVPEI	,0,S
STIGSVPEIKSFVNLLEERNW	,0,S
NLLEERNWVYTMCKDALYKYK	,0,T
ALYKYKFPDRSNAIDEARKGC	,0,S
DEARKGCGKRTGAKPITSKSK	,0,T
KPITSKSKFVSDKPIIKEILQ	,0,S
VINKLQDVFNTVGADIIQLPQ	,0,T
IQLPQIVVVGTQSSGKSSVLE	,0,T
QSSGKSSVLESLVGRDLLPRG	,0,S
LVGRDLLPRGTGIVTRRPLIL	,0,T
RPLILQLVHVSQEDKRKTTGE	,0,S
EAEEWGKFLHTKNKLYTDFDE	,0,T
DEIRQEIENETERISGNNKGV	,0,T
ERISGNNKGVSPEPIHLKIFS	,0,S
KIFSPNVVNLTLVDLPGMTKV	,0,T
QIRELILRFISNPNSIILAVT	,0,S
SIILAVTAANTDMATSEALKI	,0,T
DMATSEALKISREVDPDGRRT	,0,S
PDGRRTLAVITKLDLMDAGTD	,0,T
KLGIIGVVNRSQLDINNKKSV	,0,S
QLDINNKKSVTDSIRDEYAFL	,0,T
EYAFLQKKYPSLANRNGTKYL	,0,S
NRNGTKYLARTLNRLLMHHIR	,0,T
HIRDCLPELKTRINVLAAQYQ	,0,T
RINVLAAQYQSLLNSYGEPVD	,0,S
NSYGEPVDDKSATLLQLITKF	,0,S
TLLQLITKFATEYCNTIEGTA	,0,T
TIEGTAKYIETSELCGGARIC	,0,T
GARICYIFHETFGRTLESVDP	,0,T
ESVDPLGGLNTIDILTAIRNA	,0,T
IDILTAIRNATGPRPALFVPE	,0,T
PRPALFVPEVSFELLVKRQIK	,0,S
KRQIKRLEEPSLRCVELVHEE	,0,S
EEMQRIIQHCSNYSTQELLRF	,0,S
KLHDAIVEVVTCLLRKRLPVT	,0,T
LVAIELAYINTKHPDFADACG	,0,T
RRNRLARELPSAVSRDKSSKV	,0,S
VSRDKSSKVPSALAPASQEPS	,0,S
PASQEPSPAASAEADGKLIQD	,0,S
AEADGKLIQDSRRETKNVASG	,0,S
GGVGDGVQEPTTGNWRGMLKT	,0,T
TGNWRGMLKTSKAEELLAEEK	,0,S
DVPVPVARKLSAREQRDCEVI	,0,S
DCEVIERLIKSYFLIVRKNIQ	,0,S
FLIVRKNIQDSVPKAVMHFLV	,0,S
MHFLVNHVKDTLQSELVGQLY	,0,T
QSELVGQLYKSSLLDDLLTES	,0,S
ADMLKALQGASQIIAEIRETH	,0,S
KTTGEENDPATWKNSRHLSKG	,0,T
DNRRETKNVASAGGGIGDGGR	,0,S
PQLGVLRNGWSSQYPLQSLLT	,0,S
LQSLLTGYQCSGNDEHTSYGE	,0,S
GNDEHTSYGETGVPVPPFGCT	,0,T
VPVPPFGCTFSSAPNMEHVLA	,0,S
NEEGFVRLYNTESQSFRKKCF	,0,T
AWVPGELKLVTAAGDQTAKFW	,0,T
WDVKAGELIGTCKGHQCSLKS	,0,T
HQCSLKSVAFSKFEKAVFCTG	,0,S
GRDGNIMVWDTRCNKKDGFYR	,0,T
DGFYRQVNQISGAHNTSDKQT	,0,S
AHNTSDKQTPSKPKKKQNSKG	,0,S
KKQNSKGLAPSVDFQQSVTVV	,0,S
VTVVLFQDENTLVSAGAVDGI	,0,T
IKVWDLRKNYTAYRQEPIASK	,0,T
AYRQEPIASKSFLYPGSSTRK	,0,S
PGSSTRKLGYSSLILDSTGST	,0,S
STGSTLFANCTDDNIYMFNMT	,0,T
IYMFNMTGLKTSPVAIFNGHQ	,0,T
PVAIFNGHQNSTFYVKSSLSP	,0,S
SLSPDDQFLVSGSSDEAAYIW	,0,S
SDEAAYIWKVSTPWQPPTVLL	,0,S
WQPPTVLLGHSQEVTSVCWCP	,0,S
QEVTSVCWCPSDFTKIATCSD	,0,S
TKIATCSDDNTLKIWRLNRGL	,0,T
LEEKPGGDKLSTVGWASQKKK	,0,S
VGWASQKKKESRPGLVTVTSS	,0,S
PGLVTVTSSQSTPAKAPRAKC	,0,S
AKAPRAKCNPSNSSPSSAACA	,0,S
KARSPINRRGSVSSVSPKPPS	,0,S
VSSVSPKPPSSFKMSIRNWVT	,0,S
KMSIRNWVTRTPSSSPPITPP	,0,T
SSSPPITPPASETKIMSPRKA	,0,S
MSPRKALIPVSQKSSQAEACS	,0,S
KSSQAEACSESRNRVKRRLDS	,0,S
RNRVKRRLDSSCLESVKQKCV	,0,S
LESVKQKCVKSCNCVTELDGQ	,0,S
CCLAGNQEDLSKDSLGPTKSS	,0,S
TKSSKIEGAGTSISEPPSPIS	,0,T
EPPSPISPYASESCGTLPLPL	,0,S
PLPLRPCGEGSEMVGKENSSP	,0,S
MAAKRKAENPSPRSPSSQTPN	,0,S
PRSPSSQTPNSRRQSGKKLPS	,0,S
QSGKKLPSPVTITPSSMRKIC	,0,T
ITPSSMRKICTYFHRKSQEDF	,0,T
PLVNKLQDAFSSIGQSCHLDL	,0,S
RRPLILQLIFSKTEYAEFLHC	,0,S
EFLHCKSKKFTDFDEVRQEIE	,0,T
IEAETDRVTGTNKGISPVPIN	,0,T
SPVPINLRVYSPHVLNLTLID	,0,S
VTPANMDLANSDALKLAKEVD	,0,S
ALAAERKFFLSHPAYRHMADR	,0,S
AYRHMADRMGTPHLQKTLNQQ	,0,T
HLQKTLNQQLTNHIRESLPTL	,0,T
HIRESLPTLRSKLQSQLLSLE	,0,S
EYKNFRPDDPTRKTKALLQMV	,0,T
GVDFEKRIEGSGDQVDTLELS	,0,S
FDEKDLRREISYAIKNIHGVR	,0,S
YAIKNIHGVRTGLFTPDLAFE	,0,T
CVDLVIQELISTVRQCTSKLS	,0,S
TVRQCTSKLSSYPRLREETER	,0,S
RLREETERIVTTYIREREGRT	,0,T
QILLLIDIEQSYINTNHEDFI	,0,S
FIGFANAQQRSTQLNKKRAIP	,0,S
EILVIRRGWLTINNISLMKGG	,0,T
INNISLMKGGSKEYWFVLTAE	,0,S
KEYWFVLTAESLSWYKDEEEK	,0,S
KIRDVEKGFMSNKHVFAIFNT	,0,S
DLRQIELACDSQEDVDSWKAS	,0,S
AENEDGAQENTFSMDPQLERQ	,0,T
MDPQLERQVETIRNLVDSYVA	,0,T
VDSYVAIINKSIRDLMPKTIM	,0,S
KTIMHLMINNTKAFIHHELLA	,0,T
IHHELLAYLYSSADQSSLMEE	,0,S
SADQSSLMEESAEQAQRRDDM	,0,S
KEALNIIGDISTSTVSTPVPP	,0,S
PGRPPAVRGPTPGPPLIPMPV	,0,T
PPLIPMPVGATSSFSAPPIPS	,0,T
QNVFANNDPFSAPPQIPSRPA	,0,S
IPPGIPPGVPSRRAPAAPSRP	,0,S
RRAPAAPSRPTIIRPAEPSLL	,0,T
MAENSVLTSTTGRTSLADSSI	,0,T
TSLADSSIFDSKVTEISKENL	,0,S
EISKENLLIGSTSYVEEEMPQ	,0,S
YVEEEMPQIETRVILVQEAGK	,0,T
KQEELIKALKTIKIMEVPVIK	,0,T
MEVPVIKIKESCPGKSDEKLI	,0,S
PGKSDEKLIKSVINMDIKVGF	,0,S
DIKVGFVKMESVEEFEGLDSP	,0,S
SPEFENVFVVTDFQDSVFNDL	,0,T
VIGPPVVLNCSQKGEPLPFSC	,0,S
LPFSCRPLYCTSMMNLVLCFT	,0,T
RKKEELVRLVTLVHHMGGVIR	,0,T
MGGVIRKDFNSKVTHLVANCT	,0,S
TQGEKFRVAVSLGTPIMKPEW	,0,S
KVPPFQDCILSFLGFSDEEKT	,0,S
DEEKTNMEEMTEMQGGKYLPL	,0,T
KYLPLGDERCTHLVVEENIVK	,0,T
NIVKDLPFEPSKKLYVVKQEW	,0,S
YVVKQEWFWGSIQMDARAGET	,0,S
KETLAQLSRETDVSPFPPRKR	,0,T
VSPFPPRKRPSAEHSLSIGSL	,0,S
SLSIGSLLDISNTPESSINYG	,0,S
QVAKELYQTESNYVNILATII	,0,S
GPILAPEEIKTIFGSIPDIFD	,0,T
GSIPDIFDVHTKIKDDLEDLI	,0,T
LEDLIVNWDESKSIGDIFLKY	,0,S
KSIGDIFLKYSKDLVKTYPPF	,0,S
YPPFVNFFEMSKETIIKCEKQ	,0,S
NQAKPECGRQSLVELLIRPVQ	,0,S
LLIRPVQRLPSVALLLNDLKK	,0,S
ALLLNDLKKHTADENPDKSTL	,0,T
DKSTLEKAIGSLKEVMTHINE	,0,S
MTHINEDKRKTEAQKQIFDVV	,0,T
EVDGCPANLLSSHRSLVQRVE	,0,S
SHRSLVQRVETISLGEHPCDR	,0,T
EHPCDRGEQVTLFLFNDCLEI	,0,T
IARKRHKVIGTFRSPHGQTRP	,0,T
SPHGQTRPPASLKHIHLMPLS	,0,S
QIKKVLDIRETEDCHNAFALL	,0,T
NAFALLVRPPTEQANVLLSFQ	,0,T
QANVLLSFQMTSDELPKENWL	,0,T
LKMLCRHVANTICKADAENLI	,0,T
CKADAENLIYTADPESFEVNT	,0,T
SFEVNTKDMDSTLSRASRAIK	,0,S
MTSHGSVEGRSPSSNDKHVMS	,0,S
SNDKHVMSRLSSTSSLAGIPS	,0,S
TSSLAGIPSPSLVSLPSFFER	,0,S
VSLPSFFERRSHTLSRSTTHL	,0,S
FRLEGVDGGQSPRAGHDGDSD	,0,S
AGHDGDSDGDSDDEEGYFICP	,0,S
DEEGYFICPITDDPSSNQNVN	,0,T
DDPSSNQNVNSKVNKYYSNLT	,0,S
VNKYYSNLTKSERYSSSGSPA	,0,S
RYSSSGSPANSFHFKEAWKHA	,0,S
WAEFHLEDIATERATRHRYNA	,0,T
RATRHRYNAVTGEWLDDEVLI	,0,T
LDDEVLIKMASQPFGRGAMRE	,0,S
GRGAMRECFRTKKLSNFLHAQ	,0,T
FLHAQQWKGASNYVAKRYIEP	,0,S
YIEGKYIKYNSNSGFVRDDNI	,0,S
GFVRDDNIRLTPQAFSHFTFE	,0,T
QAFSHFTFERSGHQLIVVDIQ	,0,S
VDIQGVGDLYTDPQIHTETGT	,0,T
GVRGMALFFYSHACNRICESM	,0,S
ESMGLAPFDLSPRERDAVNQN	,0,S
PPLLRPLSENSGDENMSDVTF	,0,S
DENMSDVTFDSLPSSPSSATP	,0,S
PSSPSSATPHSQKLDHLHWPV	,0,S
KLDHLHWPVFSDLDNMASRDH	,0,S
DHDHLDNHRESENSGDSGYPS	,0,S
DDPEPREHGHSYSNRKYESDE	,0,S
SNRKYESDEDSLGSSGRVCVE	,0,S
VCVEKWNLLNSSRLHLPRASA	,0,S
ALDLEKKIGKSILGKVHLAMV	,0,S
CEKGEEWDQESAVFHLEHAAN	,0,S
EAIVGLGLMYSQLPHHILADV	,0,S
QLPHHILADVSLKETEENKTK	,0,S
LKAAEAGDRQSMILVARAFDS	,0,S
ARAFDSGQNLSPDRCQDWLEA	,0,S
DWLEALHWYNTALEMTDCDEG	,0,T
MLAREAEMLFTGGYGLEKDPQ	,0,T
GYGLEKDPQRSGDLYTQAAEA	,0,S
RQMKNIVHNYSEAEIKVREAT	,0,S
EAEIKVREATSNDPWGPSSSL	,0,S
DPWGPSSSLMSEIADLTYNVV	,0,S
ADLTYNVVAFSEIMSMIWKRL	,0,S
KNWRHVYKAMTLMEYLIKTGS	,0,T
YLIKTGSERVSQQCKENMYAV	,0,S
QCKENMYAVQTLKDFQYVDRD	,0,T
LREERAHALKTKEKLAQTATA	,0,T
KEKLAQTATASSAAVGSGPPP	,0,S
PPEAEQAWPQSSGEEELQLQL	,0,S
ELQLQLALAMSKEEADQPPSC	,0,S
EDDAQLQLALSLSREEHDKEE	,0,S
DLRLQMAIEESKRETGGKEES	,0,S
KRETGGKEESSLMDLADVFTA	,0,S
DVFTAPAPAPTTDPWGGPAPM	,0,T
AADPWGGPAPTPASGDPWRPA	,0,T
AGPSVDPWGGTPAPAAGEGPT	,0,T
GEGPTPDPWGSSDGGVPVSGP	,0,S
GGFDTEPDEFSDFDRLRTALP	,0,S
DFDRLRTALPTSGSSAGELEL	,0,T
ELLAGEVPARSPGAFDMSGVR	,0,S
GAFDMSGVRGSLAEAVGSPPP	,0,S
EAVGSPPPAATPTPTPPTRKT	,0,T
PTPPTRKTPESFLGPNAALVD	,0,S
GPNAALVDLDSLVSRPGPTPP	,0,S
PGPTPPGAKASNPFLPGGGPA	,0,S
NPFLPGGGPATGPSVTNPFQP	,0,T
TNPFQPAPPATLTLNQLRLSP	,0,T
PVPPVPGAPPTYISPLGGGPG	,0,T
GPVCWRKRVKSEYMRLRQLKR	,0,S
KRFRRADEVKSMFSSNRQKIL	,0,S
SSNRQKILERTEILNQEWKQR	,0,T
QRRIQPVHILTSVSSLRGTRE	,0,T
VSSLRGTRECSVTSDLDFPTQ	,0,S
DFPTQVIPLKTLNAVASVPIM	,0,T
NAVASVPIMYSWSPLQQNFMV	,0,S
LQQNFMVEDETVLHNIPYMGD	,0,T
MGDEVLDQDGTFIEELIKNYD	,0,T
DLEDHRDDKESRPPRKFPSDK	,0,S
FPSDKIFEAISSMFPDKGTAE	,0,S
EELKEKYKELTEQQLPGALPP	,0,T
QLPGALPPECTPNIDGPNAKS	,0,T
PNAKSVQREQSLHSFHTLFCR	,0,S
YDCFLHPFHATPNTYKRKNTE	,0,T
PNTYKRKNTETALDNKPCGPQ	,0,T
GRLPNNSSRPSTPTINVLESK	,0,S
PTINVLESKDTDSDREAGTET	,0,T
DKEEEEKKDETSSSSEANSRC	,0,T
SSSEANSRCQTPIKMKPNIEP	,0,T
NIEPPENVEWSGAEASMFRVL	,0,S
EASMFRVLIGTYYDNFCAIAR	,0,T
NFCAIARLIGTKTCRQVYEFR	,0,T
RQVYEFRVKESSIIAPAPAED	,0,S
IAPAPAEDVDTPPRKKKRKHR	,0,T
CRKIQLKKDGSSNHVYNYQPC	,0,S
PCDHPRQPCDSSCPCVIAQNF	,0,S
QNFCEKFCQCSSECQNRFPGC	,0,S
PGCRCKAQCNTKQCPCYLAVR	,0,T
VRECDPDLCLTCGAADHWDSK	,0,T
AADHWDSKNVSCKNCSIQRGS	,0,S
GSKKHLLLAPSDVAGWGIFIK	,0,S
KDPVQKNEFISEYCGEIISQD	,0,S
RGKVYDKYMCSFLFNLNNDFV	,0,S
NLNNDFVVDATRKGNKIRFAN	,0,T
KGNKIRFANHSVNPNCYAKVM	,0,S
IGIFAKRAIQTGEELFFDYRY	,0,T
GEELFFDYRYSQADALKYVGI	,0,S
RLPLPVQNAPSETSEEEPKRS	,0,S
EPKRSPAQQESNQAEASKEVA	,0,S
QAEASKEVAESNSCKFPAGIK	,0,S
PAGIKIINHPTMPNTQVVAIP	,0,T
VAIPNNANIHSIITALTAKGK	,0,S
ITALTAKGKESGSSGPNKFIL	,0,S
SSGPNKFILISCGGAPTQPPG	,0,S
PTQPPGLRPQTQTSYDAKRTE	,0,T
TSYDAKRTEVTLETLGPKPAA	,0,T
PGALCEQKRETCADGEAAGCT	,0,T
GEAAGCTINNSLSNIQWLRKM	,0,S
LSNIQWLRKMSSDGLGSRSIK	,0,S
EQRQVKVEEPSRPSASWQNSV	,0,S
RPSASWQNSVSERPPYSYMAM	,0,S
YMAMIQFAINSTERKRMTLKD	,0,S
RKRMTLKDIYTWIEDHFPYFK	,0,T
KHIAKPGWKNSIRHNLSLHDM	,0,S
LSLHDMFVRETSANGKVSFWT	,0,T
GKVSFWTIHPSANRYLTLDQV	,0,S
DQVFKPLDPGSPQLPEHLESQ	,0,S
RPNPELRRNMTIKTELPLGAR	,0,T
RKMKPLLPRVSSYLVPIQFPV	,0,S
LVPIQFPVNQSLVLQPSVKVP	,0,S
SVKVPLPLAASLMSSELARHS	,0,S
LLAEEGIAPLSSAGPGKEEKL	,0,S
EEKLLFGEGFSPLLPVQTIKE	,0,S
PHLARPIKVESPPLEEWPSPA	,0,S
PLEEWPSPAPSFKEESSHSWE	,0,S
KEESSHSWEDSSQSPTPRPKK	,0,S
SQSPTPRPKKSYSGLRSPTRC	,0,S
SGLRSPTRCVSEMLVIQHRER	,0,S
VIQHRERRERSRSRRKQHLLP	,0,S
PCVDEPELLFSEGPSTSRWAA	,0,S
WAAELPFPADSSDPASQLSYS	,0,S
PPAKVGGLDFSPVQTSQGASD	,0,S
LPDPLGLMDLSTTPLQSAPPL	,0,S
TPLQSAPPLESPQRLLSSEPL	,0,S
PQVSGLAANRSLTEGLVLDTM	,0,S
EGLVLDTMNDSLSKILLDISF	,0,S
PDFEPLPRPRSCTWPLPRPEF	,0,S
CTWPLPRPEFSQSNSATSSPA	,0,S
SNSATSSPAPSGSAAANPDAA	,0,S
ANPDAAAGLPSASAAAVSADF	,0,S
SAAAVSADFMSNLSLLEESED	,0,S
ESEDFPQAPGSVAAAVAAAAA	,0,S
AVAAAAAAAATGGLCGDFQGP	,0,T
PPQPPPPGPLSQHPPVPPAAA	,0,S
AGPLAGQPRKSSSSRRNAWGN	,0,S
SSRRNAWGNLSYADLITKAIE	,0,S
YADLITKAIESSAEKRLTLSQ	,0,S
LSQIYEWMVKSVPYFKDKGDS	,0,S
PYFKDKGDSNSSAGWKNSIRH	,0,S
NSIRHNLSLHSKFIRVQNEGT	,0,S
SRSRAAKKKASLQSGQEGAGD	,0,S
LQSGQEGAGDSPGSQFSKWPA	,0,S
PGSQFSKWPASPGSHSNDDFD	,0,S
SHSNDDFDNWSTFRPRTSSNA	,0,S
TFRPRTSSNASTISGRLSPIM	,0,S
TISGRLSPIMTEQDDLGEGDV	,0,T
QDDLGEGDVHSMVYPPSAAKM	,0,S
VYPPSAAKMASTLPSLSEISN	,0,S
ENLLDNLNLLSSPTSLTVSTQ	,0,S
SPTSLTVSTQSSPGTMMQQTP	,0,S
GTMMQQTPCYSFAPPNTSLNS	,0,S
APPNTSLNSPSPNYQKYTYGQ	,0,S
PNYQKYTYGQSSMSPLPQMPI	,0,S
MSPLPQMPIQTLQDNKSSYGG	,0,T
QDNKSSYGGMSQYNCAPGLLK	,0,S
CAPGLLKELLTSDSPPHNDIM	,0,T
SDSPPHNDIMTPVDPGVAQPN	,0,T
PVDPGVAQPNSRVLGQNVMMG	,0,S
LGQNVMMGPNSVMSTYGSQAS	,0,S
QASHNKMMNPSSHTHPGHAQQ	,0,S
SHTHPGHAQQTSAVNGRPLPH	,0,T
SAVNGRPLPHTVSTMPHTSGM	,0,T
MPHTSGMNRLTQVKTPVQVPL	,0,T
QVPLPHPMQMSALGGYSSVSS	,0,S
MGLLHQEKLPSDLDGMFIERL	,0,S
FIERLDCDMESIIRNDLMDGD	,0,S
IIRNDLMDGDTLDFNFDNVLP	,0,T
FNFDNVLPNQSFPHSVKTTTH	,0,S
SQQDSGFFEISIKYLLKSWSN	,0,S
KYLLKSWSNASPVGNGYIKPP	,0,S
GYIKPPVPPASGTHREKGPPA	,0,S
AMLPINVDPDSKPGEYVLKSL	,0,S
YVLKSLFVNFTTQAERKIRII	,0,T
IMAEPLEKPLTKSLQRGEDPQ	,0,T
GEDPQFDQVISSMSSLSEYCL	,0,S
MSSLSEYCLPSILRTLFDWYK	,0,S
YKRQNGIEDESHEYRPRTSNK	,0,S
HEYRPRTSNKSKSDEQQRDYL	,0,S
RRDLAIDFIFSLVLIEVLKQI	,0,S
KQIPLHPVIDSLIHDIINLAF	,0,S
KYKEGYLGPNTGNMHIVADLY	,0,T
ELKELRHKEQSPYVVQSIISL	,0,S
KMYPVEDFEASLQFMQECAHY	,0,S
NVPCLRNFVESLYDTTLELSS	,0,S
TLELSSRKKHSLALYPLVTCL	,0,S
YPLVTCLLCVSQKQLFLNRWH	,0,S
RWHVFLNNCLSNLKNKDPKMA	,0,S
DPKMARVALESLYRLLWVYMI	,0,S
WVYMIRIKCESNTATQSRLIT	,0,S
TATQSRLITITTTLFPKGSRG	,0,T
LCVGKPAKAFSLNPERMNIGL	,0,S
GLRAFLVIADSLQQKDGEPPM	,0,S
QKDGEPPMPVTGAVLPSGNTL	,0,T
PSGNTLRVKKTYLSKTLTEEE	,0,T
TEEEAKMIGMSLYYSQVRKAV	,0,S
DKEVGRCMMLTNVQMLNKEPE	,0,T
MLNKEPEDMITGERKPKIDLF	,0,T
ERKPKIDLFRTCVAAIPRLLP	,0,T
AIPRLLPDGMSKLELIDLLAR	,0,S
LELIDLLARLSIHMDDELRHI	,0,S
DDELRHIAQNSLQGLLVDFSD	,0,S
DWREDVLFGFTNFLLREVNDM	,0,T
LLREVNDMHHTLLDSSLKLLL	,0,T
SSLKLLLQLLTQWKLVIQTQG	,0,T
AYEQANKIRNSELIPNGSSHR	,0,S
IPNGSSHRMQSERGPHCSVLH	,0,S
VEGFALVLLCSFQVATRKLSV	,0,S
RPMIDVMDQLSSSILESFIHV	,0,S
ILESFIHVAVSDSATLPPTHN	,0,S
LVEWNAVLVNSHYDVKSPSHV	,0,S
SPSHVWIFAQSVKDPWVLCLF	,0,S
VKDPWVLCLFSFLRQENLPKH	,0,S
RQENLPKHCPTALSYAWPYAF	,0,T
ALSYAWPYAFTRLQSVMPLVD	,0,T
QSVMPLVDPNSPVNAKKTSTA	,0,S
PVNAKKTSTASSGDNYVTLWR	,0,S
LILCFGVAKPSIMSPGHLRAS	,0,S
IMSPGHLRASTPEIMATTPDG	,0,T
PEIMATTPDGTVSYDNKAIGT	,0,T
SYDNKAIGTPSVGVLLKQLVP	,0,S
KQLVPLMRLESIEITESLVLG	,0,S
TESLVLGFGRTNSLVFRELVE	,0,T
FELLADAGVISDSTNGALERD	,0,S
DSTNGALERDTLALGALFLEY	,0,T
GALFLEYVDLTRMLLEAENDK	,0,T
EILKDIRAHFSAMVANLIQCV	,0,S
HHRRFLFPQQSLRHHLFILFS	,0,S
ILFSQWAGPFSIMFTPLDRYS	,0,S
DRYSDRNHQITRYQYCALKAM	,0,T
RYQYCALKAMSAVLCCGPVFD	,0,S
CGPVFDNVGLSPDGYLYKWLD	,0,S
LFNWAIDRCYTGSYQLASGCF	,0,T
LASGCFKAIATVCGNRNYPFD	,0,T
GNRNYPFDIVTLLNLVLFKAS	,0,T
LNLVLFKASDTNREIYEVSMQ	,0,T
QILEAKLFVHSKKVAEQRPGS	,0,S
EQRPGSILYGTHGPLPPLYSV	,0,T
HGPLPPLYSVSLALLSCELAR	,0,S
CELARMYPELTLPLFSEVSQR	,0,T
LFSEVSQRFPTTHPNGRQIML	,0,T
THPNGRQIMLTYLLPWLHNIE	,0,T
PWLHNIELVDSRLLLPGSSPS	,0,S
RLLLPGSSPSSPEDEVKDREG	,0,S
DEVKDREGEVTASHGLKGNGW	,0,T
SHGLKGNGWGSPEATSLVLNN	,0,S
SLVLNNLMYMTAKYGDEVPGA	,0,T
WNALANNEKWSNNLRVTLQFL	,0,S
NLRVTLQFLISLCGVSSDTIL	,0,S
ILLPYIKKVATYLCRNNTIQT	,0,T
HCDNPPFYRFTASSKASAAAS	,0,T
SSKASAAASGTTSSSNTVVAG	,0,T
SSNTVVAGQDSFPDPEESKIL	,0,S
DPEESKILKESDDRFSNVIRA	,0,S
DRFSNVIRAHTRLESRYSNSS	,0,T
ESRYSNSSGGSYDEDKNDPIS	,0,S
EDKNDPISPYTGWLLSITEAK	,0,T
KQPQPLPMPCSGGCWAPLVDY	,0,S
WAPLVDYLPETITPRGPLHRC	,0,T
HRCNIAVIFMTEMVVDHSVRE	,0,T
DHYRPEVFEHSKKLLLHLLIA	,0,S
KLLLHLLIALSCNSNFHAIAS	,0,S
FHAIASVLLQTREMGEAKTLT	,0,T
QPAYQPEYLYTGGFDFLREDQ	,0,T
GGFDFLREDQSSPVPDSGLNS	,0,S
SPVPDSGLNSSSTSSSISLGG	,0,S
STSSSISLGGSSGNLPQMTQE	,0,S
TQEVEDVEAATETDEKASKLI	,0,T
EKASKLIEFLTTRAFGPLWCH	,0,T
FGPLWCHEDITPKNQNSKSAE	,0,T
NQNSKSAEQLSNFLRHVVSVF	,0,S
LRHVVSVFKDSRSGFHLEQHL	,0,S
RSGFHLEQHLSEVALQTALAS	,0,S
EVALQTALASSSRHYAGRSFQ	,0,S
QIFRALKQPLSAHALSDLLSR	,0,S
IQGYVMEALLTLEAAVDNLSD	,0,T
VDNLSDCLKNSDLFTVLSRSS	,0,S
DLFTVLSRSSSPDLSSSSKLT	,0,S
DLSSSSKLTASRKSTGQLNVN	,0,S
STGQLNVNPGTPGSGGGGGGS	,0,T
SGGGGGGSGNTTTAERSRHQR	,0,T
TTAERSRHQRSFSVPKKFGVV	,0,S
VPKKFGVVDRSSDPPRSATLD	,0,S
SATLDRIQACTQQGLSSKTRS	,0,T
QGLSSKTRSNSSLKESLTDPS	,0,S
KESLTDPSHVSHPTNLLATIF	,0,S
TNLLATIFWVTVALMESDFEF	,0,T
GLQQLLLKGFTSLTTTDLTLQ	,0,T
TTTDLTLQLFSLLTSVSKVPM	,0,S
TSVSKVPMVDSSQAIGFPLNV	,0,S
VCLEEKNPKLSNLAHVMTLYK	,0,S
NLAHVMTLYKTHSYTRDCATW	,0,T
RYLHEAYADITLNMVTYLAEL	,0,T
LAELLEKGLPSMQQPLLQVIY	,0,S
MQQPLLQVIYSLLSYMDLSVV	,0,S
VKQFNMEVLKTIEKYVQSIHW	,0,T
EALNILKLVVSRSASLVLPSY	,0,S
ASLVLPSYQHSDLSKIELHRV	,0,S
LSKIELHRVWTSASKELPGKT	,0,T
GKTLDFHFDISETPIIGRRYD	,0,S
IGRRYDELQNSSGRDGKPRAM	,0,S
RDGKPRAMAVTRSASSTSSGS	,0,T
SASSTSSGSNSNVLVPVSWKR	,0,S
VPVSWKRPQYSQKRTKEKLVH	,0,S
RTKEKLVHVLSLCGQEVGLSK	,0,S
GQEVGLSKNPSVIFSSCGDLD	,0,S
CGDLDLPEHQTSLVSSEDGPR	,0,T
GPREQENMDDTNSEQQFRVFR	,0,T
DVELEDGEGESMDNFNWGVRR	,0,S
DNFNWGVRRRSLDSLDKCDMQ	,0,S
DSDESSEEDLTASQILEHSDL	,0,T
LEHSDLIMNLSPSEEANPMEL	,0,S
SEEANPMELLTSACDSAPADP	,0,T
ACDSAPADPHSFNTRMANFEA	,0,S
FNTRMANFEASLPDINNLQIS	,0,S
DINNLQISEGSKAEAVPEEED	,0,S
KAEAVPEEEDTTVHEDDLSSS	,0,T
INELPAAFECSDSFSLDMTEA	,0,S
EKGNRGLDQYTLASFGEGDRG	,0,T
ASFGEGDRGVSPPPSPFFSAI	,0,S
ACDDAEEAWRSHINQLMCDSD	,0,S
INQLMCDSDGSCAVYTFHVFS	,0,S
CAVYTFHVFSSLFKNIQKRFC	,0,S
KNIQKRFCFLTCDAASYLGDN	,0,T
YLGDNLRGIGSKFVSSSQMLT	,0,S
KFVSSSQMLTSCSECPTLFVD	,0,S
ECPTLFVDAETLLSCGLLDKL	,0,T
SCGLLDKLKFSVLELQEYLDT	,0,S
LDTYNNRKEATLSWLANCKAT	,0,T
ANCKATFAGGSRDGVITCQPG	,0,S
DGVITCQPGDSEEKQLELCQR	,0,S
LHFQLLLLYQSYCKLIGQVHE	,0,S
CKLIGQVHEVSSVPELLNMSR	,0,S
PELLNMSRELSDLKRNLKEAT	,0,S
NLKEATAAIATDPLYIEGAWS	,0,T
LYIEGAWSEPTFTSTEAAIQS	,0,T
KALRQIKECRSLWPNDIFGSS	,0,S
LWPNDIFGSSSDDEVQTLLNI	,0,S
TLLNIYFRHQTLGQTGTYALV	,0,T
GQTGTYALVGSNHSLTEICTK	,0,S
IRRAQNYRVLTAFLPDSSVSG	,0,T
PRFPPPRPGMSEETRQSKLAA	,0,S
KIKNGHSPERTSASDCQSAEN	,0,T
SDCQSAENVPTDHTAPAPPST	,0,T
APAPPSTAAATMFLGVVPSPD	,0,T
VPSPDADLIQSHDAGNCSNLL	,0,S
AGNCSNLLEETKTFSSTESLR	,0,T
FSSTESLRQLSQQLNGLVSES	,0,S
QQLNGLVSESTSYINGEGLTS	,0,T
SYINGEGLTSSNMKELESRYQ	,0,S
RYQELAVALDSSYVTNKQLSS	,0,S
SYVTNKQLSSTIEELKQQNQD	,0,T
IEELKQQNQDTLDQLEKEKKD	,0,T
LREQLQVHIQTIGILVSEKAE	,0,T
ILVSEKAELQTALAHTQQAAR	,0,T
QQAARQKAGESEDLASRLQSS	,0,S
SRQRVGELERTLSTVSTQQKQ	,0,T
KQADRYNKDLTKERDALKLEL	,0,T
LKLELYKNGKSNEDLRQQNSE	,0,S
AEELQKKLEMSELLLQQFSSQ	,0,S
ELLLQQFSSQSEASGSNEQLQ	,0,S
QAMEERAQLESHVGQLMESLK	,0,S
DQYAENLKGESAMWQQRVQQM	,0,S
ALKEEKEQRESQVQELEASLA	,0,S
ELEASLAELRSQMEEPPPPEP	,0,S
MEEPPPPEPPTGPSEAEERLQ	,0,T
EQLQKELEGLTGQLRAQVQDN	,0,T
QLRAQVQDNESLSHLNREQEG	,0,S
LELEREAQHWSEQAEERKQIL	,0,S
QAEERKQILESMQSDRTTISR	,0,S
SDRTTISRALSQNRELKEQLA	,0,S
AELQNGFVRLTNENMEITSAL	,0,T
ENMEITSALQSEQHVKKELAR	,0,S
LQERLGELKETVELKSQEAQG	,0,T
GLQEQRDQCLSHLQQYAAAYQ	,0,S
QYAAAYQQHLTAYEQLTSEKE	,0,T
EALHKQLLLQTQLMDQLQHEE	,0,T
LQEAQERLKASSQENQQLQAQ	,0,S
QENQQLQAQLSLLVLPGEDMD	,0,S
EEQDEEVPQPSLTIPEDLVSR	,0,S
QLREQKARCRSLAHLAAPVQS	,0,S
EAVVPRDMGDSVSEESNQALH	,0,S
ALHVAMEKLQSRFLEVMQEKV	,0,S
EELEHCCIQLSGETDTIGEYI	,0,S
ARHLEKEEYISRLAQDKEEMK	,0,S
NEWQGKFLAVSQNPADVPAPV	,0,S
NPADVPAPVPTGSQEFGAADQ	,0,T
ADQQGDLREVSLADDTEPAQG	,0,S
AGVPAPQENPTAQQIMQLLRE	,0,T
QNPQERPGLGSNPCIPFFYRA	,0,S
IVAETSQNGDTSLCSEKKFTV	,0,T
EKKFTVPQPPSIEEFGIVKPI	,0,S
IEEFGIVKPISRGAFGKVYLA	,0,S
KVYLARRKNNSKLFAVKVVKK	,0,S
VQAERDALALSKSPFIVHLYY	,0,S
KSPFIVHLYYSLQSANNIYLV	,0,S
MEYLIGGDVKSLLHIYGYFDE	,0,S
FDEEMAVKYISEVAMALDYLH	,0,S
RDLKPDNMLISNKGHIKLTDF	,0,S
GHIKLTDFGLSKVTLKRELCM	,0,S
KRELCMMDILTTPSMAKPKRD	,0,T
NKLMISCPEASLSSPSIPVKC	,0,S
SSPSIPVKCLTPNLLKCRTQF	,0,T
NLLKCRTQFATSSTSSQSRIC	,0,T
STSSQSRICLSSLESECGSPR	,0,S
ECGSPRWENCSQDAEAPPYFN	,0,S
QDAEAPPYFNSSRVKDSSSEQ	,0,S
VKDSSSEQARSKKPTGSSASQ	,0,S
AGFQDETGELSDTPLATLNAK	,0,S
AQEKPKDFDKTGQGELGKFTS	,0,T
GQGELGKFTSSPDSPPWLANG	,0,S
PDSPPWLANGSVAPIQFNDEE	,0,S
NTDYKRGCAITDYPVSQSTGL	,0,T
DYPVSQSTGLTMEINSLFLSE	,0,T
NSLFLSELRNSANKYASDRKS	,0,S
SDRKSEDKYISAPRTLEKLDS	,0,S
DDNCERDGEVSSTSEGEDRKE	,0,S
EDRKERLNQDSSSTGMSVTEN	,0,S
VTENQIDRDLSHVDKSIKELS	,0,S
KSIKELSFEESQSENSEEITP	,0,S
SMNSADKIHFSLECTGSFPMA	,0,S
ECTGSFPMAVTPAQNKVQGLI	,0,T
AQNKVQGLIETPYRTPKSVRR	,0,T
ALGVCLFEFLTGIPPFNDETP	,0,T
GIPPFNDETPSQVFQNILNRD	,0,S
PWPEEEEEVLSVNAQSAIEIL	,0,S
NAQSAIEILLTIDPTKRAGLK	,0,T
EWEELQYQPMSFIPQPDDETD	,0,S
FIPQPDDETDTTYFEARNNAQ	,0,T
MSFTTRSTFSTNYRSLGSVQA	,0,T
RSTSFRGGMGSGGLATGIAGG	,0,S
GMGGIQNEKETMQSLNDRLAS	,0,T
RLASYLDRVRSLETENRRLES	,0,S
EKKGPQVRDWSHYFKIIEDLR	,0,S
EDLRAQIFANTVDNARIVLQI	,0,T
AADDFRVKYETELAMRQSVEN	,0,T
IHGLRKVIDDTNITRLQLETE	,0,T
EVKGLQAQIASSGLTVEVDAP	,0,S
GLTVEVDAPKSQDLAKIMADI	,0,S
KNREELDKYWSQQIEESTTVV	,0,S
QQIEESTTVVTTQSAEVGAAE	,0,T
TQSAEVGAAETTLTELRRTVQ	,0,T
TLTELRRTVQSLEIDLDSMRN	,0,S
DLDSMRNLKASLENSLREVEA	,0,S
QLNGILLHLESELAQTRAEGQ	,0,S
IKVKLEAEIATYRRLLEDGED	,0,T
EDFNLGDALDSSNSMQTIQKT	,0,S
SNSMQTIQKTTTRRIVDGKVV	,0,T
TRRIVDGKVVSETNDTKVLRH	,0,S
EDEWPLAEILSVKDISGRKLF	,0,S
DFNKRLDEWVTHERLDLKKIQ	,0,T
GKTLPIPVQITLRFNLPKERE	,0,T
IPGGEPDQPLSSSSCLQPNHR	,0,S
SSSCLQPNHRSTKRKVEVVSP	,0,S
KRKVEVVSPATPVPSETAPAS	,0,T
VAAQPGRKRKSNCLGTDEDSQ	,0,S
CLGTDEDSQDSSDGIPSAPRM	,0,S
SDGIPSAPRMTGSLVSDRSHD	,0,T
VSDRSHDDIVTRMKNIECIEL	,0,T
GRHRLKPWYFSPYPQELTTLP	,0,S
LCEFCLKYGRSLKCLQRHLTK	,0,S
PPGNEIYRKGTISFFEIDGRK	,0,T
FFEIDGRKNKSYSQNLCLLAK	,0,S
LLAKCFLDHKTLYYDTDPFLF	,0,T
DTDPFLFYVMTEYDCKGFHIV	,0,T
CKGFHIVGYFSKEKESTEDYN	,0,S
TEDYNVACILTLPPYQRRGYG	,0,T
RGYGKLLIEFSYELSKVEGKT	,0,S
ELSKVEGKTGTPEKPLSDLGL	,0,T
EKPLSDLGLLSYRSYWSQTIL	,0,S
TILEILMGLKSESGERPQITI	,0,S
ERPQITINEISEITSIKKEDV	,0,S
ITSIKKEDVISTLQYLNLINY	,0,S
INYYKGQYILTLSEDIVDGHE	,0,T
AMLKRLLRIDSKCLHFTPKDW	,0,S
MPRRKRNAGSSSDGTEDSDFS	,0,S
SDGTEDSDFSTDLEHTDSSES	,0,T
EHTDSSESDGTSRRSARVTRS	,0,T
SRRSARVTRSSARLSQSSQDS	,0,S
ARLSQSSQDSSPVRNLQSFGT	,0,S
GSETEQVVDFSDRETKNTADH	,0,S
ETKNTADHDESPPRTPTGNAP	,0,S
PPRTPTGNAPSSESDIDISSP	,0,S
SDIDISSPNVSHDESIAKDMS	,0,S
SIAKDMSLKDSGSDLSHRPKR	,0,S
HRPKRRRFHESYNFNMKCPTP	,0,S
NMKCPTPGCNSLGHLTGKHER	,0,S
HLTGKHERHFSISGCPLYHNL	,0,S
ISGCPLYHNLSADECKVRAQS	,0,S
RDKQIEERMLSHRQDDNNRHA	,0,S
HRQDDNNRHATRHQAPTERQL	,0,T
KVAELRKKRNSGLSKEQKEKY	,0,S
QKEKYMEHRQTYGNTREPLLE	,0,T
NTREPLLENLTSEYDLDLFRR	,0,T
DLFRRAQARASEDLEKLRLQG	,0,S
LEKLRLQGQITEGSNMIKTIA	,0,T
TIAFGRYELDTWYHSPYPEEY	,0,T
LFYVMTEADNTGCHLIGYFSK	,0,T
LIGYFSKEKNSFLNYNVSCIL	,0,S
YLHNFQGKEISIKEISQETAV	,0,S
ETAVNPVDIVSTLQALQMLKY	,0,S
DEWIAKEAKRSNSNKTMDPSC	,0,S
RPFNQLERKASSHSVLECDSQ	,0,S
DSQRKEVYVRTGEVNDKLGKK	,0,T
GEVNDKLGKKTYTFDMVFGPA	,0,T
PAAKQIEVYRSVVCPILDEVI	,0,S
LDEVIMGYNCTIFAYGQTGTG	,0,T
FAYGQTGTGKTFTMEGERSSD	,0,T
EGERSSDEEFTWEQDPLAGII	,0,T
QDPLAGIIPRTLHQIFEKLSE	,0,T
QIFEKLSENGTEFSVKVSLLE	,0,T
IYNEELFDLLSPSPDVGERLQ	,0,S
GVIIKGLEEISVHNKDEVYHI	,0,S
ILERGAARRKTASTLMNAYSS	,0,T
STLMNAYSSRSHSVFSVTIHM	,0,S
VFSVTIHMKETTVDGEELVKI	,0,T
GKLNLVDLAGSENIGRSGAVD	,0,S
RAREAGNINQSLLTLGRVITA	,0,S
GRVITALVERTPHIPYRESKL	,0,T
PHIPYRESKLTRILQDSLGGR	,0,T
RILQDSLGGRTKTSIIATVSP	,0,T
TSIIATVSPASINLEETVSTL	,0,S
STLDYANRAKSIMNKPEVNQK	,0,S
MNKPEVNQKLTKKALIKEYTE	,0,T
AAREKNGVYLSSENYEQLQGK	,0,S
NYEQLQGKVLSQEEMITEYTE	,0,S
EMITEYTEKITAMEEELKSIS	,0,T
ADNKKELEECTTILQCKEKEL	,0,T
LQCKEKELEETQNHLQESKEQ	,0,T
QESKEQLAQESFVVSAFETTE	,0,S
FETTEKKLHGTANKLLSTVRE	,0,T
ANKLLSTVRETTRDVSGLHEK	,0,T
NFAEQMDRRFSVIQRTVDDYS	,0,S
VKQQGMLDFYTNSIDDLLGAS	,0,T
NSIDDLLGASSSRLSATASAV	,0,S
LSATASAVAKSFASVQETVTK	,0,S
SVQETVTKQVSHSVEEILKQE	,0,S
HSVEEILKQETLSSQAKGDLQ	,0,T
DLQQLMAAHRTGLEEALRSDL	,0,T
ALRSDLLPVVTAVLDLNSHLS	,0,T
NFLIVADKIDSHKEDMNSFFT	,0,S
EDMNSFFTEHSRSLHKLRLDS	,0,S
RSLHKLRLDSSSALSSIQSEY	,0,S
ALSSIQSEYESLKEDIATAQS	,0,S
EDIATAQSMHSEGVNNLISSL	,0,S
QNQLNLLGMETQQQFSGFLSK	,0,T
FLSKGGKLQKSVGSLQQDLDL	,0,S
GSLQQDLDLVSSEAIECISSH	,0,S
SSHHKKLAEQSQDVAVEIRQL	,0,S
VAVEIRQLAGSNMSTLEESSK	,0,S
EESSKQCEKLTSSINTISQES	,0,T
ISQESQQWCESAGQKIDSVLE	,0,S
VLEEQVCYLHSSKKHLQNLHK	,0,S
LQNLHKGVEDSCGSSVVEITD	,0,S
AQRQAEEKALTSLVEQVRDDQ	,0,T
QRLELQEQVQSGLNKVHSYLK	,0,S
FRQQQQEYLESISSVISEAVE	,0,S
EAVEPPVEQDSLEDEPPVAVN	,0,S
EDEPPVAVNDSVISERSCIDL	,0,S
VISERSCIDLSMTCQEKGGIR	,0,S
NRGNTTLLERSKIMDEVDQAL	,0,S
KIMDEVDQALTKSKLPLRMQN	,0,T
EIERLKRELATAREKNGVYLS	,0,T
DRKRAVEQHNSQVHENFAEQI	,0,S
SVIQQTVDEYSVKQQGMLDFY	,0,S
LNSHLSHCLQSFLGVADKIDS	,0,S
DAIECISSHHSKFTEQSQAVT	,0,S
NFNQEGVPRPSYVFSADPIAR	,0,S
VFSADPIARPSEINFDGIKLD	,0,S
INFDGIKLDLSHEFSLVAPNT	,0,S
SLVAPNTEANSFESKDYLQVC	,0,S
LQVCLRIRPFTQSEKELESEG	,0,T
ESEGCVHILDSQTVVLKEPQC	,0,S
KEPQCILGRLSEKSSGQMAQK	,0,S
KSSGQMAQKFSFSKVFGPATT	,0,S
QPVKDLLKGQSRLIFTYGLTN	,0,S
RLIFTYGLTNSGKTYTFQGTE	,0,S
TEENIGILPRTLNVLFDSLQE	,0,T
LFDSLQERLYTKMNLKPHRSR	,0,T
PHRSREYLRLSSEQEKEEIAS	,0,S
EQEKEEIASKSALLRQIKEVT	,0,S
QIKEVTVHNDSDDTLYGSLTN	,0,S
DDTLYGSLTNSLNISEFEESI	,0,S
YEQANLNMANSIKFSVWVSFF	,0,S
EYIYDLFVPVSSKFQKRKMLR	,0,S
KFQKRKMLRLSQDVKGYSFIK	,0,S
FIKDLQWIQVSDSKEAYRLLK	,0,S
RLLKLGIKHQSVAFTKLNNAS	,0,S
KLNNASSRSHSIFTVKILQIE	,0,S
FTVKILQIEDSEMSRVIRVSE	,0,S
MSRVIRVSELSLCDLAGSERT	,0,S
DLAGSERTMKTQNEGERLRET	,0,T
LGKCINVLKNSEKSKFQQHVP	,0,S
KFQQHVPFRESKLTHYFQSFF	,0,S
KGKICMIVNISQCYLAYDETL	,0,S
YDETLNVLKFSAIAQKVCVPD	,0,S
AIAQKVCVPDTLNSSQEKLFG	,0,T
SQEKLFGPVKSSQDVSLDSNS	,0,S
QDVSLDSNSNSKILNVKRATI	,0,S
KILNVKRATISWENSLEDLME	,0,S
LVEELENAEETQNVETKLLDE	,0,T
TKLLDEDLDKTLEENKAFISH	,0,T
KLINEKKEKLTLEFKIREEVT	,0,T
KIREEVTQEFTQYWAQREADF	,0,T
WAQREADFKETLLQEREILEE	,0,T
IFKDLVGKCDTREEAAKDICA	,0,T
REEAAKDICATKVETEETHNY	,0,T
NYVGFEDIIDSLQDNVADIKK	,0,S
QAEIAHLYIASLPDPQEATAC	,0,S
FNQIKAELAKTKGELIKTKEE	,0,T
KEELKKRENESDSLIQELETS	,0,S
ELETSNKKIITQNQRIKELIN	,0,T
LINIIDQKEDTINEFQNLKSH	,0,T
FQNLKSHMENTFKCNDKADTS	,0,T
FKCNDKADTSSLIINNKLICN	,0,S
IINNKLICNETVEVPKDSKSK	,0,T
VPKDSKSKICSERKRVNENEL	,0,S
QQDEPPAKKGSIHVSSAITED	,0,S
SSAITEDQKKSEEVRPNIAEI	,0,S
NNEGLRAFLLTIENELKNEKE	,0,T
KQIVHFQQELSLSEKKNLTLS	,0,S
TLSKEVQQIQSNYDIAIAELH	,0,S
IAIAELHVQKSKNQEQEEKIM	,0,S
QEQEEKIMKLSNEIETATRSI	,0,S
NEIETATRSITNNVSQIKLMH	,0,T
NNVSQIKLMHTKIDELRTLDS	,0,T
IDELRTLDSVSQISNIDLLNL	,0,S
NIDLLNLRDLSNGSEEDNLPN	,0,S
NGSEEDNLPNTQLDLLGNDYL	,0,T
LDLLGNDYLVSKQVKEYRIQE	,0,S
YRIQEPNRENSFHSSIEAIWE	,0,S
WEECKEIVKASSKKSHQIEEL	,0,S
LKEELQEKNVTLDVQIQHVVE	,0,T
QHVVEGKRALSELTQGVTCYK	,0,S
CYKAKIKELETILETQKVECS	,0,T
LETQKVECSHSAKLEQDILEK	,0,S
KLEQDILEKESIILKLERNLK	,0,S
LKEFQEHLQDSVKNTKDLNVK	,0,S
VKELKLKEEITQLTNNLQDMK	,0,T
LLQLKEEEEETNRQETEKLKE	,0,T
QETEKLKEELSASSARTQNLK	,0,S
EDYADLKEKLTDAKKQIKQVQ	,0,T
KQIKQVQKEVSVMRDEDKLLR	,0,S
NELEKKKNQCSQELDMKQRTI	,0,S
KEKIIEDMRMTLEEQEQTQVE	,0,T
AKLEEVERLATELEKWKEKCN	,0,T
KWKEKCNDLETKNNQRSNKEH	,0,T
QRSNKEHENNTDVLGKLTNLQ	,0,T
LTNLQDELQESEQKYNADRKK	,0,S
KWLEEKMMLITQAKEAENIRN	,0,T
FKQQNEMEILTAQLTEKDSDL	,0,T
ALEIQLKALISSNVQKDNEIE	,0,S
NEIEQLKRIISETSKIETQIM	,0,S
QIMDIKPKRISSADPDKLQTE	,0,S
DPDKLQTEPLSTSFEISRNKI	,0,S
EISRNKIEDGSVVLDSCEVST	,0,S
SCEVSTENDQSTRFPKPELEI	,0,S
LVKCENKKNATPRTNLKFPIS	,0,T
LKFPISDDRNSSVKKEQKVAI	,0,S
KKEQKVAIRPSSKKTYSLRSQ	,0,S
KKTYSLRSQASIIGVNLATKK	,0,S
VNLATKKKEGTLQKFGDFLQH	,0,T
LQKFGDFLQHSPSILQSKAKK	,0,S
LQSKAKKIIETMSSSKLSNVE	,0,T
SSSKLSNVEASKENVSQPKRA	,0,S
QPKRAKRKLYTSEISSPIDIS	,0,T
VILMDQKMKESDHQIIKRRLR	,0,S
FDGKVYYIDHTNRTTSWIDPR	,0,T
TSWIDPRDRYTKPLTFADCIS	,0,T
QVGDYFIDHNTKTTQIEDPRV	,0,T
DYLVVAQEALSAQKEIYQVKQ	,0,S
LHAVWEHKLGSQVSLVSGSSS	,0,S
QVSLVSGSSSSSKYDPEILKA	,0,S
DPEILKAEIATAKSRVNKLKR	,0,T
ELQFKERGFQTLKKIDKKMSD	,0,T
IDKKMSDAQGSYKLDEAQAVL	,0,S
LDEAQAVLRETKAIKKAITCG	,0,T
GEKEKQDLIKSLAMLKDGFRT	,0,S
LKDGFRTDRGSHSDLWSSSSS	,0,S
DLWSSSSSLESSSFPLPKQYL	,0,S
FPLPKQYLDVSSQTDISGSFG	,0,S
TDISGSFGINSNNQLAEKVRL	,0,S
NLKIQLAKLDSEAWPGVLDSE	,0,S
EELLKEMRFISPRKWTQGEVE	,0,S
LEKDLQAARDTQSKALTERLK	,0,T
KALTERLKLNSKRNQLVRELE	,0,S
NQLVRELEEATRQVATLHSQL	,0,T
QVATLHSQLKSLSSSMQSLSS	,0,S
SSSMQSLSSGSSPGSLTSSRG	,0,S
SPGSLTSSRGSLVASSLDSST	,0,S
LVASSLDSSTSASFTDLYYDP	,0,S
LYYDPFEQLDSELQSKVEFLL	,0,S
KVEFLLLEGATGFRPSGCITT	,0,T
TTIHEDEVAKTQKAEGGGRLQ	,0,T
PLLAGDAFLNSLEFEDPELSA	,0,S
LEFEDPELSATLCELSLGNSA	,0,T
QERYRLEEPGTEGKQLGQAVN	,0,T
EGKQLGQAVNTAQGCGLKVAC	,0,T
QGCGLKVACVSAAVSDESVAG	,0,S
AVSDESVAGDSGVYEASVQRL	,0,S
YEASVQRLGASEAAAFDSDES	,0,S
DSDESEAVGATRIQIALKYDE	,0,T
KQFAILIIQLSNLSALLQQQD	,0,S
VNIRVAVLPCSESTTCLFRTR	,0,S
CLFRTRPLDASDTLVFNEVFW	,0,S
TLVFNEVFWVSMSYPALHQKT	,0,S
HQKTLRVDVCTTDRSHLEECL	,0,T
LEECLGGAQISLAEVCRSGER	,0,S
LAEVCRSGERSTRWYNLLSYK	,0,S
LLSYKYLKKQSRELKPVGVMA	,0,S
LKPVGVMAPASGPASTDAVSA	,0,S
TDAVSALLEQTAVELEKRQEG	,0,T
VELEKRQEGRSSTQTLEDSWR	,0,S
TLEDSWRYEETSENEAVAEEE	,0,T
EEEEGEEDVFTEKASPDMDGY	,0,T
GYPALKVDKETNTETPAPSPT	,0,T
RLNRSDSDSSTLSKKPPFVRN	,0,T
LSKKPPFVRNSLERRSVRMKR	,0,S
ERRSVRMKRPSSVKSLRSERL	,0,S
KSLRSERLIRTSLDLELDLQA	,0,T
SLDLELDLQATRTWHSQLTQE	,0,T
TWHSQLTQEISVLKELKEQLE	,0,S
ELKEQLEQAKSHGEKELPQWL	,0,S
DRAEHKGELQTDKMMRAAAKD	,0,T
AKDVHRLRGQSCKEPPEVQSF	,0,S
QSFREKMAFFTRPRMNIPALS	,0,T
TYTFDMVFGASTKQIDVYRSV	,0,S
ASLNLEETLSTLEYAHRAKNI	,0,T
YISEENFRVMSGKLTVQEEQI	,0,S
GAVEEELNRVTELFMDNKNEL	,0,T
DQCKSDLQNKTQELETTQKHL	,0,T
LETTQKHLQETKLQLVKEEYI	,0,T
KLQLVKEEYITSALESTEEKL	,0,T
ETTKDVSGLHSKLDRKKAVDQ	,0,S
AQDIFGKNLNSLFNNMEELIK	,0,S
NNMEELIKDGSSKQKAMLEVH	,0,S
KQKAMLEVHKTLFGNLLSSSV	,0,T
LFGNLLSSSVSALDTITTVAL	,0,S
LDTITTVALGSLTSIPENVST	,0,S
SIPENVSTHVSQIFNMILKEQ	,0,S
QIFNMILKEQSLAAESKTVLQ	,0,S
VLQELINVLKTDLLSSLEMIL	,0,T
DLLSSLEMILSPTVVSILKIN	,0,S
PTVVSILKINSQLKHIFKTSL	,0,S
QLKHIFKTSLTVADKIEDQKK	,0,T
DQKKELDGFLSILCNNLHELQ	,0,S
CNNLHELQENTICSLVESQKQ	,0,T
VESQKQCGNLTEDLKTIKQTH	,0,T
EDLKTIKQTHSQELCKLMNLW	,0,S
QELCKLMNLWTERFCALEEKC	,0,T
EKCENIQKPLSSVQENIQQKS	,0,S
QKSKDIVNKMTFHSQKFCADS	,0,T
QKFCADSDGFSQELRNFNQEG	,0,S
QELRNFNQEGTKLVEESVKHS	,0,T
DKLNGNLEKISQETEQRCESL	,0,S
ETEQRCESLNTRTVYFSEQWV	,0,T
RTVYFSEQWVSSLNEREQELH	,0,S
QELHNLLEVVSQCCEASSSDI	,0,S
QCCEASSSDITEKSDGRKAAH	,0,T
KQHNIFLDQMTIDEDKLIAQN	,0,T
LIAQNLELNETIKIGLTKLNC	,0,T
QPELLMMLNCSENNKEETIPD	,0,S
DVEEAVLGQYTEEPLSQEPSV	,0,T
EPSVDAGVDCSSIGGVPFFQH	,0,S
GGVPFFQHKKSHGKDKENRGI	,0,S
GKDKENRGINTLERSKVEETT	,0,T
KVEETTEHLVTKSRLPLRAQI	,0,T
GEVVRGRWPGSSLYYEVEILS	,0,S
YYEVEILSHDSTSQLYTVKYK	,0,S
QLYTVKYKDGTELELKENDIK	,0,T
EARREVEVKLTPLILKPFGNS	,0,T
LILKPFGNSISRYNGEPEHIE	,0,S
IERNDAPHKNTQEKFSLSQES	,0,T
QEKFSLSQESSYIATQYSLRP	,0,S
REEVKLKEIDSKEEKYVAKEL	,0,S
KYVAKELAVRTFEVTPIRAKD	,0,T
LLLMCKQKDPSLLNFPPPLPA	,0,S
PLPALYELWETRVFGVYLLWF	,0,T
LLPIGKVVEGTPLIDGRRLKY	,0,T
RLNGFYAFILTSAVIGTSLFQ	,0,T
FQGVEFHYVYSHFLQFALAAT	,0,S
LAATVFCVVLSVYLYMRSLKA	,0,S
RSLKAPRNDLSPASSGNAVYD	,0,S
IGRELNPRIGTFDLKYFCELR	,0,T
EMKIQDRAVPSLAMILVNSFQ	,0,S
DALWNEEALLTTMDIIHDGFG	,0,T
GDLVWVPFIYSFQAFYLVSHP	,0,S
FYLVSHPNEVSWPMASLIIVL	,0,S
CGYVIFRGANSQKNAFRKNPS	,0,S
PSDPKLAHLKTIHTSTGKNLL	,0,T
HTSTGKNLLVSGWWGFVRHPN	,0,S
LGDLIMALAWSLPCGFNHILP	,0,S
ILPYFYIIYFTMLLVHREARD	,0,T
ETPSQRRATRSGAQASSTPLS	,0,S
AQASSTPLSPTRITRLQEKED	,0,T
TENAGLRLRITESEEVVSREV	,0,T
ESEEVVSREVSGIKAAYEAEL	,0,S
YEAELGDARKTLDSVAKERAR	,0,T
KERARLQLELSKVREEFKELK	,0,S
EEFKELKARNTKKEGDLLAAQ	,0,T
RLKDLEALLNSKEAALSTALS	,0,S
ALSTALSEKRTLEGELHDLRG	,0,T
RRVDAENRLQTLKEELDFQKN	,0,T
EELDFQKNIYSEELRETKRRH	,0,S
ELRETKRRHETRLVEIDNGKQ	,0,T
IDNGKQREFESRLADALQELR	,0,S
VEQYKKELEKTYSAKLDNARQ	,0,T
YSAKLDNARQSAERNSNLVGA	,0,S
VGAAHEELQQSRIRIDSLSAQ	,0,S
IRIDSLSAQLSQLQKQLAAKE	,0,S
KEAKLRDLEDSLARERDTSRR	,0,S
SHSSQSQGGGSVTKKRKLESS	,0,S
TKKRKLESSESRSSFSQHART	,0,S
RSSFSQHARTSGRVAVEEVDE	,0,S
EGKFVRLRNKSNEDQSMGNWQ	,0,S
RRQNGDDPLMTYRFPPKFTLK	,0,T
KFTLKAGQVVTIWASGAGATH	,0,T
IWASGAGATHSPPTDLVWKAQ	,0,S
PTDLVWKAQNTWGCGSSLRTA	,0,T
GSSLRTALINSTGEEVAMRKL	,0,S
EEVAMRKLVRSLTMVEDNEDD	,0,S
GEELLHHHRGSHCSGSGDPAE	,0,S
SGDPAEYNLRSRTVLCGTCGQ	,0,S
AGGAGAQVGGSISSGSSASSV	,0,S
ISSGSSASSVTVTRSFRSVGG	,0,T
VTRSFRSVGGSGGGSFGDNLV	,0,S
GGGSFGDNLVTRSYLLGNSSP	,0,T
FKKFDEKENVSNCIQLKTSVI	,0,S
VRCHEHIEILTVNGELLFFRQ	,0,T
FRQREGPFYPTLRLLHKYPFI	,0,T
HALCVGVMKMSAEDIEKVNKG	,0,S
RNEQLKRWIGSETDLEPPVVK	,0,S
LEPPVVKRQKTKVKFDDGAVF	,0,T
DDGAVFLAACSSGDTDEVLKL	,0,S
DINYANVDGLTALHQACIDDN	,0,T
EGWIPLHAAASCGYLDIAEFL	,0,S
GQGAHVGAVNSEGDTPLDIAE	,0,S
MLRDARQWLNSGHINDVRHAK	,0,S
GHINDVRHAKSGGTALHVAAA	,0,S
ALHVAAAKGYTEVLKLLIQAG	,0,T
DVNIKDYDGWTPLHAAAHWGK	,0,T
DMEMVNKVGQTAFDVADEDIL	,0,T
ELQKKQNLLHSEKRDKKSPLI	,0,S
KRDKKSPLIESTANMDNNQSQ	,0,S
ANMDNNQSQKTFKNKETLIIE	,0,T
TLIIEPEKNASRIESLEQEKV	,0,S
EEGKKDESSCSSEEDEEDDSE	,0,S
SEEDEEDDSESEAETDKTKPL	,0,S
AETDKTKPLASVTNANTSSTQ	,0,S
SSTQAAPVAVTTPTVSSGQAT	,0,T
PTVSSGQATPTSPIKKFPTTA	,0,T
SPIKKFPTTATKISPKEEERK	,0,T
SPKEEERKDESPATWRLGLRK	,0,S
PATWRLGLRKTGSYGALAEIT	,0,T
KGTRLAYVAPTIPRRLASTSD	,0,T
SDIEEKENRDSSSLRTSSSYT	,0,S
RKWEDDLKKNSSVNEGSTYHK	,0,S
SVNEGSTYHKSCSFGRRQDDL	,0,S
SFGRRQDDLISSSVPSTTSTP	,0,S
SSVPSTTSTPTVTSAAGLQKS	,0,T
LQKSLLSSTSTTTKITTGSSS	,0,T
KITTGSSSAGTQSSTSNRLWA	,0,T
STSNRLWAEDSTEKEKDSVPT	,0,S
KEKDSVPTAVTIPVAPTVVNA	,0,T
VAPTVVNAAASTTTLTTTTAG	,0,S
TTTLTTTTAGTVSSTTEVRER	,0,T
STTEVRERRRSYLTPVRDEES	,0,S
LTPVRDEESESQRKARSRQAR	,0,S
RKARSRQARQSRRSTQGVTLT	,0,S
TLTDLQEAEKTIGRSRSTRTR	,0,T
DKEKQEEKKESETSREDEYKQ	,0,S
SREDEYKQKYSRTYDETYQRY	,0,S
DETYQRYRPVSTSSSTTPSSS	,0,S
SSSTTPSSSLSTMSSSLYASS	,0,S
YASSQLNRPNSLVGITSAYSR	,0,S
GITSAYSRGITKENEREGEKR	,0,T
REEEKEGEDKSQPKSIRERRR	,0,S
ERRRPREKRRSTGVSFWTQDS	,0,S
DSDENEQEQQSDTEEGSNKKE	,0,S
DTEEGSNKKETQTDSISRYET	,0,T
QTDSISRYETSSTSAGDRYDS	,0,S
GDRYDSLLGRSGSYSYLEERK	,0,S
YSYLEERKPYSSRLEKDDSTD	,0,S
NEKLKAQLHDTNMELTDLKLQ	,0,T
TDLKLQLEKATQRQERFADRS	,0,T
RERRALERRISEMEEELKMLP	,0,S
MDGEDIPDFSSLKEETAYWKE	,0,S
KEETAYWKELSLKYKQSFQEA	,0,S
RDELVEFQEGSRELEAELEAQ	,0,S
KEKLEHQYAQSYKQVSVLEDD	,0,S
KQVSVLEDDLSQTRAIKEQLH	,0,S
NDDLERAKRATIVSLEDFEQR	,0,T
QAIERNAFLESELDEKESLLV	,0,S
ELDEKESLLVSVQRLKDEARD	,0,S
LAVRERQQEVTRKSAPSSPTL	,0,T
DLLRKVGALESKLAACRNFAK	,0,S
ACRNFAKDQASRKSYISGNVN	,0,S
VNCGVLNGNGTKFSRSGHTSF	,0,T
DPAPPPPGLGSSRPSSAPGML	,0,S
SGDDIKIWDASSMTLVDKFNP	,0,S
MTLVDKFNPHTSPHGISSICW	,0,T
SPHGISSICWSSNNNFLVTAS	,0,S
SNNNFLVTASSSGDKIVVSSC	,0,S
LLELAEGQKQTCVNLNSTSMY	,0,T
NLNSTSMYLVSGGLNNTVNIW	,0,S
NNTVNIWDLKSKRVHRSLKDH	,0,S
RSLKDHKDQVTCVTYNWNDCY	,0,T
TYNWNDCYIASGSLSGEIILH	,0,S
GSLSGEIILHSVTTNLSSTPF	,0,S
NLSSTPFGHGSNQSVRHLKYS	,0,S
RHLKYSLFKKSLLGSVSDNGI	,0,S
LGSVSDNGIVTLWDVNSQSPY	,0,T
NSQSPYHNFDSVHKAPASGIC	,0,S
HKAPASGICFSPVNELLFVTI	,0,S
GLDKRIILYDTSSKKLVKTLV	,0,T
KKLVKTLVADTPLTAVDFMPD	,0,T
TAVDFMPDGATLAIGSSRGKI	,0,T
IYQYDLRMLKSPVKTISAHKT	,0,S
PVKTISAHKTSVQCIAFQYST	,0,S
CIAFQYSTVLTKSSLNKGCSN	,0,T
SLNKGCSNKPTTVNKRSVNVN	,0,T
NKRSVNVNAASGGVQNSGIVR	,0,S
NSGIVREAPATSIATVLPQPM	,0,T
SIATVLPQPMTSAMGKGTVAV	,0,T
AVQEKAGLPRSINTDTLSKET	,0,S
NTDTLSKETDSGKNQDFSSFD	,0,S
KNQDFSSFDDTGKSSLGDMFS	,0,T
IRDDAVVNKGSDESIGKGDGF	,0,S
DGFDFLPQLNSVFPPRKNPVT	,0,S
VFPPRKNPVTSSTSVLHSSPL	,0,S
HSSPLNVFMGSPGKEENENRD	,0,S
GKEENENRDLTAESKKIYMGK	,0,T
SKKIYMGKQESKDSFKQLAKL	,0,S
DSFKQLAKLVTSGAESGNLNT	,0,T
SGAESGNLNTSPSSNQTRNSE	,0,S
ASSLSEKIADSIGNNRQNAPL	,0,S
IGNNRQNAPLTSIQIRFIQNM	,0,T
IRFIQNMIQETLDDFREACHR	,0,T
QFHMQLNEMHSLLERYSVNEG	,0,S
VDNDENEHQLSLRTVSLGAGA	,0,S
VEAEAMNYEGSPIKVTLATLK	,0,S
IKVTLATLKMSVQPTVSLGGF	,0,S
PTVSLGGFEITPPVVLRLKCG	,0,T
PPVVLRLKCGSGPVHISGQHL	,0,S
HLVAVEEDAESEDEEEEDVKL	,0,S
DEEEEDVKLLSISGKRSAPGG	,0,S
SGKRSAPGGGSKVPQKKVKLA	,0,S
EAEEKAPVKKSIRDTPAKNAQ	,0,S
RDTPAKNAQKSNQNGKDSKPS	,0,S
KMQASIEKGGSLPKVEAKFIN	,0,S
INYVKNCFRMTDQEAIQDLWQ	,0,T
QDALREFVAVTGAEEDRARFF	,0,T
EEDRARFFLESAGWDLQIALA	,0,S
AGWDLQIALASFYEDGGDEDI	,0,S
YEDGGDEDIVTISQATPSSVS	,0,T
QATPSSVSRGTAPSDNRVTSF	,0,T
EEGQRFYAGGSERSGQQIVGP	,0,S
QQIVGPPRKKSPNELVDDLFK	,0,S
YRLGAAPEEESAYVAGERRRH	,0,S
AYVAGERRRHSGQDVHVVLKL	,0,S
DVHVVLKLWKTGFSLDNGDLR	,0,T
GFSLDNGDLRSYQDPSNAQFL	,0,S
QDPSNAQFLESIRRGEVPAEL	,0,S
VKPKGAFKAFTGEGQKLGSTA	,0,T
LGSTAPQVLNTSSPAQQAENE	,0,T
AQQAENEAKASSSILINEAEP	,0,S
SSILINEAEPTTNIQIRLADG	,0,T
GGRLVQKFNHSHRISDIRLFI	,0,S
IVDARPAMAATSFVLMTTFPN	,0,T
PNKELADENQTLKEANLLNAV	,0,T
LHATRGAALLSWVNSLHVADP	,0,S
VEAVLQLQDCSIFIKIIDRIH	,0,S
FIKIIDRIHGTEEGQQILKQP	,0,T
EGQQILKQPVSERLDFVCSFL	,0,S
SFLQKNRKHPSSPECLVSAQK	,0,S
LVSAQKVLEGSELELAKMTML	,0,S
AKMTMLLLYHSTMSSKSPRDW	,0,S
ENFLQKAPVPSTCSSTFPEEL	,0,S
TCSSTFPEELSPPSHQAKREI	,0,S
IRFLELQKVASSSSGNNFLSG	,0,S
SSSGNNFLSGSPASPMGDILQ	,0,S
PASPMGDILQTPQFQMRRLKK	,0,T
RLKKQLADERSNRDELELELA	,0,S
LELAENRKLLTEKDAQIAMMQ	,0,T
LALLNEKQAASPLEPKELEEL	,0,S
ELEELRDKNESLTMRLHETLK	,0,S
ETLKQCQDLKTEKSQMDRKIN	,0,T
SQMDRKINQLSEENGDLSFKL	,0,S
DLSFKLREFASHLQQLQDALN	,0,S
QQLQDALNELTEEHSKATQEW	,0,T
EKQAQLEKELSAALQDKKCLE	,0,S
EKNEILQGKLSQLEEHLSQLQ	,0,S
EVLGDVLQLETLKQEAATLAA	,0,T
QEAATLAANNTQLQARVEMLE	,0,T
QLQARVEMLETERGQQEAKLL	,0,T
GHFEEEKQQLSSLITDLQSSI	,0,S
SLITDLQSSISNLSQAKEELE	,0,S
SQAKEELEQASQAHGARLTAQ	,0,S
HGARLTAQVASLTSELTTLNA	,0,S
LTSELTTLNATIQQQDQELAG	,0,T
AKEKQAQLAQTLQQQEQASQG	,0,T
QGLRHQVEQLSSSLKQKEQQL	,0,S
LKEVAEKQEATRQDHAQQLAT	,0,T
LATAAEEREASLRERDAALKQ	,0,S
QLQVANEARDSAQTSVTQAQR	,0,S
TQAQREKAELSRKVEELQACV	,0,S
KVEELQACVETARQEQHEAQA	,0,T
QVAELELQLRSEQQKATEKER	,0,S
LQEQLQALKESLKVTKGSLEE	,0,S
DALEEQQRCISELKAETRSLV	,0,S
QQLGEAHQAETEVLRRELAEA	,0,T
ELAEAMAAQHTAESECEQLVK	,0,T
VAAWRERYEDSQQEEAQYGAM	,0,S
YGAMFQEQLMTLKEECEKARQ	,0,T
EAKEKVAGIESHSELQISRQQ	,0,S
VRAQKLADDLSTLQEKMAATS	,0,S
ATSKEVARLETLVRKAGEQQE	,0,T
LVRKAGEQQETASRELVKEPA	,0,T
LEEQQGRQFCSTQAALQAMER	,0,S
LERLRAALMESQGQQQEERGQ	,0,S
GQQEREVARLTQERGRAQADL	,0,T
ALNEQRVEFATLQEALAHALT	,0,T
QIKELEELRQTVKQLKEQLAK	,0,T
QLAKKEKEHASGSGAQSEAAG	,0,S
SGAQSEAAGRTEPTGPKLEAL	,0,T
PKLEALRAEVSKLEQQCQKQQ	,0,S
QCQKQQEQADSLERSLEAERA	,0,S
LERSLEAERASRAERDSALET	,0,S
LEEKAQELGHSQSALASAQRE	,0,S
SAQRELAAFRTKVQDHSKAED	,0,T
RGRQEAERKNSLISSLEEEVS	,0,S
NRQVLEKEGESKELKRLVMAE	,0,S
KELKRLVMAESEKSQKLEERL	,0,S
RLRLLQAETASNSARAAERSS	,0,S
RSSALREEVQSLREEAEKQRV	,0,S
REEAEKQRVASENLRQELTSQ	,0,S
EKFFQKEQALSTLQLEHTSTQ	,0,S
LEHTSTQALVSELLPAKHLCQ	,0,S
EKRHREELEQSKQAAGGLRAE	,0,S
LRQKVAEQERTAQQLRAEKAS	,0,T
AEKASYAEQLSMLKKAHGLLA	,0,S
ELAAVRADAETRLAEVQREAQ	,0,T
RLAEVQREAQSTARELEVMTA	,0,S
QRFQEERQKLTAQVEQLEVFQ	,0,T
EQLEVFQREQTKQVEELSKKL	,0,T
VEELSKKLADSDQASKVQQQK	,0,S
LKAVQAQGGESQQEAQRLQAQ	,0,S
AQLNELQAQLSQKEQAAEHYK	,0,S
HYKLQMEKAKTHYDAKKQQNQ	,0,T
QNQELQEQLRSLEQLQKENKE	,0,S
GHELQQAGLKTKEAEQTCRHL	,0,T
KEAEQTCRHLTAQVRSLEAQV	,0,T
LRDLGKFQVATDALKSREPQA	,0,T
EPQAKPQLDLSIDSLDLSCEE	,0,S
DSLDLSCEEGTPLSITSKLPR	,0,T
PLSITSKLPRTQPDGTSVPGE	,0,T
DGTSVPGEPASPISQRLPPKV	,0,S
ISQRLPPKVESLESLYFTPIP	,0,S
SLYFTPIPARSQAPLESSLDS	,0,S
LDSLGDVFLDSGRKTRSARRR	,0,S
GRKTRSARRRTTQIINITMTK	,0,T
TKKLDVEEPDSANSSFYSTRS	,0,S
SFYSTRSAPASQASLRATSST	,0,S
ASLRATSSTQSLARLGSPDYG	,0,S
ARLGSPDYGNSALLSLPGYRP	,0,S
ALLSLPGYRPTTRSSARRSQA	,0,T
SSARRSQAGVSSGAPPGRNSF	,0,S
PPGRNSFYMGTCQDEPEQLDD	,0,T
RNRVCPPHLKTCYPLESRPSL	,0,T
CYPLESRPSLSLGTITDEEMK	,0,S
LGTITDEEMKTGDPQETLRRA	,0,T
GDPQETLRRASMQPIQIAEGT	,0,S
PIQIAEGTGITTRQQRKRVSL	,0,T
RVLPPPAPLDTTNLAGRRTLQ	,0,T
RTLQGRAKMASVPVYCLCRLP	,0,S
CPNCEVLHGPSIMKKRRGSSK	,0,S
DSSDEVILKPTGNQLTVEFLE	,0,T
QLTVEFLEENSFSVPILVLKK	,0,S
LVLKKDGLGMTLPSPSFTVRD	,0,T
TVRDVEHYVGSDKEIDVIDVT	,0,S
KLGDFVKYYYSGKREKVLNVI	,0,S
GKREKVLNVISLEFSDTRLSN	,0,S
SDTRLSNLVETPKIVRKLSWV	,0,T
RPNVQKYCLMSVRDSYTDFHI	,0,S
YTDFHIDFGGTSVWYHVLKGE	,0,T
GEKIFYLIRPTNANLTLFECW	,0,T
NANLTLFECWSSSSNQNEMFF	,0,S
GDQVDKCYKCSVKQGQTLFIP	,0,S
VKQGQTLFIPTGWIHAVLTPV	,0,T
CLAFGGNFLHSLNIEMQLKAY	,0,S
LKAYEIEKRLSTADLFRFPNF	,0,S
ADLFRFPNFETICWYVGKHIL	,0,T
GLRENRRHPASYLVHGGKALN	,0,S
KALNLAFRAWTRKEALPDHED	,0,T
LPDHEDEIPETVRTVQLIKDL	,0,T
EDIFQQNVGKTSNIFGLQRIF	,0,T
FGLQRIFPAGSIPLTRPAHST	,0,S
IPLTRPAHSTSVSMSRLSLPS	,0,S
SRLSLPSKNGSKKKGLKPKEL	,0,S
FKKAERKGKESSALGPAGQLS	,0,S
AGQLSYNLMDTYSHQALKTGS	,0,T
GSFQKAKFNITGACLNDSDDD	,0,T
GACLNDSDDDSPDLDLDGNES	,0,S
GNESPLALLMSNGSTKRVKSL	,0,S
NGSTKRVKSLSKSRRTKIAKK	,0,S
QVMEDEFDLDSDDELQIDERL	,0,S
IDERLGKEKATLIIRPKFPRK	,0,T
PRKLPRAKPCSDPNRVREPGE	,0,S
EVEFDIEEDYTTDEDMVEGVE	,0,T
EGVEGKLGNGSGAGGILDLLK	,0,S
AGGILDLLKASRQVGGPDYAA	,0,S
QVGGPDYAALTEAPASPSTQE	,0,T
QGMLCMANLQSSSSSPATSSL	,0,S
PATSSLQAWWTGGQDRSSGSS	,0,T
GGQDRSSGSSSSGLGTVSNSP	,0,S
GLGTVSNSPASQRTPGKRPIK	,0,S
RPIKRPAYWRTESEEEEENAS	,0,T
EENASLDEQDSLGACFKDAEY	,0,S
CFKDAEYIYPSLESDDDDPAL	,0,S
ESDDDDPALKSRPKKKKNSDD	,0,S
KKKNSDDAPWSPKARVTPTLP	,0,S
PKQDRPVREGTRVASIETGLA	,0,T
KEVEQPRPQDSNLSLTVPAPT	,0,S
LTVPAPTVAATPQLVTSSSPL	,0,T
PPPEPKQEALSGSLADHEYTA	,0,S
NAFGMAQANRSTTPMAPGVFL	,0,S
TTPMAPGVFLTQRRPSVGSQS	,0,T
QGKRPKKGLATAKQRLGRILK	,0,T
MELEVPDEAESAEAGAVPSEA	,0,S
VPSEAAWAAESGAAAGLAQKK	,0,S
AGLAQKKAAPTEVLSMTAQPG	,0,T
KKLGHRGVDASGETTYKKTTS	,0,S
GETTYKKTTSSTLKGAIQLGI	,0,S
KGAIQLGIGYTVGHLSSKPER	,0,T
VLMQDFYVVESIFFPSEGSNL	,0,S
IFFPSEGSNLTPAHHFQDFRF	,0,T
AHHFQDFRFKTYAPVAFRYFR	,0,T
FGIRPDDYLYSLCNEPLIELS	,0,S
PLIELSNPGASGSLFYVTSDD	,0,S
VTSDDEFIIKTVMHKEAEFLQ	,0,T
YYMNLNQNPRTLLPKFYGLYC	,0,T
PKFYGLYCVQSGGKNIRVVVM	,0,S
KMHLKFDLKGSTYKRRASKKE	,0,S
RRASKKEKEKSFPTYKDLDFM	,0,S
MPEGLLLDADTFSALVKTLQR	,0,T
TLQRDCLVLESFKIMDYSLLL	,0,S
ERERQAQGAQSTSDEKRPVGQ	,0,S
KRPVGQKALYSTAMESIQGGA	,0,S
GGAARGEAIESDDTMGGIPAV	,0,S
LHIGIIDILQSYRFIKKLEHT	,0,S
TWKALVHDGDTVSVHRPSFYA	,0,T
FYAERFFKFMSNTVFRKNSSL	,0,S
TVFRKNSSLKSSPSKKGRGGA	,0,S
ALLAVKPLGPTAAFSASQIPS	,0,T
EAQYDLRGARSYPTLEDEGRP	,0,S
DEGRPDLLPCTPPSFEEATTA	,0,T
PPSFEEATTASIATTLSSTSL	,0,S
IATTLSSTSLSIPERSPSETS	,0,S
TSEQPRYRRRTQSSGQDGRPQ	,0,T
PPAEEDLQQITVQVEPACSVE	,0,T
PKEEDAGVEASPAGASAAVEV	,0,S
AGASAAVEVETASQASDEEGA	,0,T
QASDEEGAPASQASDEEDAPA	,0,S
IKEYHILLPMSLDEYQVAQLY	,0,S
VAQLYMIQKKSREESSGEGSG	,0,S
GVEILANRPYTDGPGGSGQYT	,0,T
QYTHKVYHVGSHIPGWFRALL	,0,S
PKAALQVEEESWNAYPYTRTR	,0,S
NAYPYTRTRYTCPFVEKFSIE	,0,T
FVEKFSIEIETYYLPDGGQQP	,0,T
GGQQPNVFNLSGAERRQRILD	,0,S
GAERRQRILDTIDIVRDAVAP	,0,T
KAEEDPRLYHSVKTGRGPLSD	,0,S
RGPLSDDWARTAAQTGPLMCA	,0,T
RQAWCWQDEWTELSMADIRAL	,0,T
MADIRALEEETARMLAQRMAK	,0,T
MLAQRMAKCNTGSEGSEAQPP	,0,T
SPDASFGKQWSSSSRSSYSSQ	,0,S
SYSSQHGGAVSPQSLSEWRMQ	,0,S
EWRMQNIARDSENSSEEEFFD	,0,S
EEFFDAHEGFSDSEEVFPKEM	,0,S
IEDGAQAPRDSEGLDGAGELG	,0,S
AVHALFLILHSGNILDSGPGD	,0,S
ILDSGPGDANSKQADVQTLSS	,0,S
QTLSSAFEAVTRIHFPEALGH	,0,T
PICAAAYALVSNLSPYSHDGD	,0,S
NLSPYSHDGDSLSRSQDHIPL	,0,S
IPLAALPLLATSSSRYQGAVA	,0,T
SSSRYQGAVATVIARTNQAYS	,0,T
TNQAYSAFLRSPEGAGFCGQV	,0,S
GILGFDALCHSANAGTGSRGS	,0,S
ANAGTGSRGSSRRGSMNNELL	,0,S
RRGSMNNELLSPEFGPVRDPL	,0,S
ADGVEGLGRGSPEPSALPPQR	,0,S
PSALPPQRIPSDMASPEPEGS	,0,S
ASPEPEGSQNSLQAAPATTSS	,0,S
TTSSWEPRRASTAFCPPAASS	,0,S
AASSEAPDGPSSTARLDFKVS	,0,S
FKVSGFFLFGSPLGLVLALRK	,0,S
PLGLVLALRKTVMPALEAAQM	,0,T
NLFHAADPCASRLEPLLAPKF	,0,S
APKFQAIAPLTVPRYQKFPLG	,0,T
RYQKFPLGDGSSLLLADTLQT	,0,S
LLLADTLQTHSSLFLEELEML	,0,S
FLEELEMLVPSTPTSTSGAFW	,0,S
TSTSGAFWKGSELATDPPAQP	,0,S
TDPPAQPAAPSTTSEVVKILE	,0,S
VVKILERWWGTKRIDYSLYCP	,0,T
DYSLYCPEALTAFPTVTLPHL	,0,T
TVTLPHLFHASYWESADVVAF	,0,S
RPQLAECEEPSIYSPAFPREK	,0,S
FPREKWQRKRTQVKIRNVTSN	,0,T
IRNVTSNHRASDTVVCEGRPQ	,0,S
VVCEGRPQVLSGRFMYGPLDV	,0,S
RFMYGPLDVVTLTGEKVDVYI	,0,T
TGEKVDVYIMTQPLSGKWIHF	,0,T
PLSGKWIHFGTEVTNSSGRLT	,0,T
PVRMVVRGDHTYAECCLTVVA	,0,T
ECCLTVVARGTEAVVFSIDGS	,0,T
AVVFSIDGSFTASVSIMGSDP	,0,T
AVDVVRHWQDSGYLIVYVTGR	,0,S
MQKHRVVAWLSQHNFPHGVVS	,0,S
HGVVSFCDGLTHDPLRQKAMF	,0,T
PLRQKAMFLQSLVQEVELNIV	,0,S
VELNIVAGYGSPKDVAVYAAL	,0,S
DVAVYAALGLSPSQTYIVGRA	,0,S
RKLQAQCQFLSDGYVAHLGQL	,0,S
VAHLGQLEAGSHSHASSGPPR	,0,S
SGPPRAALGKSSYGVAAPVDF	,0,S
AAPVDFLRKQSQLLRSRGPSQ	,0,S
PSQAEREGPGTPPTTLARGKA	,0,T
HNLISLLEVLSGDSLPREKGR	,0,S
DDIADGNPKLTLGLIWTIILH	,0,T
IWTIILHFQISDIQVSGQSED	,0,S
IQVSGQSEDMTAKEKLLLWSQ	,0,T
GYQGLRCDNFTTSWRDGRLFN	,0,T
LIDMNKVYRQTNLENLDQAFS	,0,T
FSVAERDLGVTRLLDPEDVDV	,0,T
DVDVPQPDEKSIITYVSSLYD	,0,S
LLLLQWIRHHTAAFEERKFPS	,0,T
AAFEERKFPSSFEEIEILWCQ	,0,S
LWCQFLKFKETELPAKEADKS	,0,T
LPAKEADKSRSKGIYQSLEGA	,0,S
ERLECLQRIVSKLQMEAGLCE	,0,S
LCEEQLNQADSLLQSDIRLLA	,0,S
LLQSDIRLLASGKVAQRAGEV	,0,S
MIRLLFNDVQTLKDGRHPQGE	,0,T
RLHERLVAIRTEYNLRLKAGV	,0,T
RLKAGVAAPVTQVTVQSTQRR	,0,T
STQRRPELEDSTLRYLQDLLA	,0,S
WVEENQRRIDSAEWGVDLPSV	,0,S
DLPSVEAQLGSHRGMHQSIEE	,0,S
AKIERARNDESQLSPATRGAY	,0,S
LDLQYAKLLNSSKARLRSLES	,0,S
ESLHGFVAAATKELMWLNEKE	,0,T
KEEEEVGFDWSDRNTNMAAKK	,0,S
RNTNMAAKKESYSALMRELEM	,0,S
KEKKIKETQNTGDRLLREDHH	,0,T
LLREDHHARPTVESFQAALQT	,0,T
SFQAALQTQWSWMLQLCCCIE	,0,S
CCIEAHLKENTAYFQFFSDVR	,0,T
AEEQLQKLQETMRREYSCDRS	,0,T
RREYSCDRSITVTRLEDLLQD	,0,T
EQLNEYKGHLSGLAKRAKAIV	,0,S
AVCDYKQVEVTVHKGDQCQLV	,0,T
QCQLVGPAQPSHWKVLRGPSS	,0,S
RGPSSEAAVPSVCFLVPPPNQ	,0,S
RLEAQHQALVTLWHQLHVDMK	,0,T
LWHQLHVDMKSLLAWQNLSRD	,0,S
NLSRDIQLIRSWSLVTFRTLK	,0,S
ELHYQAFLRDSQDAGGFGPED	,0,S
DRLVAEREYGSCSRHYQQLLQ	,0,S
CSRHYQQLLQSLEQGEQEESR	,0,S
QEESRCQRCISELKDIRLQLE	,0,S
DIRLQLEACETRTVHRLRLPL	,0,T
EGLGKGVARLSAEAEKVLALP	,0,S
AEKVLALPEPSPAAPTLRSEL	,0,S
APTLRSELELTLGKLEQVRSL	,0,T
LGKLEQVRSLSAIYLEKLKTI	,0,S
AIYLEKLKTISLVIRSTQGAE	,0,S
QLKEAQAVPATLQELEATKAS	,0,T
QAEAQQPVFDTLRDELRGAQE	,0,T
LGRQLRYYRESADPLSSWLQD	,0,S
EQIQAVPIPNSQAAREQLRQE	,0,S
AIKDYELQLVTYKAQLEPVAS	,0,T
ASPAKKPKVQSGSESVIQEYV	,0,S
SVIQEYVDLRTRYSELTTLTS	,0,T
TLTSQYIKFISETLRRMEEEE	,0,S
AAVNAQQQKRSIQEELQHLRQ	,0,S
IQEELQHLRQSSEAEIQAKAQ	,0,S
KAQQVEAAERSRMRIEEEIRV	,0,S
EIRVVRLQLETTERQRGGAEG	,0,T
ERLRRQVQDESQRKRQAEAEL	,0,S
RARQVQVALETAQRSAEVELQ	,0,T
AQRSAEVELQSKRASFAEKTA	,0,S
LERTLQEEHVTVTQLREKAER	,0,T
LQAEEVAQQRSLAQADAEKQK	,0,S
LEKQRQLAEGTAQQRLAAEQE	,0,T
EQELIRLRAETEQGEQQRQLL	,0,T
EELARLQREATAATHKRQELE	,0,T
VRAEMEVLLASKARAEEESRS	,0,S
KARAEEESRSTSEKSKQRLEA	,0,T
RQRAEAERVLTEKLAAISEAT	,0,T
AAISEATRLKTEAEIALKEKE	,0,T
EERLAQLRKASESELERQKGL	,0,S
LERQKGLVEDTLRQRRQVEEE	,0,T
VEEEILALKVSFEKAAAGKAE	,0,S
ELELELGRIRSSAEDTMRSKE	,0,S
RREAEERVQKSLAAEEEAARQ	,0,S
RRLRERAEQESARQLQLAQEA	,0,S
VQQREEELQQTLQQEQSMLER	,0,T
REQAEREAAQSRKQVEEAERL	,0,S
RQKAQVEQELTTLRLQLEETD	,0,T
LQLEETDHQKSILDEELQRLK	,0,S
EELQRLKAEVTEAARQRSQVE	,0,T
QRSQVEEELFSVRVQMEELGK	,0,S
RALILRDKDNTQRFLEEEAEK	,0,T
KQVAEEAARLSVAAQEAARLR	,0,S
KEKMQAVQEATRLKAEAELLQ	,0,T
EQMAQQLVEETQGFQRTLEVE	,0,T
EVERQRQLEMSAEAERLKLRM	,0,S
ERLKLRMAEMSRAQARAEEDA	,0,S
GEKLHRTELATQEKVTLVQTL	,0,T
VQTLEIQRQQSDHDAERLREA	,0,S
KQEAKLLQLKSEEMQTVQQEQ	,0,S
TVQQEQILQETQALQKSFLSE	,0,T
LQKSFLSEKDSLLQRERFIEQ	,0,S
MEQEKQELVASMEEARRRQCE	,0,S
EEEHRAALAHSEEIAATQAAA	,0,S
PNGRDALDGPSMEVEPEHAFE	,0,S
ELQRLEQGHTTVAELSQREDV	,0,T
EDVRQYLQGRSSIAGLLLKPT	,0,S
LLLKPTDEKLSVYTALQRQLL	,0,S
VYTALQRQLLSPGTALILLEA	,0,S
ALILLEAQAASGFLLDPVRNR	,0,S
LLDPVRNRRLTVNEPVKEGVV	,0,T
VGPELHHKLLSAERAVTGYKD	,0,S
RAVTGYKDPYTGEQISLFQAM	,0,T
AIRLLEAQIATGGIIDTVHSH	,0,T
YQRGYFDEEMSRILADPGDDT	,0,S
DDTKGFFDPNTHENLTYLQLL	,0,T
LLERCVEDPETGLHLLPLTDK	,0,T
KAAKGGELVYTDTEARDVFEK	,0,T
TEARDVFEKATVSAPFGKFQG	,0,T
SAPFGKFQGKTVTIWEIINSE	,0,T
IWEIINSEYFTAEQRRDLLRQ	,0,T
QRRDLLRQFRTGRITVEKIIK	,0,T
TVEKIIKIVITVVEEQERKGQ	,0,T
ALVPAAELLESGVISHELYQQ	,0,S
LYQQLQRGERSVREVAEADSV	,0,S
DSVRRALRGASVIAGVWLEEA	,0,S
VWLEEAGQKLSIYEALKKDLL	,0,S
AGTGHIIDPATSARLTVDEAV	,0,T
YRDPYSGQSVSLFQALKKGLI	,0,S
QGLRLLDAQLSTGGMVDPSKS	,0,S
AYARGYLDKETNRALTSPRND	,0,T
RNDARVYLDPSSQEPATYSQL	,0,S
QLTGLSLLPVSEKAVRARQEE	,0,S
AVRARQEEVYSELQARETLEK	,0,S
EVPVGGFKGRTMTVWELISSE	,0,T
IVITIVEEVETQRQERLSFSG	,0,T
FSGLRAPVPASELLAAKILSR	,0,S
AQFDQLKEGKTSVKDLSEVGS	,0,T
KDLSEVGSVRTLLQGSGCLAG	,0,T
GCLAGVYLEDSKEKVTIYEAM	,0,S
RRGLLRPSTATLLLEAQAATG	,0,T
RLLPLKGAEKTEVVETTQVYT	,0,T
ETTQVYTEEETRRAFEETQID	,0,T
ETQIDIPGGGSHGGSSMSLWE	,0,S
SSMSLWEVMQSDMIPEDQRAR	,0,S
LMADFQAGRVTKERMIIIIIE	,0,T
IIIIIEIIEKTEIIRQQNLAS	,0,T
ASYDYVRRRLTAEDLYEARII	,0,T
AEDLYEARIISLETYNLFREG	,0,S
LETYNLFREGTKSLREVLEME	,0,T
KSLREVLEMESAWRYLYGTGS	,0,S
AGVYLPGSRQTLTIYQALKKG	,0,T
AYQRGYLNKDTHDQLSEPSEV	,0,T
DQLSEPSEVRSYVDPSTDERL	,0,S
YVDPSTDERLSYTQLLKRCRR	,0,S
DGSGQMLLPLSDARRLTFRGL	,0,S
LTFRGLRKQITVEELVRSQVM	,0,T
LVRSQVMDEATALQLQEGLTS	,0,T
QEGLTSIEEVTKTLQKFLEGT	,0,T
KTLQKFLEGTSCIAGVFVDAT	,0,S
VFVDATKERLSVYQAMKKGII	,0,S
VIDPIKGLKLTVEEAVRMGIV	,0,T
EEMNEILTDPSDDTKGFFDPN	,0,S
PLKEKKRERKTSSKSSVRKRR	,0,T
KRRVVIVDPETSKEMSVYEAY	,0,T
AYRKGLIDHQTYLELSEQECE	,0,T
SEQECEWEEITISSSDGVVKS	,0,T
VVKSMIIDRRSGRQYDIDDAI	,0,S
GRQYDIDDAITENLIDRSALD	,0,T
RSALDQYRAGTLSITEFADML	,0,T
LSITEFADMLSGNAGGFRSRS	,0,S
GNAGGFRSRSSSVGSSSSYPI	,0,S
SVGSSSSYPISPAVSRTQLAS	,0,S
AVSRTQLASWSDPTEETGPVA	,0,S
ETGPVAGILDTETLEKVSITE	,0,T
AMHRNLVDNITGQRLLEAQAC	,0,T
DPSTGERFPVTEAVNKGLVDK	,0,T
KAFCGFEDPRTKTKMSAAQAL	,0,T
ARTAQKLRDVSAYSKYLTCPK	,0,S
AYSKYLTCPKTKLKISYKDAL	,0,T
KISYKDALDRSMVEEGTGLRL	,0,S
GLRLLEAAAQSSKGYYSPYSV	,0,S
SKGYYSPYSVSGSGSTTGSRT	,0,S
SGSTTGSRTGSRTGSRAGSRR	,0,S
TGSRAGSRRGSFDATGSGFSM	,0,S
FDATGSGFSMTFSSSSYSSSG	,0,T
SSSGYGRRYASGPPASLGGPE	,0,S
EAAKPPGIPGSSSAVKEIPEI	,0,S
EIPEILVDPRTRRRYLRGRFL	,0,T
KGGFAKCYEITDLESREVFAG	,0,T
EVFAGKIVPKTMLLKPHQKDK	,0,T
LLKPHQKDKMTMEIAIQRSLD	,0,T
YVVLELCRRRSLLELHKRRKA	,0,S
LELHKRRKAVTEPEARYYLKQ	,0,T
EPEARYYLKQTISGCQYLHSN	,0,T
EVKIGDFGLATKVEYDGERKK	,0,T
KVEYDGERKKTLCGTPNYIAP	,0,T
APEVLGKKGHSFEVDIWSIGC	,0,S
DIWSIGCIMYTLLVGKPPFET	,0,T
LLVGKPPFETSCLKETYMRIK	,0,S
TYMRIKKNEYSIPKHINPVAA	,0,S
AAALIQKMLRSDPTSRPTIDD	,0,S
IDDLLNDEFFTSGYIPSRLPT	,0,T
SGYIPSRLPTTCLTVPPRFSI	,0,T
KEEEMQQPEFTEPADCYLSEM	,0,T
CYLSEMLQQLTCLNAVKPSER	,0,T
IRQEEAEDPASIPIFWISKWV	,0,S
IFWISKWVDYSDKYGLGYQLC	,0,S
YGLGYQLCDNSVGVLFNDSTR	,0,S
TRLIMYNDGDSLQYIERNNTE	,0,S
LQYIERNNTESYLNVRSYPTT	,0,S
LNVRSYPTTLTKKITLLKYFR	,0,T
TLLKYFRNYMSEHLLKAGANT	,0,S
EHLLKAGANTTPREGDELARL	,0,T
DELARLPFLRTWFRTRSAIIL	,0,T
RTRSAIILHLSNGTVQINFFQ	,0,S
TVQINFFQDHTKIILCPLMAA	,0,T
IILCPLMAAVSYIDEKREFRT	,0,S
EKREFRTYKLSLIQEFGCCKE	,0,S
QEFGCCKELASRLRYARTMVE	,0,S
YARTMVEKLQSSKSAVAHVKA	,0,S
QQDPARPQEPTMPPPETPSEG	,0,T
PETPSEGRQPSPSPSPTERAP	,0,S
SPSPTERAPASEEEFQFLRCQ	,0,S
KCPKLLPCLHTLCSGCLEASG	,0,T
CQAPWPLGADTPALDNVFFES	,0,T
VFFESLQRRLSVYRQIVDAQA	,0,S
RQIVDAQAVCTRCKESADFWC	,0,T
ARPLAELRNQSVREFLDGTRK	,0,S
VREFLDGTRKTNNIFCSNPNH	,0,T
NIFCSNPNHRTPTLTSIYCRG	,0,T
TLTSIYCRGCSKPLCCSCALL	,0,S
PLCCSCALLDSSHSELKCDIS	,0,S
QQRQEELDAMTQALQEQDSAF	,0,T
RYQRDYEEMASRLGRLDAVLQ	,0,S
RLDAVLQRIRTGSALVQRMKC	,0,T
ALVQRMKCYASDQEVLDMHGF	,0,S
LCRLRQEEPQSLQAAVRTDGF	,0,S
DEFKVRLQDLSSCITQGKDAA	,0,S
CITQGKDAAVSKKASPEAAST	,0,S
AEAQPMAVVQSVPGAHPVPVY	,0,S
GAHPVPVYAFSIKGPSYGEDV	,0,S
IKGPSYGEDVSNTTTAQKRKC	,0,S
NTTTAQKRKCSQTQCPRKVIK	,0,S
QCPRKVIKMESEEGKEARLAR	,0,S
VIGSEVFLPNSNHVASGAGEA	,0,S
GEAEERVVVISSSEDSDAENS	,0,S
SSEDSDAENSSSRELDDSSSE	,0,S
SRELDDSSSESSDLQLEGPST	,0,S
VFFDLKIDNETQKISQLAAVN	,0,T
ISQLAAVNRESKFRVVIQPEA	,0,S
RVVIQPEAFFSIYSKAVSLEV	,0,S
SLEVGLQHFLSFLSSMRRPIL	,0,S
NRLWEFQEAISGFLAALPLIR	,0,S
PLIRERVPGASSFKLKNLAQT	,0,S
LAQTYLARNMSERSAMAAVLA	,0,S
MRDLCRLLEVSPGPQLAQHVY	,0,S
PQLAQHVYPFSSLQCFASLQP	,0,S
EARLLALHNVSFMELLSAHRR	,0,S
RDRQGGLKKYSRYLSLQTTTL	,0,S
QPAFNLQALGTYFEGLLEGPA	,0,T
GPALARAEGVSTPLAGRGLAE	,0,S
SVQKVPAPPGSPCRQQDSALT	,0,S
TPTMPPPEEPSEDYEHSQSPA	,0,S
QEEFQFLRCPSCQAQAKCPKL	,0,S
WCFECEQLICSKCFEAHQWYL	,0,S
WHEELGTMTQTLEEQGRTFDS	,0,T
TFDSAHAQMCSAIGQLDHARA	,0,S
MHSFLRKALCSLRQEEPQNQK	,0,S
EPQNQKVQLLTRGFEEFKLCL	,0,T
LCLQDFISCITQRINAAVASP	,0,T
NAAVASPEAASNQPEAASTHP	,0,S
QPEAASTHPVTTSTPEDLEQP	,0,T
EDLEQPKEVQSVQAQALELSK	,0,S
VQAQALELSKTQPVAMVKTVP	,0,T
PVYAFSMQGPTYREEASQTVG	,0,T
YREEASQTVGSMKRKCSHEDC	,0,S
MKRKCSHEDCSRKIIKMESTE	,0,S
KILLPNNNHVTSDTGETEERV	,0,T
SSSLQLEGPNSLKALDESLAE	,0,S
SLAEPHLEDRTLVFFDLKIDN	,0,T
TTMHRPILACSRLWGPGLPIF	,0,S
WGPGLPIFFQTLSDINKLWEF	,0,T
FASLQPLIQASVLPQSEARLL	,0,S
SFVELLNAYRTNRQEGLKKYV	,0,T
KYVHYLSLQTTPLSSSASTQV	,0,T
MPVPGDDMGETPLTRTPIPMP	,0,T
RTPIPMPAYFSQAEQSFSLKK	,0,S
QSFSLKKRGRSLCYTLPPRPP	,0,S
YTLPPRPPVKSALPVSRIFPN	,0,S
VSRIFPNKQRSWSQPRPQSVS	,0,S
QPRPQSVSFRSPQNKTPASKL	,0,S
KTPASKLYDQSKGDTFFKQCF	,0,S
GDTFFKQCFKSICKLGRGSFG	,0,S
GSFGEVYKVQSLEDGCFYAVK	,0,S
EDGCFYAVKRSVSPFRGESDR	,0,S
WEEKRMLYLQTELCAGSLQQH	,0,T
ELCAGSLQQHSEEFAGSLPPR	,0,S
SLPPRRVWNITCDLLHGLKHL	,0,T
LDIKPANVFISFSGVCKLGDF	,0,S
DFGLMVELDGTEGSGEAQEGD	,0,T
MAPELLDGIFSKAADVFSLGM	,0,S
KAADVFSLGMSLLEVACNMEL	,0,S
WQQLRQGHLPTEFTSDLPPDF	,0,T
DLPPDFLKVLSAMLEPDYRRR	,0,S
MLEPDYRRRATVDWLLSLPAI	,0,T
IRNAERWRMVTLAQERTLGKI	,0,T
AVYQFIVWLLSFVFQWLNRPV	,0,S
HYCGLRALPRSPPCSPFPNHL	,0,S
CSPFPNHLGESSFSSDWDDES	,0,S
LGDDVFEVPPSPLATHRNLTY	,0,S
RSALPLTPNVSRISQDSTGKS	,0,S
ISQDSTGKSRSPSTSHSSSGF	,0,S
SGFVDAEVQRTLFLPRNLLGM	,0,T
MRRSEVLAEESIVCLQKALNH	,0,S
GIPEDQRLQRTEVVKKHIKEL	,0,T
LLDMMIAEEESLKERLIKSIS	,0,S
SISVCQKELNTLCSELHVEPF	,0,T
HVEPFQEEGETTILQLEKDLR	,0,T
TILQLEKDLRTQVELMRKQKK	,0,T
ILCMPHYDIDSASVPSLEELN	,0,S
ELNQFRQHVTTLRETKASRRE	,0,T
TKASRREEFVSIKRQIILCME	,0,S
IILCMEALDHTPDTSFERDVV	,0,T
VCEDEDAFCLSLENIATLQKL	,0,S
KLLRQLEMQKSQNEAVCEGLR	,0,S
QNEAVCEGLRTQIRELWDRLQ	,0,T
IPEEEREAVATIMSGSKAKVR	,0,T
LVQYWDQCFYSQEQRQAFAPF	,0,S
AFAPFCAEDYTESLLQLHDAE	,0,T
LFEGVQKWEETWRLFLEFERK	,0,T
RLFLEFERKASDPNRFTNRGG	,0,S
ARIELWEQEHSKAFMVNGQKF	,0,S
TTMSNATANSSIRPIFGGTVY	,0,S
RPIFGGTVYHSPVSRLPPSGS	,0,S
PPSGSKPVAASTCSGKKTPRT	,0,S
ANKENLELNGSILSGGYPGSA	,0,S
PGSAPLQRNFSINSVASTYSE	,0,S
STYSEFAKDPSLSDSSTVGLQ	,0,S
SSTVGLQRELSKASKSDATSG	,0,S
IGHPAPNFKATAVMPDGQFKD	,0,T
VMPDGQFKDISLSDYKGKYVV	,0,S
VVFFFYPLDFTFVCPTEIIAF	,0,T
FVCPTEIIAFSDRAEEFKKLN	,0,S
NIPLVSDPKRTIAQDYGVLKA	,0,T
YGVLKADEGISFRGLFIIDDK	,0,S
IDDKGILRQITVNDLPVGRSV	,0,T
DLPVGRSVDETLRLVQAFQFT	,0,T
EVCPAGWKPGSDTIKPDVQKS	,0,S
MEKEFEQIDKSGSWAAIYQDI	,0,S
AIYQDIRHEASDFPCRVAKLP	,0,S
NKNRNRYRDVSPFDHSRIKLH	,0,S
HQEDNDYINASLIKMEEAQRS	,0,S
MEEAQRSYILTQGPLPNTCGH	,0,T
HFWEMVWEQKSRGVVMLNRVM	,0,S
VMLNRVMEKGSLKCAQYWPQK	,0,S
KEEKEMIFEDTNLKLTLISED	,0,T
KLTLISEDIKSYYTVRQLELE	,0,S
TVRQLELENLTTQETREILHF	,0,T
ETREILHFHYTTWPDFGVPES	,0,T
PDFGVPESPASFLNFLFKVRE	,0,S
FLNFLFKVRESGSLSPEHGPV	,0,S
PEHGPVVVHCSAGIGRSGTFC	,0,S
GRSGTFCLADTCLLLMDKRKD	,0,T
LLLMDKRKDPSSVDIKKVLLE	,0,S
MRKFRMGLIQTADQLRFSYLA	,0,T
IEGAKFIMGDSSVQDQWKELS	,0,S
FPNHQWVKEETQEDKDCPIKE	,0,T
KDCPIKEEKGSPLNAAPYGIE	,0,S
PLNAAPYGIESMSQDTEVRSR	,0,S
KPFLVNMCVATVLTAGAYLCY	,0,T
TIEREFEELDTQRRWQPLYLE	,0,T
QPLYLEIRNESHDYPHRVAKF	,0,S
ESVKCAQYWPTDDQEMLFKET	,0,T
KETGFSVKLLSEDVKSYYTVH	,0,S
LQLENINSGETRTISHFHYTT	,0,T
NRIGLEEEKLTGDRCTGLSSK	,0,T
CTGLSSKMQDTMEENSESALR	,0,T
RKRIREDRKATTAQKVQQMKQ	,0,T
KRWLYWQPILTKMGFMSVILV	,0,T
YVDKENGEPGTRVVAKDGLKL	,0,T
VVAKDGLKLGSGPSIKALDGR	,0,S
GPSIKALDGRSQVSTPRFGKT	,0,S
FDAPPALPKATRKALGTVNRA	,0,T
RKALGTVNRATEKSVKTKGPL	,0,T
TKGPLKQKQPSFSAKKMTEKT	,0,S
KMTEKTVKAKSSVPASDDAYP	,0,S
EEHQIAHLPLSGVPLMILDEE	,0,S
NLLQSPSSILSTLDVELPPVC	,0,S
FKFLVIGNAGTGKSCLLHQFI	,0,T
QFIEKKFKDDSNHTIGVEFGS	,0,S
GKYVKLQIWDTAGQERFRSVT	,0,T
GQERFRSVTRSYYRGAAGALL	,0,S
AAGALLVYDITSRETYNALTN	,0,T
ETYNALTNWLTDARMLASQNI	,0,T
KKDLDADREVTFLEASRFAQE	,0,T
AQENELMFLETSALTGENVEE	,0,T
CARKILNKIESGELDPERMGS	,0,S
GQNYPEEADGTLDCISMALTC	,0,T
LDCISMALTCTFNRWGTLLAV	,0,T
DGRIVIWDFLTRGIAKIISAH	,0,T
IISAHIHPVCSLCWSRDGHKL	,0,S
CWSRDGHKLVSASTDNIVSQW	,0,S
DNIVSQWDVLSGDCDQRFRFP	,0,S
GDCDQRFRFPSPILKVQYHPR	,0,S
QNKVLVCPMKSAPVMLTLSDS	,0,S
KHVVLPVDDDSDLNVVASFDR	,0,S
SFDRRGEYIYTGNAKGKILVL	,0,T
NAKGKILVLKTDSQDLVASFR	,0,T
SQDLVASFRVTTGTSNTTAIK	,0,T
TGTSNTTAIKSIEFARKGSCF	,0,S
ARKGSCFLINTADRIIRVYDG	,0,T
RQHALYIWEKSIGNLVKILHG	,0,S
IGNLVKILHGTRGELLLDVAW	,0,T
AWHPVRPIIASISSGVVSIWA	,0,S
IWAQNQVENWSAFAPDFKELD	,0,S
DENVEYEERESEFDIEDEDKS	,0,S
EDEDKSEPEQTGADAAEDEEV	,0,T
DAAEDEEVDVTSVDPIAAFCS	,0,T
SVDPIAAFCSSDEELEDSKAL	,0,S
PYGPPPDAVQTSLMDEGASSE	,0,T
EGASSEKKRQSSADGSQPPKK	,0,S
GSQPPKKKPKTTNIELQGVPN	,0,T
SAKGKVQAELSQPLTAGGAIS	,0,S
PPKTPRKTAATAAAAAAEPPA	,0,T
PPPEEDPEQDSGPEDLPLVRL	,0,S
LPLVRLEFEETEEPDFTALCQ	,0,T
PDHVRERAWLTWEKVSSVDGV	,0,T
FIAAVDLDEMSFTFTELQKNI	,0,S
FTELQKNIEISVHKFFNLLKE	,0,S
KFFNLLKEIDTSTKVDNAMSR	,0,T
KKYDVLFALFSKLERTCELIY	,0,S
LERTCELIYLTQPSSSISTEI	,0,T
PSSSISTEINSALVLKVSWIT	,0,S
VLQMEDDLVISFQLMLCVLDY	,0,S
YFKNFIPFMNSLGLVTSNGLP	,0,S
SNGLPEVENLSKRYEEIYLKN	,0,S
DARLFLDHDKTLQTDSIDSFE	,0,T
LQTDSIDSFETQRTPRKSNLD	,0,T
QQLMMILNSASDQPSENLISY	,0,S
ENLISYFNNCTVNPKESILKR	,0,T
AVGQGCVEIGSQRYKLGVRLY	,0,S
GVRLYYRVMESMLKSEEERLS	,0,S
EEERLSIQNFSKLLNDNIFHM	,0,S
KLLNDNIFHMSLLACALEVVM	,0,S
LACALEVVMATYSRSTSQNLD	,0,T
YSRSTSQNLDSGTDLSFPWIL	,0,S
KAFDFYKVIESFIKAEGNLTR	,0,S
LERCEHRIMESLAWLSDSPLF	,0,S
DSPLFDLIKQSKDREGPTDHL	,0,S
DREGPTDHLESACPLNLPLQN	,0,S
PLNLPLQNNHTAADMYLSPVR	,0,T
AADMYLSPVRSPKKKGSTTRV	,0,S
KKKGSTTRVNSTANAETQATS	,0,S
AETQATSAFQTQKPLKSTSLS	,0,T
VYRLAYLRLNTLCERLLSEHP	,0,T
EHPELEHIIWTLFQHTLQNEY	,0,T
DRHLDQIMMCSMYGICKVKNI	,0,S
NIDLKFKIIVTAYKDLPHAVQ	,0,T
YKDLPHAVQETFKRVLIKEEE	,0,T
RVLIKEEEYDSIIVFYNSVFM	,0,S
YNSVFMQRLKTNILQYASTRP	,0,T
ILQYASTRPPTLSPIPHIPRS	,0,T
KMTPRSRILVSIGESFGTSEK	,0,S
FQKINQMVCNSDRVLKRSAEG	,0,S
DRVLKRSAEGSNPPKPLKKLR	,0,S
LKKLRFDIEGSDEADGSKHLP	,0,S
ADGSKHLPGESKFQQKLAEMT	,0,S
KFQQKLAEMTSTRTRMQKQKM	,0,S
RARAQHIVPCTISQLLSATLV	,0,T
EVFRIGNVEISQVTIVGIIRH	,0,S
GIIRHAEKAPTNIVYKIDDMT	,0,T
APMDVRQWVDTDDTSSENTVV	,0,T
SSENTVVPPETYVKVAGHLRS	,0,T
GHLRSFQNKKSLVAFKIMPLE	,0,S
IMPLEDMNEFTTHILEVINAH	,0,T
LEVINAHMVLSKANSQPSAGR	,0,S
SQPSAGRAPISNPGMSEAGNF	,0,S
MSEAGNFGGNSFMPANGLTVA	,0,S
QDLKNQLKHMSVSSIKQAVDF	,0,S
SSIKQAVDFLSNEGHIYSTVD	,0,S
GAPVGGPDPQSPGLDEPAPGA	,0,S
GAAADGGARWSAGPAPGLEGG	,0,S
APLPELDPLFSWTEEPEECGP	,0,S
TEEPEECGPASCPESAPFRLQ	,0,S
PESAPFRLQGSSSSHRARGEV	,0,S
HRARGEVDVFSPFPAPTAGEL	,0,S
GELALEQGPGSPPQPSDLSQT	,0,S
SDLSQTHPLPSEPVGSQEDGP	,0,S
VRIEDFIQFATVYGAEQVKDL	,0,T
VYGAEQVKDLTKYLDPSGLGV	,0,T
YLDPSGLGVISFEDFYQGITA	,0,S
PDGQCYGGVASAQDEEPLACP	,0,S
ACPDEFDDFVTYEANEVTDSA	,0,T
NEVTDSAYMGSESTYSECETF	,0,S
ESTYSECETFTDEDTSTLVHP	,0,T
PELQPEGDADSAGGSAVPSEC	,0,S
LPGRPHPHGQSVITVIGGEEH	,0,S
EEHFEDYGEGSEAELSPETLC	,0,S
ETLCNGQLGCSDPAFLTPSPT	,0,S
FLTPSPTKRLSSKKVARYLHQ	,0,S
SKKVARYLHQSGALTMEALED	,0,S
ALTMEALEDPSPELMEGPEED	,0,S
ERRVLELEKDTAATGEQHSRL	,0,T
LRACEMVLEETRRQKELLCKM	,0,T
ELLCKMEREKSIEIENLQTRL	,0,S
TRLQQLDEENSELRSCTPCLK	,0,S
EKQKLLDEIESLTLRLSEEQE	,0,S
ENKRRMGDRLSHERHQFQRDK	,0,S
RHQFQRDKEATQELIEDLRKQ	,0,T
KLEAEQRRGRSSSMGLQEYHS	,0,S
LQEYHSRARESELEQEVRRLK	,0,S
QNEELNGQIITLSIQGAKSLF	,0,T
LSIQGAKSLFSTAFSESLAAE	,0,S
AFSESLAAEISSVSRDELMEA	,0,S
AAAAAAPALDSAAAEDLSDAL	,0,S
EFDAVLADFASPFHERHFHYE	,0,S
EEHLERMKRRSSASVSDSSGF	,0,S
SASVSDSSGFSDSESADSLYR	,0,S
SESADSLYRNSFSFSDEKLNS	,0,S
IFKAELNEFLTRELAEDGYSG	,0,T
DGYSGVEVRVTPTRTEIIILA	,0,T
PTRTEIIILATRTQNVLGEKG	,0,T
GEKGRRIRELTAVVQKRFGFP	,0,T
VQKRFGFPEGSVELYAEKVAT	,0,S
RGLCAIAQAESLRYKLLGGLA	,0,S
CYGVLRFIMESGAKGCEVVVS	,0,S
SGKLRGQRAKSMKFVDGLMIH	,0,S
MKFVDGLMIHSGDPVNYYVDT	,0,S
KVKIMLPWDPTGKIGPKKPLP	,0,T
MASNSLFSTVTPCQQNFFWDP	,0,T
PCQQNFFWDPSTSRRFSPPSS	,0,S
TSRRFSPPSSSLQPGKMSDVS	,0,S
PRLRPPHDNRTMVEIIADHPA	,0,T
IADHPAELVRTDSPNFLCSVL	,0,T
SPNFLCSVLPSHWRCNKTLPV	,0,S
VVALGEVPDGTVVTVMAGNDE	,0,T
TVMAGNDENYSAELRNASAVM	,0,S
RFNDLRFVGRSGRGKSFTLTI	,0,S
GRGKSFTLTITVFTNPPQVAT	,0,T
VATYHRAIKVTVDGPREPRRH	,0,T
PRRHRQKLDDSKPSLFSDRLS	,0,S
LSDLGRIPHPSMRVGVPPQNP	,0,S
VGVPPQNPRPSLNSAPSPFNP	,0,S
APSPFNPQGQSQITDPRQAQS	,0,S
QITDPRQAQSSPPWSYDQSYP	,0,S
PPWSYDQSYPSYLSQMTSPSI	,0,S
LSQMTSPSIHSTTPLSSTRGT	,0,S
STRGTGLPAITDVPRRISDDD	,0,T
DVPRRISDDDTATSDFCLWPS	,0,T
ATSDFCLWPSTLSKKSQAGAS	,0,T
QAGASELGPFSDPRQFPSISS	,0,S
PRQFPSISSLTESRFSNPRMH	,0,T
FSNPRMHYPATFTYTPPVTSG	,0,T
TYTPPVTSGMSLGMSATTHYH	,0,S
LGMSATTHYHTYLPPPYPGSS	,0,T
RSPSRMLPPCTTTSNGSTLLN	,0,T
NQNDGVDADGSHSSSPTVLNS	,0,S
HSSSPTVLNSSGRMDESVWRP	,0,S
ISEEHRPHAPSRWSQGRKRCS	,0,S
SDGKLRRHDDTDSTVFDTKPS	,0,T
INEFGRRERRSSSGSSDSKDS	,0,S
SSGSSDSKDSSTHGEMETDPA	,0,S
GEMETDPAVITRRQKQINYGK	,0,T
RQKQINYGKNTIAYDRYIKAV	,0,T
HLREPNVHPRTPNKFKKYSRR	,0,T
PNKFKKYSRRSWDQQIRLWRI	,0,S
HQWDPPAAEGSDLQPFMEEDM	,0,S
QPFMEEDMVCTETSSQENLFT	,0,T
TSSQENLFTGTPTKVRKVEAD	,0,T
CRPRSPPRHQSRCDGDASPPS	,0,S
DASPPSPARWSLGRKRRADGR	,0,S
ASAVEEDEMRTRVNKEMARYK	,0,T
GSSDSKESMSTVPADFETDES	,0,T
LQEIHPVDLESAESSSEPQTS	,0,S
AESSSEPQTSSQDDFDVYSGT	,0,S
DDFDVYSGTPTKVRHMDSQVE	,0,T
EDEFDLEACLTEPLRDFSAMS	,0,T
MNFLRRRLSDSSFMANLPNGY	,0,S
FMANLPNGYMTDLQRPDSSTS	,0,T
DLQRPDSSTSSPASPAMERRH	,0,S
ERRHPQPLAASFSSPGSSLFS	,0,S
FSSPGSSLFSSLSSAMKQAPQ	,0,S
SSAMKQAPQATSGLMEPPGPS	,0,T
SGLMEPPGPSTPIVQRPRILL	,0,T
RILLVIDDAHTDWSKYFHGKK	,0,T
IEIRVEQAEFSELNLAAYVTG	,0,S
MVDMQVVRNGTKVVSRSFKPD	,0,T
DFILVRQHAYSMALGEDYRSL	,0,S
LQYGGLPAVNSLYSVYNFCSK	,0,S
YNFCSKPWVFSQLIKIFHSLG	,0,S
GPEKFPLVEQTFFPNHKPMVT	,0,T
VENQLDFQDITSVVAMAKTYA	,0,T
SVVAMAKTYATTEAFIDSKYD	,0,T
KYDIRIQKIGSNYKAYMRTSI	,0,S
NYKAYMRTSISGNWKANTGSA	,0,S
GSAMLEQVAMTERYRLWVDSC	,0,T
ERYRLWVDSCSEMFGGLDICA	,0,S
LDICAVKAVHSKDGRDYIIEV	,0,S
GRDYIIEVMDSSMPLIGEHVE	,0,S
DRQLMADLVVSKMSQLPMPGG	,0,S
KMSQLPMPGGTAPSPLRPWAP	,0,T
PLRPWAPQIKSAKSPGQAQLG	,0,S
PPQGGPRQAQSPQPQRSGSPS	,0,S
SPGSPQLSRASSGSSPNQASK	,0,S
SPNQASKPGATLASQPRPPVQ	,0,T
SQPRPPVQGRSTSQQGEESKK	,0,S
PAPPHPHLNKSQSLTNSLSTS	,0,S
SLTNSLSTSDTSQRGTPSEDE	,0,T
TPSEDEAKAETIRNLRKSFAS	,0,T
QIGAKFWEVISDEHGIDPSGN	,0,S
IDPSGNYVGDSDLQLERISVY	,0,S
ERISVYYNEASSHKYVPRAIL	,0,S
RAILVDLEPGTMDSVRSGAFG	,0,T
FRPDNFIFGQSGAGNNWAKGH	,0,S
AGNNWAKGHYTEGAELVDSVL	,0,T
NCDCLQGFQLTHSLGGGTGSG	,0,T
LGGGTGSGMGTLLISKVREEY	,0,T
TLSIHQLVENTDETYCIDNEA	,0,T
NEALYDICFRTLKLATPTYGD	,0,T
PTYGDLNHLVSATMSGVTTSL	,0,S
HFFMPGFAPLTARGSQQYRAL	,0,T
ARGSQQYRALTVPELTQQMFD	,0,T
ACDPRHGRYLTVATVFRGRMS	,0,T
EVDEQMLAIQSKNSSYFVEWI	,0,S
CDIPPRGLKMSSTFIGNSTAI	,0,S
TAIQELFKRISEQFTAMFRRK	,0,S
FRRKAFLHWYTGEGMDEMEFT	,0,T
MDEMEFTEAESNMNDLVSEYQ	,0,S
VSEYQQYQDATAEEEGEMYED	,0,T
DHPFGFVAVPTKNPDGTMNLM	,0,T
WECAIPGKKGTPWEGGLFKLR	,0,T
LFHPNVYPSGTVCLSILEEDK	,0,T
EEDKDWRPAITIKQILLGIQE	,0,T
IQDPAQAEAYTIYCQNRVEYE	,0,T
IQVRTMDGRQTHTVDSLSRLT	,0,T
YRGKQMEDGHTLFDYEVRLND	,0,T
LFDYEVRLNDTIQLLVRQSLV	,0,T
LVRQSLVLPHSTKERDSELSD	,0,S
TKERDSELSDTDSGCCLGQSE	,0,T
DSGCCLGQSESDKSSTHGEAA	,0,S
THGEAAAETDSRPADEDMWDE	,0,S
RPADEDMWDETELGLYKVNEY	,0,T
KVNEYVDARDTNMGAWFEAQV	,0,T
AWFEAQVVRVTRKAPSRDEPC	,0,T
RKAPSRDEPCSSTSRPALEED	,0,S
YPENGVVQMNSRDVRARARTI	,0,S
ERGFWYDAEISRKRETRTARE	,0,S
LYANVVLGDDSLNDCRIIFVD	,0,S
VFKIERPGEGSPMVDNPMRRK	,0,S
PMVDNPMRRKSGPSCKHCKDD	,0,S
FHIYCLDPPLSSVPSEDEWYC	,0,S
WYCPECRNDASEVVLAGERLR	,0,S
VVLAGERLRESKKKAKMASAT	,0,S
KKKAKMASATSSSQRDWGKGM	,0,S
WGKGMACVGRTKECTIVPSNH	,0,T
YGPIPGIPVGTMWRFRVQVSE	,0,T
MWRFRVQVSESGVHRPHVAGI	,0,S
RPHVAGIHGRSNDGAYSLVLA	,0,S
EDDVDHGNFFTYTGSGGRDLS	,0,T
GGRDLSGNKRTAEQSCDQKLT	,0,T
EQSCDQKLTNTNRALALNCFA	,0,T
QEGAEAKDWRSGKPVRVVRNV	,0,S
VVRNVKGGKNSKYAPAEGNRY	,0,S
VVKYWPEKGKSGFLVWRYLLR	,0,S
RRDDDEPGPWTKEGKDRIKKL	,0,T
GKDRIKKLGLTMQYPEGYLEA	,0,T
SAGGGPSRAGSPRRTSKKTKV	,0,S
TSKKTKVEPYSLTAQQSSLIR	,0,S
QQSSLIREDKSNAKLWNEVLA	,0,S
NAKLWNEVLASLKDRPASGSP	,0,S
ASGSPFQLFLSKVEETFQCIC	,0,S
CCQELVFRPITTVCQHNVCKD	,0,T
HNVCKDCLDRSFRAQVFSCPA	,0,S
CPACRYDLGRSYAMQVNQPLQ	,0,S
YAMQVNQPLQTVLNQLFPGYG	,0,T
SYRRMFGGPGTASRPSSSRSY	,0,T
SRPSSSRSYVTTSTRTYSLGS	,0,T
SVPGVRLLQDSVDFSLADAIN	,0,S
VDFSLADAINTEFKNTRTNEK	,0,T
ELEQLKGQGKSRLGDLYEEEM	,0,S
RELRRQVDQLTNDKARVEVER	,0,T
EMLQREEAENTLQSFRQDVDN	,0,T
QSFRQDVDNASLARLDLERKV	,0,S
ARLDLERKVESLQEEIAFLKK	,0,S
EQHVQIDVDVSKPDLTAALRD	,0,S
ALRDVRQQYESVAAKNLQEAE	,0,S
NLQEAEEWYKSKFADLSEAAN	,0,S
NDALRQAKQESTEYRRQVQSL	,0,S
TEYRRQVQSLTCEVDALKGTN	,0,T
EVDALKGTNESLERQMREMEE	,0,S
FAVEAANYQDTIGRLQDEIQN	,0,T
TYRKLLEGEESRISLPLPNFS	,0,S
RISLPLPNFSSLNLRETNLDS	,0,S
TNLDSLPLVDTHSKRTLLIKT	,0,T
KRTLLIKTVETRDGQVINETS	,0,T
PPPRRAGAACTLRQKLIFSPC	,0,T
LRQKLIFSPCSDCEEEEEEEE	,0,S
EEEEEEEEEGSGHSTGEDSAF	,0,S
GEDSAFQEPDSPLPPARSPTE	,0,S
PTEPGPERRRSPGPAPGSPGE	,0,S
PVRCGGPGDASPRGCGARRAG	,0,S
GARRAGEGRRSPRPDHPGTPP	,0,S
PDHPGTPPHKTFRKLRLFDTP	,0,T
RKLRLFDTPHTPKSLLSKARG	,0,T
SLLSKARGIDSSSVKLRGSSL	,0,S
KLRGSSLFMDTEKSGKREFDV	,0,T
SGKREFDVRQTPQVNINPFTP	,0,T
QVNINPFTPDSLLLHSSGQCR	,0,S
SSGQCRRRKRTYWNDSCGEDM	,0,T
NDSCGEDMEASDYELEDETRP	,0,S
EDETRPAKRITITESNMKSRY	,0,T
ITESNMKSRYTTEFHELEKIG	,0,T
TEFHELEKIGSGEFGSVFKCV	,0,S
IKRSKKPLAGSVDEQNALREV	,0,S
VYAHAVLGQHSHVVRYFSAWA	,0,S
LIQNEYCNGGSLADAISENYR	,0,S
DAISENYRIMSYFKEAELKDL	,0,S
QVGRGLRYIHSMSLVHMDIKP	,0,S
MSLVHMDIKPSNIFISRTSIP	,0,S
ISRTSIPNAASEEGDEDDWAS	,0,S
MFKIGDLGHVTRISSPQVEEG	,0,T
ISSPQVEEGDSRFLANEVLQE	,0,S
LANEVLQENYTHLPKADIFAL	,0,T
PKADIFALALTVVCAAGAEPL	,0,T
GRLPRIPQVLSQEFTELLKVM	,0,S
MIHPDPERRPSAMALVKHSVL	,0,S
MALVKHSVLLSASRKSAEQLR	,0,S
IELNAEKFKNSLLQKELKKAQ	,0,S
KAAAEERALFTDRMATRSTTQ	,0,T
DRMATRSTTQSNRTSRLIGKK	,0,S
ILGIPQAHRGTGLVLDGDTSY	,0,T
GLVLDGDTSYTYHLVCMGPEA	,0,T
YHLVCMGPEASGWGQDEPQTW	,0,S
WGQDEPQTWPTDHRAQQGVQR	,0,T
GARDAHQGRPTWALRPEDGED	,0,T
PEDGEDKEMKTYRLDAGDADP	,0,T
LREQRGLRQATDHQELVEIPT	,0,T
LVEIPTRPLLTKLSLITAPRR	,0,T
TAPRRERGRPSLYVQRDIVQE	,0,S
IPPDAYQPYLSPGTPQLEFSA	,0,S
FSAFGAFGKPSSLSTAEAKAA	,0,S
SLSTAEAKAATSPKATMSPRH	,0,T
PKATMSPRHLSESSGKPLSTK	,0,S
GKPLSTKQEASKPPRGCPQAN	,0,S
AGAPALRLQKSQSSDLLERER	,0,S
SSDLLERERESVLRREQEVAE	,0,S
SRSSSQASGITGSYSVSESPF	,0,T
SYSVSESPFFSPIHLHSNVAW	,0,S
PIHLHSNVAWTVEDPVDSAPP	,0,T
KEQWYAGINPSDGINSEVLEA	,0,S
NSEVLEAIRVTRHKNAMAERW	,0,T
EQKLKASNGDTPTHEDLTKNK	,1,T
SEWDKRLSTHSPFRTLNINGQ	,1,S
NGNPSWHLADSPAVNGATGHS	,1,S
NWPFLEDCACTPERMAEAGFI	,1,T
PPVSPICTFVSPAAQKAFQPP	,1,S
DFTSAAQLASTPFHKLPVESV	,1,T
GKGPASTPTYSPAPTQPAPRI	,1,S
HKLKQTENAFSPSRSGGRASG	,1,S
SMWEKGSVFSSPSASGTPNKE	,1,S
SSRINEWLTKSPDGNKSPAPK	,1,S
EQPYLEMDLSSPQTRYIPDEA	,1,S
SPEPILVDTASPSPMETSGCA	,1,S
ADFGLAKSFGSPNRIYTHQVV	,1,S
ETENREKVAASPKSPTAALNE	,1,S
KKGKSEDDFQTPKPPASRKSR	,1,T
DLEAELSEAETPKNPTPIRRT	,1,T
RHRFRYIPPNTPENFWEVGFP	,1,T
MGSSSMPGGSTPVSSANMMSG	,1,T
NMMSGISSVPTPSPLGPLAGS	,1,T
GRILVELDETSQGLVPEKTNV	,1,S
GLKTYQVTPMTPRSANAFLTP	,1,T
EEHVLNKNEATTKNLNGLPIK	,1,T
VFDAGFFRVESPVKLFSGLSV	,1,S
SSEGPSQRLGTPKSVNKAVSQ	,1,T
VEGMELNSSITSQDVLMSSPE	,1,T
KNKRSASISVSPAKKTEEKEI	,1,S
TITKFSDLPSSPIKAPNVEKK	,1,S
KSKPIPIMPASPQKGHAVNLL	,1,S
CAGDLPLPSNTPTFSIKTSPA	,1,T
DTWLQNTSSHSPTPQRRPVSS	,1,S
KKSVSMLSLNTPNSNRKRRRL	,1,T
KSCTKSSKSSTPVPSKQSARW	,1,T
KVTRAFSFSKTPKRALRRALM	,1,T
ILRGTEEKCGSPQVRTLSGSR	,1,S
APAFSDPWGGSPAKPSTNGTT	,1,S
AAALTAERIKTPPKRPGGRRR	,1,T
PIKETLPISSTPSKSVLPRTP	,1,T
DLISVPFGNSSPSDIDVPKPG	,1,S
LNPEGGKSGKSPRRRAASMDN	,1,S
ILEERQLSRSTPSLNKMSHED	,1,T
KKLREYQQKNSPGVPAGAKKK	,1,S
IQVDHERILGTPDYLAPELLL	,1,T
YGARPVSSAASVYAGAGGSGS	,1,S
KNGLPGSRPGSPEREVPASAQ	,1,S
RRVTRSQQQPTPVTPKKYPLR	,1,T
ELRNDVPTGTTPQRRDYAYPS	,1,T
KMAVKHPGCTTPVTVKIPKAR	,1,T
TSLSPRSSLSSPSPPCSPLMA	,1,S
GSTIIRSKTFSPGPQSQYVCR	,1,S
RQRKGGSTSSSPSRRRGSRSR	,1,S
RGSRSRSRSRSPGRPPKSARR	,1,S
GEEERLRLSPSPTSQRSRGRA	,1,S
GANIMCPGLTSPGAKLYPAAV	,1,S
DTAGVTRSASSPRLSSSLDNK	,1,S
AVQASLSLPATPVGKGTENTF	,1,T
PKAIPNGFGTSPLTPSARISA	,1,S
ICEPPINGSSTPNPKIASSVT	,1,T
GQESFKKQEKTPKTPKGPSSV	,1,T
GAVAVERVTKSPGETSKPRPF	,1,S
KATSCFPRPMTPRDRHEGRKQ	,1,T
RQSMAFSILNTPKKLGNSLLR	,1,T
SPNTRSGTRRSPRIATTTASA	,1,S
CDMCQDWFHGSCVGVEEEKAA	,1,S
THKGKPVKTGSPTFVRELRSR	,1,S
FPTDERSWVYSPLHYSAQAPP	,1,S
EARSAASNTGTPDGPEAPPGP	,1,T
NSNDFIDAFASPVEAEGTPEP	,1,S
YLTGGLIEPDTPGRVPLDEAL	,1,T
PLTAINKGQDSPLVEKQVAPA	,1,S
QPRPSTSKAVSPPHLDGPPSP	,1,S
LSRPSLGSTSTPRNLSPEFSM	,1,T
TEMLYGSAPRTPSKRRGLAPN	,1,T
PSKRRGLAPNTPGKARKLNTT	,1,T
SHFCHLAWVNTPKKQGGLGPM	,1,T
GGSLRGAQAASPAKGEPSLPE	,1,S
KEDLSPAFDHSPNKIMTEKYN	,1,S
LEKLFQLGPPSPVKMPSPPWE	,1,S
YGDAALRQLRSPRRAQAPNAQ	,1,S
MQKLQDLVNRTPWKKCCFSGD	,1,T
PKGSKGKEKDSPFKPKLYKGD	,1,S
YKTAVIPINGSPRTPRRGQNR	,1,S
DEEVNVIPPHTPVRTVMNTIQ	,1,T
LRIPGGNIYISPLKSPYKISE	,1,S
GYTQSPGGFGSPAPSQAEKKS	,1,S
PRSGPRGQLASPDAPGPGPRS	,1,S
STPALLSATVTPQKAKLGDTK	,1,T
VEPKDEILPTTPISEQKGGKP	,1,T
STPYLYYGTSSGSYQFPMVPG	,1,S
EPQARPDSFTTPESHKPVARC	,1,T
RLSPQGQQPLSPQSGSPQQQR	,1,S
RIMNTFSVVPSPKVSDTVVEP	,1,S
RMLFKDDYPSSPPKCKFEPPL	,1,S
EEEQQEGGFASPRTGKGKWKR	,1,S
PSTSRSLYASSPGGVYATRSS	,1,S
SWEEEGFGSSSPVKSPAAPYF	,1,S
LSLISSLGFNTPAGGRTQGSL	,1,T
QTEGMRGNASTPLLMKKRESL	,1,T
QNLKRLEFAFSPIVDRRTGKK	,1,S
VKRNYDLVEKSPEQELLQDKK	,1,S
LPDSLQNVLASPAPASAMTNP	,1,S
KPMVAFRSYNSPINVSNVSEP	,1,S
YSVHAYTGQPSPRGLHSENRE	,1,S
KSSTVATLQGTPDHGDPRTPG	,1,T
EQANKGAPHSSPARGTPAGTT	,1,S
DDPGSLASVESPGTPKETPIE	,1,S
REGLHVGRASTPDWVSEGPQP	,1,T
RRNALFPEVFSPTPDENSDQN	,1,S
