sequence,label,code
ASPADSCIQFTRHASDVLLNL	,0,T
DVLLNLNRLRSRDILTDVVIV	,0,S
DILTDVVIVVSREQFRAHKTV	,0,S
RAHKTVLMACSGLFYSIFTDQ	,0,S
IFTDQLKCNLSVINLDPEINP	,0,S
GFCILLDFMYTSRLNLREGNI	,0,T
REGNIMAVMATAMYLQMEHVV	,0,T
MYLQMEHVVDTCRKFIKASEA	,0,T
FIKASEAEMVSAIKPPREEFL	,0,S
IKPPREEFLNSRMLMPQDIMA	,0,S
EVVENNLPLRSAPGCESRAFA	,0,S
PGCESRAFAPSLYSGLSTPPA	,0,S
LYSGLSTPPASYSMYSHLPVS	,0,S
YSMYSHLPVSSLLFSDEEFRD	,0,S
FPKERALPCDSARPVPGEYSR	,0,S
RPVPGEYSRPTLEVSPNVCHS	,0,T
SPNVCHSNIYSPKETIPEEAR	,0,S
PKETIPEEARSDMHYSVAEGL	,0,S
VAEGLKPAAPSARNAPYFPCD	,0,S
NAPYFPCDKASKEEERPSSED	,0,S
LQASGSPPAKSPTDPKACNWK	,0,S
WKKYKFIVLNSLNQNAKPEGP	,0,S
GPEQAELGRLSPRAYTAPPAC	,0,S
PMEPENLDLQSPTKLSASGED	,0,S
PTKLSASGEDSTIPQASRLNN	,0,S
ASRLNNIVNRSMTGSPRSSSE	,0,S
MTGSPRSSSESHSPLYMHPPK	,0,S
SPLYMHPPKCTSCGSQSPQHA	,0,T
SPQHAEMCLHTAGPTFPEEMG	,0,T
GPTFPEEMGETQSEYSDSSCE	,0,T
FFCNECDCRFSEEASLKRHTL	,0,S
EASLKRHTLQTHSDKPYKCDR	,0,T
KPYKCDRCQASFRYKGNLASH	,0,S
RYKGNLASHKTVHTGEKPYRC	,0,T
AQFNRPANLKTHTRIHSGEKP	,0,T
HSGEKPYKCETCGARFVQVAH	,0,T
AHLRAHVLIHTGEKPYPCEIC	,0,T
EKPYPCEICGTRFRHLQTLKS	,0,T
EKCNLHFRHKSQLRLHLRQKH	,0,S
LHLRQKHGAITNTKVQYRVSA	,0,T
NTKVQYRVSATDLPPELPKAC	,0,T
RWSVSQGCGNSHKALTMAGHG	,0,S
LFRGWGMVRPSMRSEAERLRS	,0,S
RSEAERLRSFSAWPRTCPQPS	,0,S
PQPSPVEMARSGFYYLGPGDR	,0,S
LGPGDRVQCFSCGGVLRSWEP	,0,S
RSWEPGDRPDTEHRKFFPSCT	,0,T
LQQQQRDPGATDSQILGQHSG	,0,T
GQHSGEEPDRTWESVYPEMAE	,0,T
EMAEERDRLDSFRNWPMYAHG	,0,S
AHGNPEHLAGSGFFYTGHRDN	,0,S
QDALQMGFKQSLVASLIQSKF	,0,S
ASLIQSKFLLTGSSYSSVSDL	,0,T
SSYSSVSDLVTDLLVAEEETH	,0,T
DLLVAEEETHSTESVSVSRAP	,0,S
TESVSVSRAPTRMERSEPPKE	,0,T
RMERSEPPKESAPPLSTEEQL	,0,S
MCKVCMDKDVSMLFVPCGHLV	,0,S
FVPCGHLVVCTECAPNLRHCP	,0,T
EAGAGAGAAASSAADPAIPEE	,0,S
VWNIKQMIKLTQEHIEALLDK	,0,T
DKFGGEHNPPSIYLEAYEEYT	,0,S
IYLEAYEEYTSKLDALQQREQ	,0,S
LQQREQQLLESLGNGTDFSVS	,0,S
LGNGTDFSVSSSASMDTVTSS	,0,S
SASMDTVTSSSSSSLSVLPSS	,0,S
SSLSVLPSSLSVFQNPTDVAR	,0,S
VFQNPTDVARSNPKSPQKPIV	,0,S
VRVFLPNKQRTVVPARCGVTV	,0,T
PARCGVTVRDSLKKALMMRGL	,0,S
DGEKKPIGWDTDISWLTGEEL	,0,T
HVEVLENVPLTTHNFVRKTFF	,0,T
THNFVRKTFFTLAFCDFCRKL	,0,T
KLLFQGFRCQTCGYKFHQRCS	,0,T
CGYKFHQRCSTEVPLMCVNYD	,0,T
NYDQLDLLFVSKFFEHHPIPQ	,0,S
EHHPIPQEEASLAETALTSGS	,0,S
LAETALTSGSSPSAPASDSIG	,0,S
ASDSIGPQILTSPSPSKSIPI	,0,T
HRNQFGQRDRSSSAPNVHINT	,0,S
RDQGFRGDGGSTTGLSATPPA	,0,S
SATPPASLPGSLTNVKALQKS	,0,S
KSPGPQRERKSSSSSEDRNRM	,0,S
SSSEDRNRMKTLGRRDSSDDW	,0,T
DDWEIPDGQITVGQRIGSGSF	,0,T
GQRIGSGSFGTVYKGKWHGDV	,0,T
GDVAVKMLNVTAPTPQQLQAF	,0,T
FKNEVGVLRKTRHVNILLFMG	,0,T
HVNILLFMGYSTKPQLAIVTQ	,0,S
LAIVTQWCEGSSLYHHLHIIE	,0,S
SLYHHLHIIETKFEMIKLIDI	,0,T
MIKLIDIARQTAQGMDYLHAK	,0,T
AQGMDYLHAKSIIHRDLKSNN	,0,S
SNNIFLHEDLTVKIGDFGLAT	,0,T
IGDFGLATVKSRWSGSHQFEQ	,0,S
WSGSHQFEQLSGSILWMAPEV	,0,S
VIRMQDKNPYSFQSDVYAFGI	,0,S
AFGIVLYELMTGQLPYSNINN	,0,T
IIFMVGRGYLSPDLSKVRSNC	,0,S
ERPLFPQILASIELLARSLPK	,0,S
LARSLPKIHRSASEPSLNRAG	,0,S
LSSGSSAEGASLFNGDMEPEP	,0,S
ISQEETTLGETTPASGSYPSV	,0,T
ASGSYPSVPPSDSVGPPILPS	,0,S
QLMRCLRKYQSRTPSPLLHSV	,0,S
TPSPLLHSVPSEIVFDFEPGP	,0,S
PEIAAAVGFLSSLLRTRGCVS	,0,S
CVSEQRLKVFSGALQEALTEH	,0,S
YKHHWFPEKPSKGSGYRCIRI	,0,S
RINHKMDPIISRVASQIGLSQ	,0,S
SQPQLHQLLPSELTLWVDPYE	,0,S
LTLWVDPYEVSYRIGEDGSIC	,0,S
QVDQLWDALLSRELFRPHMIE	,0,S
HMIEDIQRAGSGSRRDQARQL	,0,S
QARQLIIDLETRGSQALPLFI	,0,T
RGSQALPLFISCLEDTGQDML	,0,S
LEDTGQDMLASFLRTNRQAAK	,0,S
LRTNRQAAKLSKPTLENLTPV	,0,S
RGNADLAYILSMEPCGHCLII	,0,S
IINNVNFCRESGLRTRTGSNI	,0,S
IDCEKLRRRFSSLHFMVEVKG	,0,S
HFMVEVKGDLTAKKMVLALLE	,0,T
ALDCCVVVILSHGCQASHLQF	,0,S
HLQFPGAVYGTDGCPVSVEKI	,0,T
VEKIVNIFNGTSCPSLGGKPK	,0,T
EQKDHGFEVASTSPEDESPGS	,0,S
SPGSNPEPDATPFQEGLRTFD	,0,T
LRTFDQLDAISSLPTPSDIFV	,0,S
SLPTPSDIFVSYSTFPGFVSW	,0,S
PGFVSWRDPKSGSWYVETLDD	,0,S
LDDIFEQWAHSEDLQSLLLRV	,0,S
SLLLRVANAVSVKGIYKQMPG	,0,S
SSRSTKDLIKSKWGSKPSNSK	,0,S
KWGSKPSNSKSETTLEKLKGE	,0,S
KLKGEIAHLKTSVDEITSGKG	,0,T
DEITSGKGKLTDKERHRLLEK	,0,T
AEKEKNAYQLTEKDKEIQRLR	,0,T
RLRDQLKARYSTTTLLEQLEE	,0,S
TTTLLEQLEETTREGERREQV	,0,T
ERREQVLKALSEEKDVLKQQL	,0,S
EEKDVLKQQLSAATSRIAELE	,0,S
AATSRIAELESKTNTLRLSQT	,0,S
SQTVAPNCFNSSINNIHEMEI	,0,S
LAKIFELEKKTETAAHSLPQQ	,0,T
ETAAHSLPQQTKKPESEGYLQ	,0,T
KQKCYNDLLASAKKDLEVERQ	,0,S
AKKDLEVERQTITQLSFELSE	,0,T
LSEFRRKYEETQKEVHNLNQL	,0,T
EVHNLNQLLYSQRRADVQHLE	,0,S
VQHLEDDRHKTEKIQKLREEN	,0,T
RGKLEEEKKRSEELLSQVQFL	,0,S
ELLSQVQFLYTSLLKQQEEQT	,0,T
ALLEQQMQACTLDFENEKLDR	,0,T
KELRKARNQITQLESLKQLHE	,0,T
CPKCNIQYPATEHRDLLVHVE	,0,T
RQENVDDYYDTGEELGSGQFA	,0,T
FAVVKKCREKSTGLQYAAKFI	,0,S
YAAKFIKKRRTKSSRRGVSRE	,0,T
VSREDIEREVSILKEIQHPNV	,0,S
LKEIQHPNVITLHEVYENKTD	,0,T
ELFDFLAEKESLTEEEATEFL	,0,S
QILNGVYYLHSLQIAHFDLKP	,0,S
FGNEFKNIFGTPEFVAPEIVN	,0,T
EPLGLEADMWSIGVITYILLS	,0,S
VITYILLSGASPFLGDTKQET	,0,S
DTKQETLANVSAVNYEFEDEY	,0,S
VNYEFEDEYFSNTSALAKDFI	,0,S
LLVKDPKKRMTIQDSLQHPWI	,0,T
LQHPWIKPKDTQQALSRKASA	,0,T
KFAARKKWKQSVRLISLCQRL	,0,S
VRLISLCQRLSRSFLSRSNMS	,0,S
LSRSNMSVARSDDTLDEEDSF	,0,S
NVPGLQHLLGSLSNYDVNQPN	,0,S
YDVNQPNKHGTPPLLIAAGCG	,0,T
QILQLLIKRGSRIDVQDKGGS	,0,S
YWAARHGHVDTLKFLSENKCP	,0,T
NKCPLDVKDKSGEMALHVAAR	,0,S
GHADVAQLLCSFGSNPNIQDK	,0,S
NPNIQDKEEETPLHCAAWHGY	,0,T
LHCAAWHGYYSVAKALCEAGC	,0,S
KNREGETPLLTASARGYHDIV	,0,T
VRRCQMEVIKTLLSQGCFVDY	,0,T
FVDYQDRHGNTPLHVACKDGN	,0,T
LCEANCNLDISNKYGRTPLHL	,0,S
VVRYLCLMGASVEALTTDGKT	,0,S
DGKTAEDLARSEQHEHVAGLL	,0,S
AGLLARLRKDTHRGLFIQQLR	,0,T
RGLFIQQLRPTQNLQPRIKLK	,0,T
PRIKLKLFGHSGSGKTTLVES	,0,S
VESLKCGLLRSFFRRRRPRLS	,0,S
NNLYPGCENVSVRSRSMMFEP	,0,S
SRSMMFEPGLTKGMLEVFVAP	,0,T
KGMLEVFVAPTHHPHCSADDQ	,0,T
HHPHCSADDQSTKAIDIQNAY	,0,S
NAYLNGVGDFSVWEFSGNPVY	,0,S
CYDYFAANDPTSIHVVVFSLE	,0,T
IQLNQVIFWLSFLKSLVPVEE	,0,S
KNPLQVVLVATHADIMNVPRP	,0,T
AGGEFGYDKDTSLLKEIRNRF	,0,T
RNRFGNDLHISNKLFVLDAGA	,0,S
NKLFVLDAGASGSKDMKVLRN	,0,S
VLRNHLQEIRSQIVSVCPPMT	,0,S
PMTHLCEKIISTLPSWRKLNG	,0,S
RKLNGPNQLMSLQQFVYDVQD	,0,S
DVQDQLNPLASEEDLRRIAQQ	,0,S
DLRRIAQQLHSTGEINIMQSE	,0,S
TGEINIMQSETVQDVLLLDPR	,0,T
VLLLDPRWLCTNVLGKLLSVE	,0,T
NVLGKLLSVETPRALHHYRGR	,0,T
RALHHYRGRYTVEDIQRLVPD	,0,T
VEDIQRLVPDSDVEELLQILD	,0,S
DAMDICARDLSSGTMVDVPAL	,0,S
TMVDVPALIKTDNLHRSWADE	,0,T
GVRIVPVEHLTPFPCGIFHKV	,0,T
VNLCRWIHQQSTEGDADIRLW	,0,S
GIEVQVRGLETEKIKCCLLLD	,0,T
EKIKCCLLLDSVCSTIENVMA	,0,S
VCSTIENVMATTLPGLLTVKH	,0,T
PGLLTVKHYLSPQQLREHHEP	,0,S
YQPRDFFRAQTLKETSLTNTM	,0,T
LTNTMGGYKESFSSIMCFGCH	,0,S
IMCFGCHDVYSQASLGMDIHA	,0,S
QASLGMDIHASDLNLLTRRKL	,0,S
DLNLLTRRKLSRLLDPPDPLG	,0,S
GLPDLVAKYNTSNGAPKDFLP	,0,T
SNGAPKDFLPSPLHALLREWT	,0,S
PLHALLREWTTYPESTVGTLM	,0,T
YPESTVGTLMSKLRELGRRDA	,0,S
RDAADFLLKASSVFKINLDGN	,0,S
LDGNGQEAYASSCNSGTSYNS	,0,S
PKLAFVLFGASLLSAHLQVTG	,0,S
QVTGFQIKPFTSLHFVSEPSD	,0,T
HFVSEPSDAVTMRGGNVLLNC	,0,T
MRGGNVLLNCSAESDRGVPVI	,0,S
DDRKQQLPNGSLLIQNILHSR	,0,S
PDEGLYQCEASLGDSGSIISR	,0,S
LGDSGSIISRTAKVMVAGPLR	,0,T
VMVAGPLRFLSQTESITAFMG	,0,S
TESITAFMGDTVLLKCEVIGD	,0,T
KCEVIGDPMPTIHWQKNQQDL	,0,T
QQDLNPIPGDSRVVVLPSGAL	,0,S
VVLPSGALQISRLQPGDSGVY	,0,S
QPGDSGVYRCSARNPASTRTG	,0,S
TGNEAEVRILSDPGLHRQLYF	,0,S
HRQLYFLQRPSNVIAIEGKDA	,0,S
GKDAVLECCVSGYPPPSFTWL	,0,S
LRGEEVIQLRSKKYSLLGGSN	,0,S
SLLGGSNLLISNVTDDDSGTY	,0,S
NVTDDDSGTYTCVVTYKNENI	,0,T
CVVTYKNENISASAELTVLVP	,0,S
LVPPWFLNHPSNLYAYESMDI	,0,S
SMDIEFECAVSGKPVPTVNWM	,0,S
WMKNGDVVIPSDYFQIVGGSN	,0,S
SNLRILGVVKSDEGFYQCVAE	,0,S
VAENEAGNAQSSAQLIVPKPA	,0,S
QLIVPKPAIPSSSILPSAPRD	,0,S
APRDVVPVLVSSRFVRLSWRP	,0,S
PPAEAKGNIQTFTVFFSREGD	,0,T
EGDNRERALNTTQPGSLQLTV	,0,T
VGNLKPEAMYTFRVVAYNEWG	,0,T
VAYNEWGPGESSQPIKVATQP	,0,S
PGPVENLHAVSASPTSILITW	,0,S
GPVQGYRLFCTEVSTGKEQNI	,0,T
KEQNIEVDGLSYKLEGLKKFT	,0,S
LEGLKKFTEYTLRFLAYNRYG	,0,T
LAYNRYGPGVSTDDITVVTLS	,0,S
ITVVTLSDVPSAPPQNVSLEV	,0,S
PQNVSLEVVNSRSIKVSWLPP	,0,S
SIKVSWLPPPSGTQNGFITGY	,0,S
ITGYKIRHRKTTRRGEMETLE	,0,T
LEPNNLWYLFTGLEKGSQYSF	,0,T
EKGSQYSFQVSAMTVNGTGPP	,0,S
AMTVNGTGPPSNWYTAETPEN	,0,S
AETPENDLDESQVPDQPSSLH	,0,S
QPSSLHVRPQTNCIIMSWTPP	,0,T
RGYIIGYGVGSPYAETVRVDS	,0,S
VRVDSKQRYYSIERLESSSHY	,0,S
RLESSSHYVISLKAFNNAGEG	,0,S
NAGEGVPLYESATTRSITDPT	,0,S
DYYPLLDDFPTSGPDVSTPML	,0,T
PPVGVQAVALTHEAVRVSWAD	,0,T
EAVRVSWADNSVPKNQKTSDV	,0,S
NQKTSDVRLYTVRWRTSFSAS	,0,T
TSFSASAKYKSEDTTSLSYTA	,0,S
EDTTSLSYTATGLKPNTMYEF	,0,T
GLKPNTMYEFSVMVTKNRRSS	,0,S
VMVTKNRRSSTWSMTAHATTY	,0,T
AHATTYEAAPTSAPKDLTVIT	,0,T
REGKPRAVIVSWQPPLEANGK	,0,S
QPPLEANGKITAYILFYTLDK	,0,T
NIPIDDWIMETISGDRLTHQI	,0,T
DRLTHQIMDLSLDTMYYFRIQ	,0,S
ARNAKGVGPLSDPILFRTLKV	,0,S
HGDGGYWPVDTNLIDRSTLNE	,0,T
PIGQMHPPHGSVTPQKNSNLL	,0,S
PQKNSNLLVITVVTVGVLTVL	,0,T
LVVVIVAVICTRRSSAQQRKK	,0,T
SSAQQRKKRATHSASKRKGSQ	,0,T
SKSASHSGQDTEEAGSSMSTL	,0,T
AGSSMSTLERSLAARRATRTK	,0,S
TKLMIPMEAQSNNPAVVSAIP	,0,S
TLRPVPFPTLSVDRGFGAGRT	,0,S
DRGFGAGRTVSEGPTAQQQPM	,0,S
MLPPAQPEHPSSEEAPSRTIP	,0,S
SEEAPSRTIPTACVRPTHPLR	,0,T
ACVRPTHPLRSFANPLLPPPM	,0,S
FANPLLPPPMSAIEPKVPYTP	,0,S
EPKVPYTPLLSQPGPTLPKTH	,0,S
GPTLPKTHVKTASLGLAGKAR	,0,T
ASLGLAGKARSPLLPVSVPTA	,0,S
PVSVPTAPEVSEESHKPTEDP	,0,S
ESHKPTEDPASVYEQDDLSEQ	,0,S
EQDDLSEQMASLEGLMKQLNA	,0,S
AHEMIGTQIVTERLVALLESG	,0,T
ERLVALLESGTEKVLLIDSRP	,0,T
IDSRPFVEYNTSHILEAININ	,0,T
HILEAININCSKLMKRRLQQD	,0,S
RRLQQDKVLITELIQHSAKHK	,0,T
SAKHKVDIDCSQKVVVYDQSS	,0,S
VYDQSSQDVASLSSDCFLTVL	,0,S
LTVLLGKLEKSFNSVHLLAGG	,0,S
HLLAGGFAEFSRCFPGLCEGK	,0,S
RCFPGLCEGKSTLVPTCISQP	,0,S
PCLPVANIGPTRILPNLYLGC	,0,T
QNGIGYVLNASNTCPKPDFIP	,0,S
TCPKPDFIPESHFLRVPVNDS	,0,S
CEKILPWLDKSVDFIEKAKAS	,0,S
CVLVHCLAGISRSATIAIAYI	,0,S
IAYIMKRMDMSLDEAYRFVKE	,0,S
AYRFVKEKRPTISPNFNFLGQ	,0,T
LDYEKKIKNQTGASGPKSKLK	,0,T
EKPNEPVPAVSEGGQKSETPL	,0,S
EGGQKSETPLSPPCADSATSE	,0,S
AAGQRPVHPASVPSVPSVQPS	,0,S
PSVQPSLLEDSPLVQALSGLH	,0,S
LVQALSGLHLSADRLEDSNKL	,0,S
RLEDSNKLKRSFSLDIKSVSY	,0,S
FSLDIKSVSYSASMAASLHGF	,0,S
ASMAASLHGFSSSEDALEYYK	,0,S
PETSPDKEEASIPKKLQTARP	,0,S
IPKKLQTARPSDSQSKRLHSV	,0,S
SQSKRLHSVRTSSSGTAQRSL	,0,T
SSGTAQRSLLSPLHRSGSVED	,0,S
RSGSVEDNYHTSFLFGLSTSQ	,0,T
FGLSTSQQHLTKSAGLGLKGW	,0,T
SAGLGLKGWHSDILAPQTSTP	,0,S
DILAPQTSTPSLTSSWYFATE	,0,S
LTSSWYFATESSHFYSASAIY	,0,S
FYSASAIYGGSASYSAYSCSQ	,0,S
YSAYSCSQLPTCGDQVYSVRR	,0,T
VYSVRRRQKPSDRADSRRSWH	,0,S
ADSRRSWHEESPFEKQFKRRS	,0,S
RRSCQMEFGESIMSENRSREE	,0,S
RSREELGKVGSQSSFSGSMEI	,0,S
AHKCLILDCRSFFSFSSCSIV	,0,S
FSFSSCSIVGSSNVRLSTIVK	,0,S
STIVKRRAKGSMGLEHIVPNE	,0,S
YEAVVLLDERTSELDMLRKDS	,0,T
SELDMLRKDSTMMLAVNALCR	,0,T
MLAVNALCRDSRGSSIYFLKG	,0,S
SIYFLKGGYETFSAQCPEFCT	,0,T
AQCPEFCTKNSPPVGLSLPLC	,0,S
FLYLGSAYHASRKDMLDTLGI	,0,S
RKDMLDTLGITALINVSANCP	,0,T
NHFEGHFQYKSIPVEDSHKAD	,0,S
PVEDSHKADISSWFNEAIDFI	,0,S
WFNEAIDFIDSVKNSGGRVFV	,0,S
ATICLAYLMRTNRVKLDEAFE	,0,T
QRRSIISPNFSFMGQLLQFES	,0,S
LQFESQVLAPSCSAEAGSPTI	,0,S
CSAEAGSPTISVLDRGTSTTT	,0,S
STTTVFNFPVSIPVHSGANSL	,0,S
IPVHSGANSLSYLQNPITTSP	,0,S
HIAGSVNVRFSTIVRRRAKGA	,0,S
ASLDGAKRDGTLALAAGALCR	,0,T
AAGALCREARSTQVFFLQGGY	,0,S
CSKQSTPTGLSLPLSTSVPDS	,0,S
LSTSVPDSAESGCSSCSTPLY	,0,S
YDQGGPVEILSFLYLGSAYHA	,0,S
LREQGNGHIISWTSRDGGEFK	,0,S
ARLWGLRKNKTNMNYDKLSRA	,0,T
YYDKNIIRKVSGQKFVYKFVS	,0,S
FVSYPEVAGCSTEDCPPQPEV	,0,S
TEDCPPQPEVSVTSTMPNVAP	,0,S
PAAIHAAPGDTVSGKPGTPKG	,0,T
GMAGPGGLARSSRNEYMRSGL	,0,S
RNEYMRSGLYSTFTIQSLQPQ	,0,S
PHPRPAVVLPSAAPAGAAAPP	,0,S
AAPAGAAAPPSGSRSTSPSPL	,0,S
EAGLPLQVILTPPEAPNLKSE	,0,T
VAGERGFVPETTKAEPEVPPQ	,0,T
PARLPAVVMDTAGQAGGHAAS	,0,T
AGQAGGHAASSPEISQPQKGR	,0,S
AFPDWAYKPESSPGSRQIQLW	,0,S
CKPQMNYDKLSRALRYYYNKR	,0,S
YYYNKRILHKTKGKRFTYKFN	,0,T
VGLAGGAVPQSAPPVPSGGSH	,0,S
SGGSHFRFPPSTPSEVLSPTE	,0,S
EVLSPTEDPRSPPACSSSSSS	,0,S
ACSSSSSSLFSAVVARRLGRG	,0,S
AVVARRLGRGSVSDCSDGTSE	,0,S
PRPRGGPEPLSPFPVSPLAGP	,0,S
FPVSPLAGPGSLLPPQLSPAL	,0,S
PPQLSPALPMTPTHLAYTPSP	,0,T
PTHLAYTPSPTLSPMYPSGGG	,0,T
PMYPSGGGGPSGSGGGSHFSF	,0,S
GSGGGSHFSFSPEDMKRYLQA	,0,S
EDMKRYLQAHTQSVYNYHLSP	,0,T
KCPLPPMAPETPPVPSSASSS	,0,T
PPVPSSASSSSSSSSSPFKFK	,0,S
GEKAVAGADKSGGSAGGLAEG	,0,S
PPPQIKVEPISEGESEEVEVT	,0,S
ESEEVEVTDISDEDEEDGEVF	,0,S
EDEEDGEVFKTPRAPPAPPKP	,0,T
KPEPGEAPGASQCMPLKLRFK	,0,S
PLKLRFKRRWSEDCRLEGGGG	,0,S
FSGFNADYEASSSRCSSASPA	,0,S
RCSSASPAGDSLSYYHSPADS	,0,S
SYYHSPADSFSSMGSPVNAQD	,0,S
GSPVNAQDFCTDLAVSSANFI	,0,T
LAVSSANFIPTVTAISTSPDL	,0,T
LQWLVQPALVSSVAPSQTRAP	,0,S
APHPFGVPAPSAGAYSRAGVV	,0,S
GAYSRAGVVKTMTGGRAQSIG	,0,T
IGRRGKVEQLSPEEEEKRRIR	,0,S
AKCRNRRRELTDTLQAETDQL	,0,T
AETDQLEDEKSALQTEIANLL	,0,S
PDDLGFPEEMSVASLDLTGGL	,0,S
DLTGGLPEVATPESEEAFTLP	,0,T
PLLNDPEPKPSVEPVKSISSM	,0,S
VKSISSMELKTEPFDDFLFPA	,0,T
EPFDDFLFPASSRPSGSETAR	,0,S
SRPSGSETARSVPDMDLSGSF	,0,S
HPYYQDKVEQTPRSQQDPAGP	,0,T
DPAGPGLPAQSDRLANHQEDD	,0,S
LEALVNDMNASLESLYSACSM	,0,S
ESLYSACSMQSDTVPLLQNGQ	,0,S
PLLQNGQHARSQPRASGPPRS	,0,S
GPPRSIQPQVSPRQRVQRSQP	,0,S
RLQEEDQQFRTSSLPAIPNPF	,0,T
NPFPELCGPGSPPVLTPGSLP	,0,S
PVLTPGSLPPSQAAAKQDVKV	,0,S
AAAKQDVKVFSEDGTSKVVEI	,0,S
SKVVEILADMTARDLCQLLVY	,0,T
RDLCQLLVYKSHCVDDNSWTL	,0,S
EDHELVVQVESTMASESKFLF	,0,S
PMNFFPEQMVTWCQQSNGSQT	,0,T
QTQLLQNFLNSSSCPEIQGFL	,0,S
FLHVKELGKKSWKKLYVCLRR	,0,S
WKKLYVCLRRSGLYCSTKGTS	,0,S
HLQLLADLEDSNIFSLIAGRK	,0,S
IAGRKQYNAPTDHGLCIKPNK	,0,T
CIKPNKVRNETKELRLLCAED	,0,T
LRLLCAEDEQTRTCWMTAFRL	,0,T
SENSLVAMDFSGQTGRVIENP	,0,S
RVIENPAEAQSAALEEGHAWR	,0,S
LEEGHAWRKRSTRMNILGSQS	,0,S
ILGSQSPLHPSTLSTVIHRTQ	,0,S
RTQHWFHGRISREESHRIIKQ	,0,S
LVDGLFLLRDSQSNPKAFVLT	,0,S
QILPCEDDGQTFFSLDDGNTK	,0,T
FSLDDGNTKFSDLIQLVDFYQ	,0,S
EPAAAPAGRPSASRGHRKRSR	,0,S
PAKRLLFLLLTIVFCQILMAE	,0,T
SEPSDYALDLSTFLQQHPAAF	,0,S
KGIIPEEYVLTRLAEDPAEPR	,0,T
RARQRRARFVSKKGNCNVAHK	,0,S
EQGRFLQDVFTTLVDLKWPHT	,0,T
LKWPHTLLIFTMSFLCSWLLF	,0,T
IAFAHGDLAPSEGTAEPCVTS	,0,S
TAEPCVTSIHSFSSAFLFSIE	,0,S
AFLFSIEVQVTIGFGGRMVTE	,0,T
AIMLGCIFMKTAQAHRRAETL	,0,T
AHRRAETLIFSKHAVIALRHG	,0,S
FMLRVGDLRKSMIISATIHMQ	,0,S
ATIHMQVVRKTTSPEGEVVPL	,0,T
IPMENGVGGNSIFLVAPLIIY	,0,S
LIIYHVIDANSPLYDLAPSDL	,0,S
IIVILEGVVETTGITTQARTS	,0,T
HSLLEALTLASARGPLRKRSV	,0,S
GGGGAGGGGGSSQAGGAPGPP	,0,S
SQAGGAPGPPSGGPGAVGGTS	,0,S
KPALEDLYWMSGYQHHLNPEA	,0,S
HHLNPEALNLTPEDAVEALIG	,0,T
PEDAVEALIGSGHHGAHHGAH	,0,S
GHHVRLEERFSDDQLVSMSVR	,0,S
RELNRQLRGFSKEEVIRLKQK	,0,S
EVIRLKQKRRTLKNRGYAQSC	,0,T
KRVQQRHILESEKCQLQSQVE	,0,S
EKLAGRGGPGSAGGAGFPREP	,0,S
AGGAGFPREPSPPQAGPGGAK	,0,S
FKKFDEKENVSNCIQLKTSVI	,0,S
VDKGAIKFVLSGANIMCPGLT	,0,S
GANIMCPGLTSPGAKLYPAAV	,0,S
GAKLYPAAVDTIVAIMAEGKQ	,0,T
HALCVGVMKMSAEDIEKVNKG	,0,S
PIQLNPAPDGSAVNGTSSAET	,0,S
QQRKRLEAFLTQKQKVGELKD	,0,T
ELKDDDFEKISELGAGNGGVV	,0,S
AGNGGVVFKVSHKPSGLVMAR	,0,S
RELQVLHECNSPYIVGFYGAF	,0,S
YIVGFYGAFYSDGEISICMEH	,0,S
SICMEHMDGGSLDQVLKKAGR	,0,S
RIPEQILGKVSIAVIKGLTYL	,0,S
HKIMHRDVKPSNILVNSRGEI	,0,S
GEIKLCDFGVSGQLIDSMANS	,0,S
IDSMANSFVGTRSYMSPERLQ	,0,T
SYMSPERLQGTHYSVQSDIWS	,0,T
VQSDIWSMGLSLVEMAVGRYP	,0,S
IVNEPPPKLPSGVFSLEFQDF	,0,S
QLMVHAFIKRSDAEEVDFAGW	,0,S
EEVDFAGWLCSTIGLNQPSTP	,0,S
HSLLIRRKFRSVLQLRLQQRR	,0,S
VLQLRLQQRRTQEQLANQGLI	,0,T
QGLIPPLKGPTEFHDPRKQLD	,0,T
EFHDPRKQLDSAKTEDSLRRK	,0,S
DSLRRKGRNRSDRASLVTMHI	,0,S
SLVTMHILQASTAERSIPTAQ	,0,S
LVEKNILPMDSSVKEAIKGTE	,0,S
VKEAIKGTEVSLSKAADAFAF	,0,S
AADAFAFEDDSSRDGLSPDQA	,0,S
RDGLSPDQARSEDPQGSTGST	,0,S
GSTGSTPDIKSTEAPLDTIQD	,0,S
EAPLDTIQDLTPGSESDKNDA	,0,T
GSESDKNDAASQPGNQSDPGK	,0,S
DPGKQVLGPLSTPIPVHTAVK	,0,S
TPIPVHTAVKSKSLGDSKNRH	,0,S
YIPPDQKAEKSPPPMDSAYAR	,0,S
QQLFLQLQILSQQQQQQQQQQ	,0,S
QQQQQQQQRFSYPGMHQTHLK	,0,S
NEQMARNPNPSSTPLSNTPLS	,0,S
SNTPLSPVKNSISGQTGVSSL	,0,S
LPPNLDDLKVSELRQQLRIRG	,0,S
QQLRIRGLPVSGTKTALVDRL	,0,S
GNPVPNFGDITTVTFPVTPNT	,0,T
TFPVTPNTLPSYQSSPTGFYH	,0,S
SSPTGFYHFGSTSSSPPISPA	,0,S
TSSSPPISPASSDLSAAGSLP	,0,S
DLSAAGSLPDTFTDASPGFGL	,0,T
DASPGFGLHASPVPACTDESL	,0,S
VPACTDESLLSSLNGGSGPSE	,0,S
SGPSEPDGLDSEKDKMLVEKQ	,0,S
VEKQKVINQLTWKLRQEQRQV	,0,T
ELRMQLQKQKSSCSDQKPLPF	,0,S
SDQKPLPFLATTIKQEDVSSC	,0,T
SSCPFAPQQASGKGQGHSSDS	,0,S
SSDSPPPACETAQLLPHCVES	,0,T
AQLLPHCVESSGQTHVLSSTF	,0,S
QTHVLSSTFLSPQCSPQHSPL	,0,S
PQHSPLGGLKSPQHISLPPSP	,0,S
PSPNNHYFLASSSGAQRENHG	,0,S
SGAQRENHGVSSPSSSQGCAQ	,0,S
PSSSQGCAQMTGLQSSDKVGP	,0,T
GLQSSDKVGPTFSIPSPTFSK	,0,T
FSIPSPTFSKSSSAVSDITQP	,0,S
SAVSDITQPPSYEDAVKQQMT	,0,S
EDAVKQQMTRSQQMDELLDVL	,0,S
MDELLDVLIESGEMPADARED	,0,S
EMPADAREDHSCLQKIPKIPG	,0,S
CLQKIPKIPGSSCSPTAIPPK	,0,S
CSPTAIPPKPSASFEQASSGG	,0,S
QMAFDHYANDSDEHLEVLLNS	,0,S
EHLEVLLNSHSPIGKVSDVTL	,0,S
VSDVTLLKIGSEEPPFDSIMD	,0,S
SIFNIDFLDVTDLNLNSPMDL	,0,T
MDGEDIPDFSSLKEETAYWKE	,0,S
KEETAYWKELSLKYKQSFQEA	,0,S
RDELVEFQEGSRELEAELEAQ	,0,S
KEKLEHQYAQSYKQVSVLEDD	,0,S
KQVSVLEDDLSQTRAIKEQLH	,0,S
NDDLERAKRATIVSLEDFEQR	,0,T
QAIERNAFLESELDEKESLLV	,0,S
ELDEKESLLVSVQRLKDEARD	,0,S
LAVRERQQEVTRKSAPSSPTL	,0,T
DLLRKVGALESKLAACRNFAK	,0,S
ACRNFAKDQASRKSYISGNVN	,0,S
VNCGVLNGNGTKFSRSGHTSF	,0,T
DPAPPPPGLGSSRPSSAPGML	,0,S
PKAAHHKKYGSNVHRIKSMFL	,0,S
RIKSMFLQMGTTAGPPGEAGG	,0,T
GAGMAEAPRASDRGVRLSLPR	,0,S
RGVRLSLPRASSLNENVDHSA	,0,S
VDHSALLKLGTSVSERVSRFD	,0,T
SVSERVSRFDSKPAPSAQPAP	,0,S
AQPAPPPHPPSRLQETRKLFE	,0,S
LQETRKLFERSVPAASGGDKE	,0,S
PRAAGAPQVNSKLVTKRSRVF	,0,S
FQPPPPPPAPSGDGATEKERG	,0,S
RKIKPVEVEESGESEAESAPG	,0,S
APGEVIQAEVTVHAALENGST	,0,T
AALENGSTPATTASPAPEEPK	,0,T
EAVPEEEAAASVATLERGVDN	,0,S
PDMAPEEVDESKKEDFSEADL	,0,S
DFSEADLVDVSAYSGLGEDSG	,0,S
YSGLGEDSGGSALEEDDEEDE	,0,S
EDGEPPYEPESGCVEIPGLSE	,0,S
GLSEEEDPAPSRKIHFSTAPI	,0,S
HFSTAPIQVFSTYSNEDYDRR	,0,S
RNEDVDPMAASAEYELEKRVE	,0,S
ELFPVELEKDSEGLGISIIGM	,0,S
GLEKLGIFVKTVTEGGAAHRD	,0,T
VNDLLVEVDGTSLVGVTQSFA	,0,T
LVGVTQSFAASVLRNTKGRVR	,0,S
MIGRERPGEQSEVAQLIQQTL	,0,S
YAQYGEDDEETGEYATDEDEE	,0,T
EYATDEDEELSPTFPGGEMAI	,0,S
FELAENEDALSPVEMEPEKLV	,0,S
FKELQIKHAVTEAEIQQLKRK	,0,T
EIQQLKRKLQSLEQEKGRWRV	,0,S
WRVEKAQLEQSVEENKERMEK	,0,S
KLEGYWGEAQSLCQAVDEHLR	,0,S
CQAVDEHLRETQAQYQALERK	,0,T
AQYQALERKYSKAKRLIKDYQ	,0,S
QKEIEFLKKETAQRRVLEESE	,0,T
EEMDKLLDKISELEGNLQTLR	,0,S
IIDQQMGEIVTEQQTGQKIQI	,0,T
QQTGQKIQIVTALDHSTQGKQ	,0,T
KQFILANHEGSTPGKVFLTTP	,0,S
DAAGVNQLFFTSPDLSAPHLQ	,0,T
DLSAPHLQLLTEKSPDQGPNK	,0,T
DLCVVCGDKASGRHYGAITCE	,0,S
CEGCKGFFKRSIRKNLVYSCR	,0,S
RKNLVYSCRGSKDCVINKHHR	,0,S
RCIAFGMKQDSVQCERKPIEV	,0,S
VQCERKPIEVSREKSSNCAAS	,0,S
DSGMFVNIHPSGIKTEPAMLM	,0,S
AMLMAPDKAESCQGDLSTLAS	,0,S
GDLSTLASVVTSLANLGKAKD	,0,T
LANLGKAKDLSHCGGDMPVVQ	,0,S
HCGGDMPVVQSLRNGDTSFGA	,0,S
SFGAFHHDIQTNGDVSRAFDT	,0,T
RAFDTLAKALTPGESSACQSP	,0,T
CQSPEEGMEGSPHLIAGEPSF	,0,S
SFVEKEGPLLSESHVAFRLTM	,0,S
SHVAFRLTMPSPMPEYLNVHY	,0,S
EYLNVHYIGESASRLLFLSMH	,0,S
LLFLSMHWALSIPSFQALGQE	,0,S
PSFQALGQENSISLVKAYWNE	,0,S
LVKAYWNELFTLGLAQCWQVM	,0,T
AQCWQVMNVATILATFVNCLH	,0,T
ILATFVNCLHSSLQQDKMSPE	,0,S
QDKMSPERRKSLMEHIFKLQE	,0,S
HIFKLQEFCNSMVKLCIDGHE	,0,S
YAYLKAIVLFSPDHPGLENME	,0,S
KAYVEFQDYITRTYPDDTYRL	,0,T
RTYPDDTYRLSRLLLRLPALR	,0,S
RLPALRLMNATITEELFFKGL	,0,T
KGLIGNVRIDSVIPHILKMEP	,0,S
KCPKLLPCLHTLCSGCLEASG	,0,T
CQAPWPLGADTPALDNVFFES	,0,T
VFFESLQRRLSVYRQIVDAQA	,0,S
RQIVDAQAVCTRCKESADFWC	,0,T
ARPLAELRNQSVREFLDGTRK	,0,S
VREFLDGTRKTNNIFCSNPNH	,0,T
NIFCSNPNHRTPTLTSIYCRG	,0,T
TLTSIYCRGCSKPLCCSCALL	,0,S
PLCCSCALLDSSHSELKCDIS	,0,S
QQRQEELDAMTQALQEQDSAF	,0,T
VGQLGRARAETEELIRERVRQ	,0,T
RYQRDYEEMASRLGRLDAVLQ	,0,S
RLDAVLQRIRTGSALVQRMKC	,0,T
ALVQRMKCYASDQEVLDMHGF	,0,S
LCRLRQEEPQSLQAAVRTDGF	,0,S
AEAQPMAVVQSVPGAHPVPVY	,0,S
GAHPVPVYAFSIKGPSYGEDV	,0,S
IKGPSYGEDVSNTTTAQKRKC	,0,S
NTTTAQKRKCSQTQCPRKVIK	,0,S
GEAEERVVVISSSEDSDAENS	,0,S
SSEDSDAENSSSRELDDSSSE	,0,S
SRELDDSSSESSDLQLEGPST	,0,S
VFFDLKIDNETQKISQLAAVN	,0,T
ISQLAAVNRESKFRVVIQPEA	,0,S
RVVIQPEAFFSIYSKAVSLEV	,0,S
SLEVGLQHFLSFLSSMRRPIL	,0,S
NRLWEFQEAISGFLAALPLIR	,0,S
PLIRERVPGASSFKLKNLAQT	,0,S
LAQTYLARNMSERSAMAAVLA	,0,S
MRDLCRLLEVSPGPQLAQHVY	,0,S
PQLAQHVYPFSSLQCFASLQP	,0,S
EARLLALHNVSFMELLSAHRR	,0,S
RDRQGGLKKYSRYLSLQTTTL	,0,S
QPAFNLQALGTYFEGLLEGPA	,0,T
GPALARAEGVSTPLAGRGLAE	,0,S
SVQKVPAPPGSPCRQQDSALT	,0,S
CRQQDSALTPTPTMPPPEEPS	,0,T
PEEPSEDYEHSQSPAEQAIQE	,0,S
QEEFQFLRCPSCQAQAKCPKL	,0,S
WCFECEQLICSKCFEAHQWYL	,0,S
WHEELGTMTQTLEEQGRTFDS	,0,T
TFDSAHAQMCSAIGQLDHARA	,0,S
MHSFLRKALCSLRQEEPQNQK	,0,S
EPQNQKVQLLTRGFEEFKLCL	,0,T
EFKLCLQDFISCITQRINAAV	,0,S
ITQRINAAVASPEAASNQPEA	,0,S
EAASNQPEAASTHPVTTSTPE	,0,S
EDLEQPKEVQSVQAQALELSK	,0,S
VQAQALELSKTQPVAMVKTVP	,0,T
PVYAFSMQGPTYREEASQTVG	,0,T
YREEASQTVGSMKRKCSHEDC	,0,S
MKRKCSHEDCSRKIIKMESTE	,0,S
KATSPPHLDGTSNPESTVPEK	,0,T
KILLPNNNHVTSDTGETEERV	,0,T
SSSLQLEGPNSLKALDESLAE	,0,S
SLAEPHLEDRTLVFFDLKIDN	,0,T
TTMHRPILACSRLWGPGLPIF	,0,S
WGPGLPIFFQTLSDINKLWEF	,0,T
FASLQPLIQASVLPQSEARLL	,0,S
SFVELLNAYRTNRQEGLKKYV	,0,T
KYVHYLSLQTTPLSSSASTQV	,0,T
RAPHVAGGPPSPEVGSPLLCR	,0,S
CRPAAGPFPGSQTSDTLPEVS	,0,S
TLPEVSAIPISLDGLLFPRPC	,0,S
FPRPCQGQDPSDEKTQDQQSL	,0,S
DEKTQDQQSLSDVEGAYSRAE	,0,S
VEGAYSRAEATRGAGGSSSSP	,0,T
GSSSSPPEKDSGLLDSVLDTL	,0,S
DSVLDTLLAPSGPGQSQPSPP	,0,S
SQPSPPACEVTSSWCLFGPEL	,0,T
LPEDPPAAPATQRVLSPLMSR	,0,T
MSRSGCKVGDSSGTAAAHKVL	,0,S
AAHKVLPRGLSPARQLLLPAS	,0,S
ARQLLLPASESPHWSGAPVKP	,0,S
PHWSGAPVKPSPQAAAVEVEE	,0,S
AAVEVEEEDGSESEESAGPLL	,0,S
GGVALVPKEDSRFSAPRVALV	,0,S
PLNHALLAARTRQLLEDESYD	,0,T
ESYDGGAGAASAFAPPRSSPC	,0,S
FAPPRSSPCASSTPVAVGDFP	,0,S
EPKDDAYPLYSDFQPPALKIK	,0,S
IKEEEEGAEASARSPRSYLVA	,0,S
GPPPPLPPRATPSRPGEAAVT	,0,T
GEAAVTAAPASASVSSASSSG	,0,S
ASVSSASSSGSTLECILYKAE	,0,S
APPPCKAPGASGCLLPRDGLP	,0,S
GCLLPRDGLPSTSASAAAAGA	,0,S
PPYLNYLRPDSEASQSPQYSF	,0,S
ASQSPQYSFESLPQKICLICG	,0,S
EASGCHYGVLTCGSCKVFFKR	,0,T
LPQPVGVPNESQALSQRFTFS	,0,S
LIPPLINLLMSIEPDVIYAGH	,0,S
PDVIYAGHDNTKPDTSSSLLT	,0,T
KPDTSSSLLTSLNQLGERQLL	,0,S
LNQLGERQLLSVVKWSKSLPG	,0,S
FRNLHIDDQITLIQYSWMSLM	,0,T
SLMVFGLGWRSYKHVSGQMLY	,0,S
LILNEQRMKESSFYSLCLTMW	,0,S
IPQEFVKLQVSQEEFLCMKVL	,0,S
LCMKVLLLLNTIPLEGLRSQT	,0,T
RSQTQFEEMRSSYIRELIKAI	,0,S
AIGLRQKGVVSSSQRFYQLTK	,0,S
VKQLHLYCLNTFIQSRALSVE	,0,T
ALSVEFPEMMSEVIAAQLPKI	,0,S
LRGQPFGAAVSTAGEVVFQTG	,0,S
TGMVGYPEALTDPSYKAQILV	,0,T
PSYKAQILVLTYPLIGNYGIP	,0,T
DEFGLCKWFESSGIHVAALVV	,0,S
AALVVGECCPTPSHWSATRTL	,0,T
HGIPGLQGVDTRELTKKLREQ	,0,T
ELTKKLREQGSLLGKLVQNGT	,0,S
GKLVQNGTEPSSLPFLDPNAR	,0,S
PNARPLVPEVSIKTPRVFNTG	,0,S
RCLCQRGAEVTVVPWDHALDS	,0,T
DSQEYEGLFLSNGPGDPASYP	,0,S
NGPGDPASYPSVVSTLSRVLS	,0,S
QLLALAIGAKTYKMRYGNRGH	,0,T
GHNQPCLLVGSGRCFLTSQNH	,0,S
TSQNHGFAVETDSLPADWAPL	,0,T
SLPADWAPLFTNANDGSNEGI	,0,T
DGSNEGIVHNSLPFFSVQFHP	,0,S
QFHPEHQAGPSDMELLFDIFL	,0,S
MELLFDIFLETVKEATAGNPG	,0,T
EATAGNPGGQTVRERLTERLC	,0,T
TERLCPPGIPTPGSGLPPPRK	,0,T
PPPRKVLILGSGGLSIGQAGE	,0,S
SIGQAGEFDYSGSQAIKALKE	,0,S
IKALKEENIQTLLINPNIATV	,0,T
DGVLLTFGGQTALNCGVELTK	,0,T
LARYGVRVLGTPVETIELTED	,0,T
MAEIGEHVAPSEAANSLEQAQ	,0,S
RAAFALGGLGSGFASNREELS	,0,S
SALVAPAFAHTSQVLVDKSLK	,0,T
VVRDAYGNCVTVCNMENLDPL	,0,T
MENLDPLGIHTGESIVVAPSQ	,0,T
GESIVVAPSQTLNDREYQLLR	,0,T
NDREYQLLRQTAIKVTQHLGI	,0,T
CNVQYALNPESEQYYIIEVNA	,0,S
YYIIEVNARLSRSSALASKAT	,0,S
LGIPLPELRNSVTGGTAAFEP	,0,S
VTGGTAAFEPSVDYCVVKIPR	,0,S
CVVKIPRWDLSKFLRVSTKIG	,0,S
KFLRVSTKIGSCMKSVGEVMG	,0,S
SVGEVMGIGRSFEEAFQKALR	,0,S
VDENCVGFDHTVKPVSDMELE	,0,T
VKPVSDMELETPTDKRIFVVA	,0,T
VVAAALWAGYSVDRLYELTRI	,0,S
LLQQAKCLGFSDKQIALAVLS	,0,S
DKQIALAVLSTELAVRKLRQE	,0,T
GICPAVKQIDTVAAEWPAQTN	,0,T
WPAQTNYLYLTYWGTTHDLTF	,0,T
WGTTHDLTFRTPHVLVLGSGV	,0,T
VLGSGVYRIGSSVEFDWCAVG	,0,S
IQQLRKMGYKTIMVNYNPETV	,0,T
IMVNYNPETVSTDYDMCDRLY	,0,S
MCDRLYFDEISFEVVMDIYEL	,0,S
ELENPEGVILSMGGQLPNNMA	,0,S
LHRQQCRVLGTSPEAIDSAEN	,0,T
IDSAENRFKFSRLLDTIGISQ	,0,S
GISQPQWRELSDLESARQFCQ	,0,S
DLESARQFCQTVGYPCVVRPS	,0,T
PCVVRPSYVLSGAAMNVAYTD	,0,S
YTDGDLERFLSSAAAVSKEHP	,0,S
AVSKEHPVVISKFIQEAKEID	,0,S
AKEIDVDAVASDGVVAAIAIS	,0,S
SEHVENAGVHSGDATLVTPPQ	,0,S
ATLVTPPQDITAKTLERIKAI	,0,T
VHAVGQELQVTGPFNLQLIAK	,0,T
LKVIECNVRVSRSFPFVSKTL	,0,S
TLGVDLVALATRVIMGEEVEP	,0,T
GEEVEPVGLMTGSGVVGVKVP	,0,T
GVVGVKVPQFSFSRLAGADVV	,0,S
GADVVLGVEMTSTGEVAGFGE	,0,T
RCEAYLKAMLSTGFKIPKKNI	,0,S
FKIPKKNILLTIGSYKNKSEL	,0,T
SYKNKSELLPTVRLLESLGYS	,0,T
LESLGYSLYASLGTADFYTEH	,0,S
DFYTEHGVKVTAVDWHFEEAV	,0,T
AVDGECPPQRSILEQLAEKNF	,0,S
EKNFELVINLSMRGAGGRRLS	,0,S
MRGAGGRRLSSFVTKGYRTRR	,0,S
YRTRRLAADFSVPLIIDIKCT	,0,S
PPLKVHVDCMTSQKLVRLPGL	,0,T
VHVHLREPGGTHKEDFASGTA	,0,T
GTAAALAGGITMVCAMPNTRP	,0,T
RCDFALFLGASSENAGTLGTV	,0,S
NAGTLGTVAGSAAGLKLYLNE	,0,S
AAGLKLYLNETFSELRLDSVV	,0,T
SVVQWMEHFETWPSHLPIVAH	,0,T
LPIVAHAEQQTVAAVLMVAQL	,0,T
VAAVLMVAQLTQRSVHICHVA	,0,T
KAAKARGLPVTCEVAPHHLFL	,0,T
CEVAPHHLFLSHDDLERLGPG	,0,S
GKGEVRPELGSRQDVEALWEN	,0,S
ENMAVIDCFASDHAPHTLEEK	,0,S
APHTLEEKCGSRPPPGFPGLE	,0,S
RPPPGFPGLETMLPLLLTAVS	,0,T
LLTAVSEGRLSLDDLLQRLHH	,0,S
RIFHLPPQEDTYVEVDLEHEW	,0,T
YVEVDLEHEWTIPSHMPFSKA	,0,T
SHMPFSKAHWTPFEGQKVKGT	,0,T
PQGAVPQLPPSAPATSEMTTT	,0,S
FHLPPRIHRASDPGLPAEEPK	,0,S
GLPAEEPKEKSSRKVAEPELM	,0,S
RKVAEPELMGTPDGTCYPPPP	,0,T
YPPPPVPRQASPQNLGTPGLL	,0,S
LGTPGLLHPQTSPLLHSLVGQ	,0,T
LHSLVGQHILSVQQFTKDQMS	,0,S
QMSHLFNVAHTLRMMVQKERS	,0,T
LDILKGKVMASMFYEVSTRTS	,0,S
MFYEVSTRTSSSFAAAMARLG	,0,S
AMARLGGAVLSFSEATSSVQK	,0,S
EATSSVQKGESLADSVQTMSC	,0,S
NAGDGVGEHPTQALLDIFTIR	,0,T
DIFTIREELGTVNGMTITMVG	,0,T
TMVGDLKHGRTVHSLACLLTQ	,0,T
LACLLTQYRVSLRYVAPPSLR	,0,S
VAPPSLRMPPTVRAFVASRGT	,0,T
SRGTKQEEFESIEEALPDTDV	,0,S
ALPDTDVLYMTRIQKERFGST	,0,T
YEACFGQFILTPHIMTRAKKK	,0,T
MHPMPRVNEISVEVDSDPRAA	,0,S
RTVVNVRNGMSLHDCLMKALK	,0,S
KGKKARLDWNTDAASLIGEEL	,0,T
FHEHCSTKVPTMCVDWSNIRQ	,0,T
NIRQLLLFPNSTVGDSGVPAP	,0,S
VGDSGVPAPPSFPMRRMRESV	,0,S
FPMRRMRESVSRMPASSQHRY	,0,S
RMPASSQHRYSTPHAFTFNTS	,0,S
TPHAFTFNTSSPSSEGSLSQR	,0,S
SEGSLSQRQRSTSTPNVHMVS	,0,S
TSTPNVHMVSTTLHVDSRMIE	,0,T
VPAQRERAPGSGTQEKNKIRP	,0,S
NKIRPRGQRDSSYYWEIEASE	,0,S
WEIEASEVMLSTRIGSGSFGT	,0,S
EHIQGAWKTISNGFGFKDAVF	,0,S
PTPHEAEKQITGPEEADRPPS	,0,T
PEEADRPPSMSSHDTASPAAP	,0,S
SHDTASPAAPSRNPCCLCWCC	,0,S
PCCLCWCCCCSCSWNQERRRA	,0,S
NQERRRAWQASRESKLQPLPS	,0,S
QPLPSCEVCATPSPEEVQSWA	,0,T
SPEEVQSWAQSFDKLMHSPAG	,0,S
DKLMHSPAGRSVFRAFLRTEY	,0,S
VFRAFLRTEYSEENMLFWLAC	,0,S
EGINKKMQEPSAHTFDDAQLQ	,0,S
TFDDAQLQIYTLMHRDSYPRF	,0,T
MHRDSYPRFLSSPTYRALLLQ	,0,S
SAPAAPDPAASEPGSSGADAA	,0,S
GSSGADAAAGSRETPLNQESA	,0,S
TPLNQESARKSEPPAPVRRQS	,0,S
PPAPVRRQSYSSTSRGISVTK	,0,S
TSRGISVTKKTHTSQIEIIPC	,0,T
FFRRSQQSNATYSCPRQKNCL	,0,T
PRQKNCLIDRTSRNRCQHCRL	,0,T
RLQKCLAVGMSRDAVKFGRMS	,0,S
FGRMSKKQRDSLYAEVQKHRM	,0,S
DDLSNYIDGHTPEGSKADSAV	,0,T
EGSKADSAVSSFYLDIQPSPD	,0,S
YLDIQPSPDQSGLDINGIKPE	,0,S
GIKPEPICDYTPASGFFPYCS	,0,T
ASGFFPYCSFTNGETSPTVSM	,0,T
AELEHLAQNISKSHLETCQYL	,0,S
QYLREELQQITWQTFLQEEIE	,0,T
VMWQLCAIKITEAIQYVVEFA	,0,T
NDQIVLLKAGSLEVVFIRMCR	,0,S
VFIRMCRAFDSQNNTVYFDGK	,0,S
NTVYFDGKYASPDVFKSLGCE	,0,S
FKSLGCEDFISFVFEFGKSLC	,0,S
FVFEFGKSLCSMHLTEDEIAL	,0,S
HLTEDEIALFSAFVLMSADRS	,0,S
QKNHREDGILTKLICKVSTLR	,0,T
STLRALCGRHTEKLMAFKAIY	,0,T
HFPPLYKELFTSEFEPAMQID	,0,T
LARNLAKRRRTYLGGAAGRSQ	,0,T
NCPEFPPPDRTLGCWATDAAP	,0,T
APAAGLCGAGSEPSIAPTSCA	,0,S
NLPSRPPPLLSPLLASRNPCP	,0,S
NPCPWHYLHLSGSHNTLAPTC	,0,S
FKAKLHRKRGSQPPDMASALT	,0,S
PDMASALTDRTSRAPSTYTYT	,0,T
SRAPSTYTYTSRPRALPCQRS	,0,S
LPCQRSRYRDSLTQPDEEPMH	,0,S
MYDRRVIRGNTYALQTGPLLG	,0,T
QTGPLLGRPDSLELQRQREAR	,0,S
KQAQEQLRPQTPEPVEGRKHV	,0,T
VEGRKHVDVQTELYLEEIADR	,0,T
KPVLEVLVGKTIEQSLLEVME	,0,T
EEEELANLRASQREYEELRNS	,0,S
QWEIMHKHNETSQKIAARAFA	,0,T
AQRYLADLLPSVFGSLRDSGY	,0,S
LPWLMNEVEKTMEYSMVGRTV	,0,T
RLCMYEHGEDTHQSPEPEDEP	,0,T
EDEPGGPGAMTESLEASEFLE	,0,T
SLEASEFLEQSMSQTRELLLD	,0,S
LLLDGGYLQRTTYDRRSSQER	,0,T
ERELLGQDEETAMRKSLGEEE	,0,T
GPPRSLRAGLSLDDFIPGHLQ	,0,S
LDDFIPGHLQSHIGSSSRGTR	,0,S
TRVPVIRNGGSNTLNFQFHDP	,0,S
NFQFHDPAPRTVCNGGYTPRR	,0,T
NGGYTPRRDASQHPDPAWYQT	,0,S
AWYQTWPGPGSKPSASTKIPA	,0,S
KPSASTKIPASQHTQNWSATW	,0,S
QHTQNWSATWTKDSKRRDKRW	,0,T
KYEGIGPVDESGMPIAPRSSV	,0,S
RKMPDLQLDWTFEEPPRDPRH	,0,T
QRPAHRPGPATSSSGRSWDHS	,0,T
SWDHSEELPRSTFNYRPGAFS	,0,S
TFNYRPGAFSTVLQPSNQVLR	,0,T
RRREKVDNVWTEESWNQFLQE	,0,T
SWNQFLQELETGQRPKKPLVD	,0,T
PLVDDPGEKPSQPIEVLLERE	,0,S
VLLERELAELSAELDKDLRAI	,0,S
ELDKDLRAIETRLPSPKSSPA	,0,T
PEQRPPAGPASAWSSSYPHAP	,0,S
SSYPHAPYLGSARSLSPHKMA	,0,S
LSPHKMADGGSPFLGRRDFVY	,0,S
FLGRRDFVYPSSTRDPSASNG	,0,S
RDPSASNGGGSPARREEKKRK	,0,S
ARLKFDFQAQSPKELTLQKGD	,0,S
DEIPKPIKPPTYQVLEYGEAV	,0,T
LEYGEAVAQYTFKGDLEVELS	,0,T
VNENWYEGRITGTGRQGIFPA	,0,T
GTGRQGIFPASYVQVSREPRL	,0,S
RHPSSPSALRSPADPIDLGGQ	,0,S
PADPIDLGGQTSPRRTGFSFP	,0,T
SPRRTGFSFPTQEPRPQTQNL	,0,T
EPRPQTQNLGTPGPALSHSRG	,0,T
GPALSHSRGPSHPLDLGTSSP	,0,S
PLDLGTSSPNTSQIHWTPYRA	,0,T
QCDDGWFVGVSRRTQKFGTFP	,0,S
MARILGVGRSSASSLNNKEDN	,0,S
SSLNNKEDNESDVALLSPKDP	,0,S
LSPKDPNRVHTKEQLAHPASS	,0,T
AHPASSNLDPSMQGLPAGLSL	,0,S
MPIAPRSSVDSPRDWYRRMFQ	,0,S
WTLEDPPKVVSARASSAEPRH	,0,S
ASSAEPRHLGTLQRPASRPGT	,0,T
ETSSGRNWNHSEETSRNTFNY	,0,S
RNTFNYNFRPSSSGLHPPNQV	,0,S
LEQPGLEQQPSARLSSAWRPN	,0,S
ARLSSAWRPNSPHAPYFSSSR	,0,S
YPSSAREPSASERGSSPSRKE	,0,S
QSLNTPGPTLSHPRATSRPIN	,0,S
SGGSSCSQTPSRAIPATRRVV	,0,S
DGVQLPPGDYSTTPGGTLFST	,0,S
LPTIPGVTSPSSDEPPMEASQ	,0,S
SDEPPMEASQSHLRNSPEDKR	,0,S
CTAPGCGQRFTNEDHLAVHKH	,0,T
SPFENEFKKASEDDIKKMPLD	,0,S
DDIKKMPLDLSPLATPIIRSK	,0,S
PIIRSKIEEPSVVETTHQDSP	,0,S
HQDSPLPHPESTTSDEKEVPL	,0,S
SDEKEVPLAQTAQPTSAIVRP	,0,T
QPTSAIVRPASLQVPNVLLTS	,0,S
LQVPNVLLTSSDSSVIIQQAV	,0,S
SSVIIQQAVPSPTSSTVITQA	,0,S
TSSTVITQAPSSNRPIVPVPG	,0,S
PLLLHLPNGQTMPVAIPASIT	,0,T
MPVAIPASITSSNVHVPAAVP	,0,S
PAAVPLVRPVTMVPSVPGIPG	,0,T
VPSVPGIPGPSSPQPVQSEAK	,0,S
EAKMRLKAALTQQHPPVTNGD	,0,T
QQHPPVTNGDTVKGHGSGLVR	,0,T
VKGHGSGLVRTQSEESRPQSL	,0,T
SRPQSLQQPATSTTETPASPA	,0,T
TTETPASPAHTTPQTQNTSGR	,0,T
KFLERNRAAASRCRQKRKVWV	,0,S
CRQKRKVWVQSLEKKAEDLSS	,0,S
DLSSLNGQLQSEVTLLRNEVA	,0,S
LLLAHKDCPVTAMQKKSGYHT	,0,T
SGYHTADKDDSSEDLSVPSSP	,0,S
EDLSVPSSPHTEAIQHSSVST	,0,T
EAIQHSSVSTSNGVSSTSKAE	,0,S
SSTSKAEAVATSVLTQMADQS	,0,T
SVLTQMADQSTEPALSQIVMA	,0,T
ARQYKDLWNMSDDKPFLCTAP	,0,S
EGGSSGGAAGTSADGGDGGEQ	,0,T
DGGDGGEQLLTVKHELRTANL	,0,T
VKHELRTANLTGHAEKVGIEN	,0,T
ENFELLKVLGTGAYGKVFLVR	,0,T
YGKVFLVRKISGHDTGKLYAM	,0,S
LYAMKVLKKATIVQKAKTTEH	,0,T
IVQKAKTTEHTRTERQVLEHI	,0,T
ERQVLEHIRQSPFLVTLHYAF	,0,S
FLVTLHYAFQTETKLHLILDY	,0,T
LDYINGGELFTHLSQRERFTE	,0,T
DIKLENILLDSNGHVVLTDFG	,0,S
GHVVLTDFGLSKEFVADETER	,0,S
FVADETERAYSFCGTIEYMAP	,0,S
MAPDIVRGGDSGHDKAVDWWS	,0,S
SLGVLMYELLTGASPFTVDGE	,0,T
SPFTVDGEKNSQAEISRRILK	,0,S
QAEISRRILKSEPPYPQEMSA	,0,S
LFQGYSFVAPSILFKRNAAVI	,0,S
FHMGVERPGVTNVARSAMMKD	,0,T
NVARSAMMKDSPFYQHYDLDL	,0,S
DLKDKPLGEGSFSICRKCVHK	,0,S
SICRKCVHKKSNQAFAVKIIS	,0,S
KIISKRMEANTQKEITALKLC	,0,T
LHEVFHDQLHTFLVMELLNGG	,0,T
FERIKKKKHFSETEASYIMRK	,0,S
EASYIMRKLVSAVSHMHDVGV	,0,S
RDLKPENLLFTDENDNLEIKI	,0,T
ELLNQNGYDESCDLWSLGVIL	,0,S
DLWSLGVILYTMLSGQVPFQS	,0,T
GQVPFQSHDRSLTCTSAVEIM	,0,S
IMKKIKKGDFSFEGEAWKNVS	,0,S
EAKDLIQGLLTVDPNKRLKMS	,0,T
PLAKRRKMKKTSTSTETRSSS	,0,T
STSTETRSSSSESSHSSSSHS	,0,S
HSSSSHSHGKTTPTKTLQPSN	,0,T
KTLQPSNPADSNNPETLFQFS	,0,S
SDQDHSMDEMTAVVKIEKGVG	,0,T
GGNGNGGGAFSQARSSSTGSS	,0,S
QARSSSTGSSSSTGGGGQESQ	,0,S
TGGGGQESQPSPLALLAATCS	,0,S
LLAATCSRIESPNENSNNSQG	,0,S
NENSNNSQGPSQSGGTGELDL	,0,S
QSGGTGELDLTATQLSQGANG	,0,T
SQGANGWQIISSSSGATPTSK	,0,S
SGATPTSKEQSGSSTNGSNGS	,0,S
SSTNGSNGSESSKNRTVSGGQ	,0,S
APNLQNQQVLTGLPGVMPNIQ	,0,T
IQYQVIPQFQTVDGQQLQFAA	,0,T
VDGQQLQFAATGAQVQQDGSG	,0,T
IIPGANQQIITNRGSGGNIIA	,0,T
PLQGLANNVLSGQTQYVTNVP	,0,S
NVPVALNGNITLLPVNSVSAA	,0,T
LLPVNSVSAATLTPSSQAVTI	,0,T
LTPSSQAVTISSSGSQESGSQ	,0,S
GSQESGSQPVTSGTTISSASL	,0,T
GTTISSASLVSSQASSSSFFT	,0,S
SSSSFFTNANSYSTTTTTSNM	,0,S
TTSNMGIMNFTTSGSSGTNSQ	,0,T
GSSGTNSQGQTPQRVSGLQGS	,0,T
SDALNIQQNQTSGGSLQAGQQ	,0,T
QQKEGEQNQQTQQQQILIQPQ	,0,T
ALQALQAAPLSGQTFTTQAIS	,0,S
TFTTQAISQETLQNLQLQAVP	,0,T
QNLQLQAVPNSGPIIIRTPTV	,0,S
TPTVGPNGQVSWQTLQLQNLQ	,0,S
NLQVQNPQAQTITLAPMQGVS	,0,T
APMQGVSLGQTSSSNTTLTPI	,0,T
SSNTTLTPIASAASIPAGTVT	,0,S
GTVTVNAAQLSSMPGLQTINL	,0,S
SMPGLQTINLSALGTSGIQVH	,0,S
GAGGDGIHDDTAGGEEGENSP	,0,T
PDAQPQAGRRTRREACTCPYC	,0,T
EACTCPYCKDSEGRGSGDPGK	,0,S
IQGCGKVYGKTSHLRAHLRWH	,0,T
WHTGERPFMCTWSYCGKRFTR	,0,T
WSYCGKRFTRSDELQRHKRTH	,0,S
DELQRHKRTHTGEKKFACPEC	,0,T
PKRFMRSDHLSKHIKTHQNKK	,0,S
CPEGIARLANSGINVMQVADL	,0,S
LNRKGLVSPQSPQKSDCQPNS	,1,S
QESLFRSPESSPDSLGSYIYD	,1,S
SYIYDRSPASSPGSPESWRYL	,1,S
FSLYACASPKTPIQAGGYGAF	,1,T
CKNQVLLGRSSPSKNYVMAVS	,1,S
IRKPEVLRPETPRPVDIGSGG	,1,T
ETENREKVAASPKSPTAALNE	,1,S
SSTNSSRFPPSPLASKPTVSV	,1,S
PAGTDPAGRGSPIQSCQDLTP	,1,S
ESAQYPGILPSPTCGYPHPQF	,1,S
LDGTNKLCQFSPVQELSEQTP	,1,S
SADSNCTPCGTPLYDQGGPVE	,1,T
RKPRDLELPLSPSLLGGPGPE	,1,S
SLLGGPGPERTPGSGSGSGLQ	,1,T
SGLQAPGPALTPSLLPTHTLT	,1,T
PTHTLTPVLLTPSSLPPSIHF	,1,T
PPSIHFWSTLSPIAPRSPAKL	,1,S
IPSISVDGLSTPVVLSPGPQK	,1,T
EGPGEAGGPLTPRRVSSDLQH	,1,T
PMATELEPLCTPVVTCTPSCT	,1,T
RIPQQRKALLSPFSTPVRSVS	,1,S
HPTMTILQAPTPAPSTIPGPR	,1,T
DAPNAASLAPTPVSAVLEPFN	,1,T
SKFGNTIKVPTPLCTARQLDE	,1,T
ELAMGAELPSSPLAIEYVNDF	,1,S
LSTPCSSVPSSPSFCAPSPGT	,1,S
FRQREGPFYPTLRLLHKYPFI	,1,T
DAAETPPRPRTPGRPLSSYGM	,1,T
SAHELLPGPLSPMHAQLSPPS	,1,S
PWETMEWLDLTPPSSTPGFSN	,1,T
AVQASLSLPATPVGKGTENTF	,1,T
IPNGFGTSPLTPSARISALNI	,1,T
EPRGPGGPLRSASPHRSAYEA	,1,S
ALDKLDADAVSPTVSQLSAVF	,1,S
DLRSPLAATPTFVTDSETARS	,1,T
PQEPTMPPPETPSEGRQPSPS	,1,T
SEGRQPSPSPSPTERAPASEE	,1,S
GKDAAVSKKASPEAASTPRDP	,1,S
EGKEARLARSSPEQPRPSTSK	,1,S
VSPPHLDGPPSPRSPVIGSEV	,1,S
EQDAPMAPGRSPLATTVMDFI	,1,S
LADKVYFLPITPHYVTQVIRN	,1,T
DAVFDGSSCISPTIVQQFGYQ	,1,S
VQQFGYQRRASDDGKLTDSSK	,1,S
DAIRSHSESASPSALSSSPNN	,1,S
SALSSSPNNLSPTGWSQPKTP	,1,S
LIYEDYVSILSPKEVSLDSRV	,1,S
QQQPGEAEPLTPTYNISANGL	,1,T
QTDAFLDRPPTPLFIPAKTGK	,1,T
LCDDGPQLPTSPRLTAAARSA	,1,S
DRKFLMECRNSPVTKTPPRDL	,1,S
DSVIVADQTPTPTRFLKNCEE	,1,T
PSCAAAHRKGSSSNEPSSDSL	,1,S
EEFTEMDPTYSPAALPQSSEK	,1,S
LKPPDNQPLKTPCFTLHYAAP	,1,T
GSQLSSNPLMTPDILGSSGAA	,1,T
GAGSEGSGTATPSALITTNMV	,1,T
