sequence,label
ELLWRLGSYDEMEE,0
RSASRRSSASSSDS,1
FIGRSRRSKERTAT,0
KDKEVHSSSDEESD,1
PGHPHSSSQVKSKL,0
GPSLKMPSLEISAP,0
LKADEPSSEESDLE,1
KELLSPLSEPDDRY,0
SESDKGSSDFEPEE,1
RFALQQLSEHHSYP,0
EPFYGGSSPAK,1
EPVVAVSSPAVPPP,1
RRFGSNTSLARDEF,1
NTPSEASSSTPDLL,1
DQINKLASLDICAK,0
ALNRMDSSQHNLSQ,1
DHPGPGQSSSPDQA,0
EGRNGFTSGFGGGN,0
KEKAPSSSSNCPPS,0
RRKRKESSNTDSAG,1
HHQYQQQSQQSHGY,0
PRARRFSSGGEEED,1
EPTGSNPSSSAGTP,0
HNVLRSQSASSWIT,0
AATPTTNSGRRKTQ,0
EAFVVHKSRGITTL,0
RNRPRRQSSDSDLS,0
LIMGSAGSGDDDED,0
QRRTWAHSAAAAAY,0
KMKMPKFSMPGFKG,0
SDSDESESLPPSSQ,0
EEETEGGSRRLSLP,0
RINPYMSSPCHIEM,1
AHGGSASSILDAHQ,1
VNGKAESSDSGAES,1
LPSGTFLSLKGAVL,0
EILSDESSSDEDEK,1
DSDMEDYSPPPSLS,1
GLDGNSQSQPKSRA,0
HHLLRQRSCQLLRL,0
SKPVTRHSIHGLNN,0
MKRSRPTSEGSDIE,1
GLKKSHSSPSLNPD,1
VLSSSPTSPTQEPL,1
GGQGKVASKIVSPS,0
RAVTCDISEDEED,0
AEPYKVTSKEDKLS,0
SSGSLSTSSSSSPP,1
RVSAPEVSVGHKGG,0
PPATSSSSSSRRER,0
RAQRKLSSGDLRVP,1
VKGDVDVSLPKVEG,0
ASSFLDTSKDCSPS,1
NHASTALSPSTETL,0
QSSSLKSSSNSNKE,0
IYDDNSLSQDFPGD,0
MRSLENASKLSTIR,0
EQFTLISSTPQEKT,0
VLRSQSASSWITNP,0
ASFGFESSVPTQKQ,0
NGTHIPGSPFKIRV,0
NKETSGSSKNSSST,0
AINVTSSSTAVAAL,1
KENVISSSPEDSGM,1
AASAGLGSIGVKFS,0
AGASNASSSPRPMD,1
DLFELDSSEGEDST,1
STPGTPTSHYQQND,0
FCVGRPSSCNLNER,1
RQVKLDSSDSDSAS,1
RRLLCESSNRALSL,0
PPKESAPSSGPPPK,0
LKNDVGRSPLLPAH,0
YYDEAIHSIDWHHE,0
PERASESSSEEKDD,1
MDGQVPHSNSFGGG,0
DRMKVWTSGQVEEY,1
KKKKRSRSRGEKRS,0
FYNRTASSSDSEED,1
KLVRPPYSYSALIA,1
SQTHRGSSPGPRPV,1
ERADSNSSYEGSSR,1
TRSDESISSVKTSF,0
PSGFGGGSGFGSGN,0
HGVKEARSLVILKH,0
RLRINNSSRYNVDS,1
QPHSPTSSLTSGGS,1
APPPAQPSPYQAIP,0
AKTQKDSSNKSGAE,1
AGIYDDNSLSQDFP,0
LATTTSHSTAAASA,0
IQKTVLLSMGTIDL,0
TSRGSYSSVVNSSG,1
TKSTLTSSYNCPSP,1
RHVTLPSSPRSNTP,1
LQYPRPSSGTLASA,1
GCQRISSSSSTLFG,1
DGFGTICSSLGRRA,0
LLSHKQLSDSAASA,0
ELYKSRNSYLRSFS,0
PQEESPSSEAKSRG,1
SDNDSSSSVLQYAG,1
TGGIGLSSSRLTGT,1
SEVLNVSSNNLDKS,1
KEYFETTS,1
PTKDGETSPIPRIP,1
LDVSSTSSEDSDEE,1
GPPTRKKSRRERKR,0
MNRYAVSSLVGQG,0
PRGQRDSSYYWEIE,1
KDAASSSSEGNLNL,1
EGVWKKYSLTVAVK,1
PTSQSCSSGKRLSS,0
ALKLPATSSHDDIV,1
EVRLLVDSKDDERV,0
SKESEESSESKEN,1
QCFAECKSELLWRL,0
VDSEATSSRPGTPT,1
ANIRRESSCSVDSE,1
PVSSGSGSSSSSSS,0
GAATGNSSSHGPRK,1
PQLKSESSTSAFST,1
PQADEMESLPDEDE,0
LQKMGESSLRNFRM,1
PAARKTTSARGRGG,0
GQNGDDSSAGGDFP,1
FFAAEEMSPQTSIA,0
VLTATQSSERIAYL,1
DIMKDVPSCTSSRC,0
QLKHSMHSTNEEKL,0
GSRLYSVSYLLKDK,0
RLSPSPTSQRSRGR,1
RDSSRYSSGSSASY,1
IEDTPSASKRRSRW,0
PAPPAADSRWGGLD,0
KVVRRGSSPHSVVL,1
FLVEVYGSLRDPDS,0
PVLSQTLSLDDPDH,0
GLLETLSSYIQGQL,0
SAGHKPSSNRESSK,0
GEYARALSYLESYL,0
ATDLQNSSMSEEEL,1
ILKEFEKSTHDSFT,0
RSCQRSDSDAEAQG,1
PKPTVPPSADEKSN,0
GGSRRSRSREKRRR,0
KMPSLEISAPKVTA,0
DVVGTGSSSGHQSD,1
KEPELDSSDDEEVK,1
LRINAHMSVIESLM,0
GEAEAEASSPKGKF,0
RDSIRRSSIDMRRE,1
WMNRPPSSAGAPSP,0
YIPLRTPSRKLMAT,0
RYPGLSSSDDDDDE,1
DIQPANSSRHASPR,1
NHYAKTASFTTKIG,0
TPSVDKWSTTPAAQ,0
GHSSQRTSAGSSSG,0
SPNTSGSSPVIHFT,1
NLLICLVSRYFDQR,0
DVELNLKSPKVKGD,0
SKESSPNSNPSTSP,1
SHSPQLSSPEDEAA,1
SEGVTKDSIPCLSV,0
GISAPQVSIPDVNV,0
CYSLCTESEQQEFL,0
EMNKLSGSVQVNGS,0
IINRSVSSPTKIHS,1
GKYRHQSSDNLSLT,1
FDNGEISSQPQRRP,1
KESNFKYSPNMEIN,1
HLIRINSSTSVGTP,1
DETTEISSQSNNGT,0
GPRLGSPSGKTGTC,0
VKGDADVSVPKLEG,0
TEEETLYSSKH,1
KADIKSPSLDVTVP,0
RKLVMNYSSSSQEM,0
MKRSRPTSEGSDIE,1
ARSRSSSSNTLNNN,1
DSSSHSGSESSSGS,0
LLTRVASSSEEPEE,1
LSRKAISSANLLVR,1
NYEKLSQSRTDPEV,0
QPKSRAASVRSKPP,0
HQAKLSNSFYIQGN,0
AIRLETPSSVHTQM,0
PAVAVRSSIADARG,0
PFSSGSPSRGLFSR,1
KDPDAFSSPESFQT,1
RSPHRRSSPDRKRQ,1
QESIQGASSIRAYG,0
DKSQGDASKVTAQG,0
PLLPEAHSLIRQLA,0
SPSPSPSSSSPSPP,0
RKRGLSSSEKDNIE,1
IAKGRRSSAQEDAP,1
SLGKPNKSPHSSPT,0
VQDSDDSSTVGVVR,1
NHSLHETSSVFVDS,0
IIIPPESSSVTPEV,1
RSSRVPSSKSGSWG,0
SVKTPKISMPDVDL,0
SSPRSITSTPLSGK,1
HFKTPKISMPDIDL,0
ILLIPFNSFISVKM,0
QQPKLESSSMESHE,1
GFGSGGNSNGFGSG,0
TSKSATSSSPGSPI,1
PRLQDSSSEEEDVT,1
GRTLSRISVAKGST,0
FLLLLASSMVEAGA,1
ELIQEESSEDEGEY,1
SGERDDSSFASDVP,1
KSSSIQRSAAAAAA,0
EREKAQSSPKQDHD,1
REATTEFSVDARAL,0
KIKFPKFSMPKIGI,0
SNLNLYASYYRKRK,0
SRSLGGTSKNFTDS,0
STNEEKLSSDNTPP,0
IHGLSDTSPVFQAE,1
MTDLDTSSAQIRAS,1
GVPRYHSSGNLSSR,1
LKTSRDTSPSSGSA,1
DGAKEVSSLEGSPP,1
FSNPKTTSPNKGKE,1
GNSPSGGSPADDKQ,0
GGTGFGSSNNGGSG,0
VVSRQGSSLNLFED,1
APAIKYYSDGQHRP,1
AGAKRAESSASSAS,0
LSGRKGSSKRNNYS,1
QHRRTLDSSGTQHL,0
LQKGRNSSTPILKD,1
GFLRSPSSDLDTDA,1
TLSNAVSSLASTGL,1
SQLDEQLSNLISEK,0
GEEDDFKSKRTPSG,0
AHMSVIESLMVLYA,0
NPEAESSSKEGELD,1
RKYSDCSSNADEMQ,1
NDPELYSSNESIDD,1
RGRGRGESLSPSVR,0
SKSATSSSPGSPIH,1
DLILVLYSIGVKHK,0
VVFWDLKSKRAELR,0
LTEGFDPSVPPRTP,0
NGVQRQQSLTNLRD,0
WDETPAHSTGAADA,0
NAGAGALSVTIDGP,0
LQRRRDSSFEDECY,1
KIPKFTFSGRELVG,0
AITSAPLSDPRIRS,0
VEKVVRTSAINEEA,1
PAPDEVTSSPPKGR,1
KIKGDVPSVGLEGP,0
FLLRFYVSTSRQLK,0
HNGKFESSDEEQQE,1
PKVKVIKSKRPLCH,0
PPSHYSSSGGGGVG,1
TPEEAESSEDEAGP,1
RRRRRSASPPPATS,0
WDQAEQLSKEQKEF,0
NAPVSAYSSRPPSR,0
DSPKKPTSLDLSVS,1
YSVAFDNSLADYLK,0
LCKQPEFSQILLPF,0
LAWIQNLSLRNNIL,0
VRSVKQRSIRDEKK,0
SSEENLSSEDEELP,1
VPPPLFPSAPATLA,0
TRLMHGLSYSFGLK,0
NLTTSRDSINAIAP,0
PVLPGDYSILVKYN,0
QPAPEGYSPTLQWQ,0
SGIIYCLSRKECDE,0
SQSLAPKSWPENGE,0
QHIPGPGSIEGMKG,0
LVEEQFSSSSEEGD,1
TWMNRPPSSAGAPS,0
SGGFGGNSNGFGSG,0
PARSSSYSEANEPD,1
SKSAEKSSPPSQES,1
SRGNPPGSGRRMSN,0
DERIKMMSEILNGM,0
TSGPKETSSATPGR,0
RKAVIISSDEDEVV,1
SLSGGVSSLAAPIS,1
FLRTSCGSPNYAAP,1
GSGSSSSSSSCSSR,0
RHGGSHQSSKWTPV,0
EDPIVAPSVLPATS,0
SALELFLSCFADTP,0
PQADLPSSERLNGR,1
QFKLQPSSSPENSL,1
HKKSRLSSAEEASK,1
QSKRSKSSDQIDHS,1
GSPTQSTSSRTAYL,1
PRIEDDSSEADDTA,1
SYQNSPSSDDGIRP,1
PKVVPWTSVRINYL,0
GLQRRNSSEASSGD,1
KGEQASSSESDPEG,1
SRGRRWQSEADTVN,0
KKKAKSESEDEAES,0
SRKRVCSSDSDSSL,1
DVTYMRGSMKLNLV,0
AERRRVSSNGIFDL,1
LPKISPSSLSNNYN,1
KSPREHASTLALVS,0
RKQLTLSSFIGLDG,0
TSVLEYLSNWFGER,0
WNKAIELSTKTHPG,0
SKNSSSTSKQKKTE,0
SYQTPPSSPSTTMS,1
LETSESLSDSLYDS,0
SALSTTLSPGPVVS,0
SPGSGSSSGSNSGG,0
ETGAQAGSSAIGPE,0
RNHCDLSSDENSSS,1
NNSSPNSSGGVKED,1
GLPDDNGSRLQTPD,0
EAEAEASSPKGKFS,0
EDQNRKYSPEREVE,1
TPTKKFSSQWEKDV,1
SYEPGESSGEEDFQ,1
PENEKKTSLSNDMS,1
AKPLQHPSLQELKK,0
CLLPGWDSCDESQS,0
IIRQRQDSQSKTNS,0
TLTSECRSFLQGLL,0
NPIFLDASSSDDET,0
WEKANVSSPHREFP,1
GYSSDYHSGDRRDD,0
EMQYTFESLPSGEL,0
KCSGPGLSPGMVRA,0
SSPTHERSPSPSFR,0
RSPPPPTSPEPELA,1
HMEDLETSEDDSEE,1
TLGRRDSSDDWEIP,1
VAPTVRQSRSKDLE,0
GDAFISNSRNYFSQ,0
WNQAHKSSGTNFQG,1
PGDLSQTSEDQSLS,1
SKEDKLSSRIQSML,0
GGTPAGSSSHSHSQ,1
GGGLNRRSTPPNEY,0
KPVQNENSYTYRGL,0
EDQNRKYSPEREVE,1
KLDSMESSETSCRD,1
LVVSCTQSSLQQLM,0
DDNRASESKKPKTE,0
SESDKGSSDFEPEE,1
RSEDRRSSEEREAG,1
EREFASGSMGDRVQ,0
YSSDDNSSEEDWSK,1
ISQSVLASLHEDFL,0
HKKPVNYSQFDHSD,1
RDEDMLYSPELAQR,1
VATGSFHSGAVTDN,0
DLMCVCDSIDGNTV,0
GEAKEAASSSSGTQ,0
LRRAHHESPDLELH,0
SVRSAPSSAPSTPL,1
DSSCSSGSDEDYIA,0
RQENLTTSRDSINA,0
QAPEVLRSPGVPPS,0
EQEKEESSSEEEEE,1
NRNSGRDSWRGGNH,0
EEPELANSCIELVV,0
PMASGASSA,1
EEPRLALSLFRPGG,0
RHDTPDPSPPRRVR,0
VSGGAASSSPAAGI,1
LYLGNNISKLMEGT,0
FKYMAGNSNHTLSG,0
VMRDPDSSVNNSVA,1
SSMLGVFSNLYLAR,0
EAVKEIKSYLKRIF,0
APLQILLSLYFLWK,0
NLPEPNSSETLTKR,1
SGGAGSGSVHPGGT,0
RLVWQQSSQEAPIM,1
KEDRSASSGAEGDV,1
LASSRRSSFAQNGN,1
APSSPLTSPSDTRS,1
VICLDSSSGSEDEK,1
QILRPLLSLENLGT,0
DLPHDFSSCGSESS,1
VTRSRASSIDVQQE,1
GRDNYQNSRYDDRR,0
LLNEVSSSLIGTDS,1
ERPCGRSSSLSAAT,1
VTRKLSSSDAPAQD,1
LKNSYNNSQAPSPG,0
ELEIINSSFENILQ,1
TLHSNESSEDLSRA,1
SSVKTSFSQMLAEQ,0
AYSSRPPSRDPYQQ,0
TENPIDFSELAGVE,0
MSSFGNNAG,1
VLDMATDSFLAGLV,0
PPFRKAQSAACMEI,0
SGKELNKSINPDEA,0
QPQSDKQSASRLAT,0
NIIESMQSTHISDF,0
QRMVRLSSSDSIGP,1
TTAKRSSSTGTGSA,1
KEEPGESSPGDETV,1
LSDSVESSDDEFFD,1
PQQITSLSISSAYG,0
IEDAEKYSFMATVT,1
DGSPVPSSPFQVPV,0
VTVKSSSSENVNEP,1
EENGPPSSPDLDRI,1
TGYGQLSSNSMKRD,0
NELPLPSSPKPVRV,1
PLSSPATSSPSGNA,1
IKKPMDMSTIRKKL,0
GEIDIPSSGDVIHG,1
LQRKILSSCCSNHP,0
TEKVQDTSNTGLGE,1
GGDSQVSSTSHSPQ,1
QPVPNFPSKLQVEP,0
KFKMPEMSIKPQKI,0
LPVRSMSSQHIGGA,1
HAPGLNLSGVGGKM,0
DSLKEPTSIADSSR,1
KAAVGSVSDGATSS,0
THLRRRSSQLKIKI,1
DSTRYESSHEEGKL,1
TNEEKLSSDNTPPC,0
SEVSLTSSVTSLDS,1
TLRKNQSSEDILRD,1
EEQEEEDSSDEEDG,0
THQRRISSDSDAEH,1
SSSAGTPSPEEEEE,0
AGGRRLSSFVTKGY,1
PDLSEGSSTEDLFQ,1
ILVKHMGSRLYSVS,0
YSMRRQVSVDNVPT,0
THSDYQYSQRSQAG,1
PQLSIDMSLCYRVS,0
EGSTIPLSAPLPTE,0
KSKRAGSSVFSVFS,1
FSIPNSSSGPYGSQ,1
RPMDGQESMEPKLS,0
DNYPRNQSPRGSRH,0
DVDRQTTSDVRGRY,0
EAARQVTSALDSLL,1
ERTVSTSSQPEENV,1
QQQQIQPSLVDVNA,0
LDEEVDSSCSSGSD,0
QSEIGDASRVRVSG,0
PKADIDVSGPKVDI,0
SPPGSRDSVDNQAT,0
LELRSCSSPHNYGF,1
GSRTPSTSDMAEEG,0
TSGYDPESTPVRKS,0
DNFSPPSSPRDTQL,1
GGPVILSSRRLQEK,1
GKRKRDSSDEEQDA,1
QRQEPPISRSAKYT,0
NSPTPATSTESLSP,1
PTVRQSRSKDLEKR,0
ESMEPKLSSEHYSS,0
LQSHSSTSTTPRLR,0
REAEAESSDCSLDE,1
VKKRTDSSAELMQM,1
MNVKLSSSPDKGEK,1
AAKSDDTSDDDFME,1
IKDSSPSSSPSPKG,1
ERQNQMLSALFQQK,0
ALKGLGSSPDLELL,1
PEEATPSSRPNRMA,1
GQPEPTSSPDNKPF,1
RVGSSSSSFRGSMG,1
TIWFYKESYLRFST,0
DASRVRVSGQGLHE,0
DDRSDISSTCANNI,1
TFIMLFWSAPLQIL,0
AKKSDRDSPKKPVQ,0
NAGGLGGSRALPDE,0
LNTQSTYSEA,1
PTRPPLASPTHYAP,1
EGPRCGSSEDLHDS,1
GPPQPEPSPWAPCL,0
PIKRHVSSPFKVVK,1
TPTSTTNSATTPTI,0
VSTLTPSSPGKLLT,1
VANRIVSSDEEAQE,1
QAVQCSASNTRLKE,0
RHDVRFHSNPVEIP,0
SVARESSSESDGVE,1
VGKVDVTSTQKEAE,1
ACGGHGYSKLSGLP,1
KSGKKNSSDEEYDS,1
KMPKIHMSGPKIKA,0
LSITKKSSPSVKPA,1
APVRRRSSANYRAY,1
GQVSLKKSKADSCS,0
EEPALSSSEDEVDV,1
SSVSLESSAAETQE,1
LAARAATSPVHMVI,1
IAVALTTSRRQHRD,0
QGHSGRGSSSEDYD,0
RSDESISSVKTSFS,0
GPYHIGGSPFKAKV,0
PHDGDRSSRVPSSK,0
TMTRRGSSPGSLEI,1
ESESEDSSDDEPLI,1
TQAVQMISQKEISS,0
GSRKRRSSTLAPAQ,1
GNRRNNSSSSAGGD,1
VLCLRCESLLYLRL,0
EIASSGSSRGSSPQ,1
EVKEKAPSSSSNCP,0
SIYDDISSPGLGST,1
KRARKASSSDDEGG,1
RGDRRHSSDINHLV,1
FGRRSVSSFPVPQD,1
EPKSGTSSPQSPVF,1
MIYWCPESRIFCVS,0
KTGTCRISMSEVDL,0
NIQTHKISMPDVGL,0
DSAYISSSPLGSHQ,1
EKSSDWSSEEEEPV,1
VGDVGVSSDDEKRA,1
EGAVQVRSYDMSVT,0
ADNEDASSEGEAEE,1
KERLLRSSADSLPG,1
IRTRRQSSGSATNV,1
QMQPDTTSVVKDSQ,1
RSCNRMSSHTETSS,1
IDSRRDSSCSDVFS,1
GQRQVSGSNGVQRQ,0
GRTGAGKSSLTLAL,0
RTHSTSSSIGSGES,1
KKVQLWQSLPARMR,0
PLPHPKSSDTLAMD,1
VKLQSHSSTSTTPR,0
PVVHLSDSPRDEGK,0
VTEGCDPSRVRVHG,0
IQPYLFSSDEEETK,1
EWAFLWASRLIDYL,0
IESPPESSDREVSP,1
ARKEIEASQKREKE,0
AVSSLNSSHSRSHG,0
DGEKMDTSNNAGGV,1
ASPPPATSSSSSSR,0
PLGVPISSPGFKLL,1
RSRVIHSSDEGEDQ,1
LVHELHCSQELVEK,0
KLNSTILSELPLEP,0
RIPSAVSSPLNSPL,1
MGLSRRSSTSSEPT,1
GSLEELSSQTANAE,0
DEDEDESSEEDSED,1
VKKRGISSSNEGVE,1
DRSSRVPSSKSGSW,0
ISLNLPSSDEQRFT,0
TTTTTTTSATRGNL,0
KSGSSRSSSNVNSQ,1
KHRDGGGSKKKKKR,0
YDSGEMISNKLNIT,0
TCFVSGNSNMILNH,0
AAHSVASSLDLEEQ,1
DSNSSEGSHLPANQ,0
TYDGRWLSGKPHGR,0
ETVHHRTSLNQEVP,1
LARAESSSSISSSA,1
ALVQCLPSQDLKPV,0
MTPGIRDSWVSALQ,0
FTGKCETSGFQCPE,1
RNSAADSSDHVDSE,1
DDVSEKTSLADQEE,1
GRYFLKSSPSTENM,1
RQYGDMTSRVLNAV,1
SRYHQIGSGKCEIK,0
IAAGRDYSLFLVDT,0
YQSMNHWSIIQTLA,0
ASEPGRVSSSIATG,0
EEINIASSDSEVEI,1
GPAHLVTSL,1
SRDRESRSPFLKPD,0
ASTALSPSTETLDR,0
LEELRSCSAVQQHS,0
SSTADGQSGMREIH,0
RRDSEGSSDDDMTA,1
RSRTHSTSSSLGSG,1
DRRLSISSLNPSNA,1
PGGEIDASLKAPDV,0
LRAEETSSPVIGEL,1
DVEFDIKSPKFKAE,0
DSERSASSSEEEEL,1
GSRKRTISQSSSLK,0
ELALSLSSTSDDEP,1
SQSSSLKSSSNSNK,0
MNRLLSSGMSAAT,1
KRRRRRRSASPPPA,0
GRGPPSSSDSEPEA,1
RPGHPSTSPKLVPK,1
LWKLLGVSVLAGFV,0
GPLGVEGSFRKCCE,0
KKETCASSSSMRNA,0
FPFPTKESQQSNFG,0
LIREGVSSTTPAKD,1
NIESFILSGYVIMW,0
NTRGTGSSSSGVLM,1
LLFRRVSSGSCFAL,1
DSPEKSGSGEQGYK,0
DREETESSEGEEAA,1
RAKRTLSSSSQASI,0
ISPKQSPSSSPTHE,0
PRGQRDSSYYWEIE,1
PLPTERKSFCTGKS,0
SKRKLSTSSVEETA,1
SRTASLTSAASIDG,1
ERPVSPKSSSDSED,0
KAPKIGFSGPKLEG,0
GTIATKKSSRDPRT,0
EQLSIMRSGCQGNV,0
RDRDRDRSSKKARP,0
SRRRSHSSPERSTS,1
RYHKRTSSAVWNSP,1
TPAARNQSQIYSRR,0
AHVRSASSSQELGE,1
PKADLDVSGPKVDV,0
AALAEASSPYGIEA,0
KARVANPSGNLTDT,0
KQNHSSESIENAKM,0
YFGEHFTSEQCLEN,0
RIQESIYSFRRNIL,0
LPVDRKRSQEPSRP,0
LNSDSNSSEGSHLP,0
AMADTLASILSSAQ,0
VRGENRDSYLDSIG,0
IDVQGPGSKLNVPK,0
AKLMMLSSADSDDT,1
EGGGGSTSASPHHI,0
SPRSRQSSVEQELL,1
KSSKGGSSRDRKGS,1
TGEVRMPSGKVAQP,0
GAKKLESSEENLSS,1
KLLSDLFSGKELNK,0
DRWRGSGSHHNDRN,0
ESPVENKSIGDTLR,0
PQTPLHTSRVLKED,1
SNPATPTSKLSLKT,1
NEHLKCVSKRIANL,0
GIRDSWVSALQQNR,0
SEDKPLSSESLSES,1
IVTVTPSSVSATDT,1
SILKWVVSHQSCSR,0
QGPPFGGSRTPSTS,0
SQKDRRRSGAASSS,0
CRTPSSSSTLAYSP,1
QELLQDLSEVNDEN,0
EEQSQRSSSEEQQT,1
GLVGLSVSYALNIT,0
DEYEEDSSDEEDIR,1
AVASPGGSIDSRDA,0
ISELSNTSENDEQN,1
RICRLPSSANLPNL,1
RILRRRSSTFTDPT,1
NEQLLATSTKMVVR,1
RNGHVGISFVPKET,0
RMKKRDFSLEQLRQ,0
QDTQRRTSMGGTQQ,1
LEHVPSSSSIHNGD,1
DEDEPNTSQELSAD,1
NYRSCQRSDSDAEA,1
EGALVSASSDDTLH,0
EIIETDTSSSDSDE,0
YVTLPWNSILNDLL,0
LEIEGNSSGRQLSE,1
SDHTEETSPVRAIS,1
KGKRRHSSLPTESD,1
PGVSRDSSTSYTET,1
HHPRNLSSPFIFHE,1
AAGQKLSSSECDTN,1
YGRSNNRSLSQQWG,0
LRQPAPFSDEIEVD,0
DGEFLRTSCGSPNY,1
DNGDGTCSVSYVPT,0
PSRSLSGSTNTVSS,0
EREFSGPSTPTGTL,0
PGPGQSSSPDQAPP,0
YPMDIHESPVTCTA,0
ETPVDLASSMPSSR,0
YRRSSKSSEEGDLD,1
HRNSSAVSPRRGHH,0
SRKRVCSSDSDSSL,1
LSPGPVVSPCYENI,0
MMNSTSGSSTIR,0
PCLFVGTSLGMVVL,0
AVEGRRTSVPSPEQ,1
DQDDPSSSDDEGMP,1
DTNWNNLSMQLVEL,0
RRGSGDTSSLIDPD,1
LPNDKDGSRCHGLR,0
RSEIDRKSKEIGDL,0
VGPAPSTSQSQKRS,0
KGPEVDVSGPKLNI,0
SIEGAGSSGNEAKS,1
APRPPETSPEMRSS,1
DIEFDQISPEVESE,0
GEEPTVYSDDEEPK,1
SRRFGDSSDSDNGF,1
VKGDMDVSLPKVEG,0
DLDASVPSMKVHAP,0
KVTRKLSSSDAPAQ,1
RVSPATSSAAPSRG,1
LQGGNAGSPARFTI,0
QPPFCASSILHLVK,0
FDCQSPTSPFMGSL,1
KPLGSRTSQKDKQA,0
GSGVSLASKKSRLS,0
SRPSSNSSQPDYTQ,1
GLEHVPSSSSIHNG,1
SIPRAPSSDEECFF,1
VPAVDISSSLGGRA,0
DSSSNPSSTTSSTP,1
KLYSWEKSMEKMVL,0
TKGKTKPSKTRKKV,0
SRTQDPSSPGTTPP,1
SPKGRPSSPRTPLY,1
DPLSAVDSHVGKHI,0
YMEGITGSPIIQPL,0
PPDTWVPSRLDLRP,0
EEQFTLISSTPQEK,0
QGKSSEVSLTSSVT,1
DLKSSKASLGSLEG,0
QPAARDSSTSGEEE,1
KPLEKHYSVVLPTV,1
LLDGMRESVLEELR,0
RKYSDCSSNADEMQ,1
SSPKGKFSLFKSKK,0
NPESEKSSPAVSRS,1
RGPKVDVSAPDVEA,0
VACGAFHSLALVQC,0
GSSSGTNSSGQRHD,0
SPAKSPSSSTGSIA,1
CREPIDSSEKQGGV,1
LKSESSTSAFSTPT,1
YRRRTQSSGQDGRP,1
SGPRRTSSEDLRDA,1
RHDTPDTSPPRKAR,0
MNRYAVSSLVGQGS,0
GVPNPSTSASPKKS,1
HSVNNPYSQFQDEY,1
KTIQDKDSPANPLV,0
TKTPEPSSPVKEPP,1
SSDKDYSSNSGMTP,0
NEERSCSSPAVSAV,1
DVRKSSSSTYLSGS,1
TSCRDLSSSPPGPY,1
DVKGGESSDDDDSD,1
PAVDISSSLGGRAV,0
RLTSVSSSVDFDQR,1
AAFQEDSSGDEAES,1
VDLKFPSSVPSGAQ,1
NRADHRSSPNVANQ,1
KKPPSASSPGTPAK,1
VGIASQPSLQSRIM,0
QVRSYDMSVTQDIL,0
KLLVSRASYNCGEY,0
QLPLLQSSGPFVEG,1
IAKLNNSSPNSSGG,1
DKKSGRSSDITSVR,1
SGSGSSSSSSSCSS,0
SRSRKTSSVSSSPS,1
PNSNPATSPGGIRF,1
PVEICPSSPILENA,0
PKADIDISGPNVDV,0
SLTELNDSPVPLEL,0
MPPPAITSAPLSDP,0
PRGQRDSSYYWEIE,1
SSSRKGSSSSVCSV,1
PRLVSNHSLHETSS,0
KVASKIVSPSGAAV,0
RPGFGATSEGQGPL,0
SIIRRTSSLDTLAA,1
HSVMTYLSQFPKAK,0
ALSLSSTSDDEPPS,1
QDFSLDSSAEEEGL,1
RRSATSTSASPTLR,1
NLGTPTSSTPRPSI,1
TDTSSSDSDESESL,0
FMGLFKSSRYDPSI,1
LSTTSKISRAPTTD,0
QSKPIRTSTDSLER,1
ISHELESSSSEVN,1
PTKESQQSNFGTGE,0
FVMRSFQSLLQLSI,0
HKTPRRDSSGGTKD,1
DLTRNHSSGLEPTI,1
PDCQEKTSPKGVEN,1
TYRGLSESPVENKS,0
LAVSGAMSPTSNER,0
PIPSTPSSRQRKLK,1
AESGSESSSQEATP,1
RKPLKRSSSETILS,1
DSGVEETSPRKGRS,1
TKGAEETSWSGEER,0
RRNSSVSSTSASVA,1
ESSISSSSEEMSLS,1
RDPDQLYSTLKSIL,1
ETVFRDKSGRKRNL,0
NNYDGPQSSNDYRS,0
SGAASSSSSSREKG,0
SSSSSSCSSRKVKL,0
IFLDASSSDDETTE,1
HSKEHQRSKSPRDP,0
GRMLQAISPKQSPS,0
AARDSSTSGEEEDQ,1
IRVLKKLSYLNAAT,0
DICAKSLSGEQKMA,0
KESNFKYSPNMEIN,1
PSSSPRTSPCQSPT,1
QASIEIDSLFEGID,0
RRDSEGSSDDDMTA,1
EDDEDVSSDEELLR,1
EMLGQRTSLGGNAD,1
DIDVSGPSVDTDAP,0
AILSGDKSEAVQDL,0
TSMRKASSHSADGQ,1
DRGSEFVSAREWMR,0
KVNPHKVSPASSVD,0
MSSSHSRCGQ,0
VRRHIPASTSAPVA,0
GPSKAEISCTDNQD,0
LSHRKPPSSLGMTP,0
SPKKSLTSPIWDRR,1
DDVSEKTSLADQEE,1
HLRSPAYSVSTIEP,1
SIIRNALSEDSVGR,1
RYNPSKTSNGHQSK,0
VVPTKQTSALHSQK,0
DPNSPLYSVKSFEE,1
NVTINDSSDEEPLK,1
GDPNEAPSPDTLLG,0
AAAKQRPSTSGWNN,0
GKLDVQFSGLAKGD,0
SAPLTTGSLSRTLR,0
GTFGGLGSKSKGHY,0
MSSKTASTN,1
HMSLQKSSSDLSES,1
PMVPSASSALIRSS,1
KLQGSGVSLASKKS,0
VTAATASSHQQQQL,0
PNVSMVSSASSSPS,1
VDCSSAGSAELTIE,0
PPSADEKSNPNFFE,0
SRSSSVTSIDKESR,1
GKSDEDSSGEEEDV,1
ILKLPDSSDEDTGS,1
KIKRTASSSSSIET,1
LCDGDDSSEDEIRR,1
EKDLGASSLHVNGE,1
SLGKDTTSPMELAA,1
AQQTVLSSSSPEKS,0
TSPAEDSSPGISLS,1
EVFGHDTSECADDE,1
TLPKGDISISGPKV,0
PESHHSNSMMDEHS,0
AGGTGLGSGNAGGT,0
HGLNNSNSVKSPGN,0
KSKDDDSSDEEEEE,1
KSQSNDSSSPDDHK,1
VIGTGESSQFGEVF,1
SQYSRNGSPDRSRR,0
KVAKGYSSPEPDIQ,1
DIRAGAISASGPEL,0
QAAAKNSSIDAAFQ,1
NPSPYSSSRGTSGK,1
PAESPPTSPSSASR,1
GRRHLLSSYKPCIK,0
KKTIVFVSQRAMAD,0
ESCLSEPSFEKPLK,0
LNLHEPVSGKKLRV,0
PKADVVVSGPKVDV,0
SRAPTTDSEDSDDD,0
KEYFETTS,1
YNRTASSSDSEEDP,1
RENSYNRSRSSSIS,0
ASISRKSSLSQIAS,1
SQKHSLTSQSQISP,1
LEPVSPRSCLTKVE,0
AERRRKSSEDCGGE,1
NFCMRGLSNFYPDL,0
KLKRSYSSPDITQA,1
AIAVEGPSKAEISF,0
RKVSPESSPDQEET,1
QSALSSSSSAEKFP,1
ERADSNSSYEGSSR,1
RSSSKESSPNSNPA,1
SRPRSQSSKAAIPP,1
LSSERPSSDGEGVV,1
MEDMNEYSNIEEFA,0
RRSPTPTSTQSPTS,1
LIDQSQSSGSGSGL,1
IRSRSFSSSAEEHS,1
ALARSASSDTSEEL,1
LPCPDFSSTNLEMI,0
VTRRNDSSELEDLS,1
KDPDAFSSPESFQT,1
AHDDIPYSSAGSDD,0
SRRQHRDSPEILSR,0
LCDGDDSSEDEIRR,1
KDEQTAHSSIGKSE,0
NRESSKQSAAKEKD,0
TRNKSTSSAMGGSH,1
ESSNRALSLQHAGR,0
HHSRARSSPASLQQ,1
RQLSDASSDEEDSV,1
LKQHNLVSIIVAPL,0
PRRSRRSSASTNPA,1
RPTGGGSSPPEIRQ,1
ASPRRLSSVVTTSP,1
KKTEGKTSSSSKEV,0
KRAQRATSNVFAMF,1
KAAVSDSSEEEEDD,1
RWFTLFDSGDLTYA,0
PVPTAPTSGGPKPS,1
DLEESSSSDHAERP,1
PEPAAEHSSIQSSE,0
NCKWFLSSFNRSNL,0
MSKHNAVG,0
MAMNYSAKDEVD,1
TDNAARSSSPEENP,1
KAYVGQKSNFTVDC,0
VIDYRLPSCIMTFV,0
PRMPTATSFSSWSP,1
QKPKKMSSDSEEAA,1
EAEASESSDDEEEK,1
PLRRRASSASVPAV,1
ATELNAVSAQITSS,0
GQGAVSSSPRELLS,1
LLLSNTSSEDLFNP,1
RLISQRSSLETLED,1
IYSHFQESIQGASS,0
HSLHETSSVFVDSL,0
QATLKRESLSHLHN,0
AKDIDISSPEFKIK,0
LGSCISPSEKLGDN,0
DWDSWDASKPVNNA,0
GTVSGPSSACKPGR,1
SVSSPTSSNTPTPT,1
GSVSNYRSCQRSDS,1
QVMNRPSSISWDGL,1
VYDTKASSTWQWAQ,0
AGASNASSSPRPMD,1
QQTFEEISQSVLAS,0
ALNRSDSSGSTMNL,1
EGGLVPSSKSPKRQ,1
PPPKPPVSSGSGSS,0
EPSLISCSLVRELH,0
KGAVLTFSCMDRTG,0
IEGKSKKSRFKLPK,0
PNEHNRPSNLRRSR,0
ITVNGDSSAETEEL,1
VKIEDTPSASKRRS,0
TTSKKNSSQDDLFP,1
NPFYIKSSPSPQKR,1
ETAQPKSSSENENE,1
GQALYLVSPTEIQR,0
VDWFIGRSRRSKER,0
GGEHVPNSPFQVTA,0
AIRQRIQSQMSQEI,0
LLPNWQGSGSHGLT,0
SLFDIYSSDSETDT,1
KTLNMTTSPEEKRK,1
LRKLSDHSVREDSE,0
RIPMPPSSPQPRGA,1
VARHKQHSSDKDYS,0
GQQASVSSDDDDND,1
RQRTLSSSMEEADR,1
RISGDLSSEEERFM,1
GAGGHLSSEEDEDK,1
VLLDDPLSAVDSHV,0
KSTRPGSSDINVAP,1
LVKTPLSSSLSQRL,1
RYMSGQTSPRKQEA,1
DYKDAASSSSEGNL,1
KGPKVDVSAPDVEM,0
IVAGIIDSRDPPFS,0
GPEGLKDSREEQVK,0
KVAKGYSSPEPDIQ,1
GMVGKASSEEEEDE,1
VGGYLDTSGGSPVS,1
GNRNRQSSEEKPRT,1
PKADIDVSGPSVDT,0
RASSNASSCGRLSP,1
SGAPTSSSGSPIGS,1
YTPMAPGSYLISIK,0
VGGYLDTSGGSPVS,1
SRLATTTSHSTAAA,0
SDSKPGSSEAAPSS,1
AVFAMVFSQAVQCS,0
SSPTKLPSKSPTKV,0
MLLPHFKSAKAHRI,0
DKRKLSTSGDSLYE,1
LDPFFAFSDDQIWE,0
RHSTNTSSTPASAR,1
SASNGGSSEWRRAA,1
PRLSRVSSPSPELG,1
DEYDYDSSDEEDLR,1
KVPKFSVSGAKGEE,0
AFGEKPSSPTPPSA,1
SDQEGDSSSEED,1
PRKSHRNSSAVSPR,0
SYTYRGLSESPVEN,0
DGVPVPGSPFPLEA,0
EEGRCSSSDDDTDV,1
PASAFGSSLLGSGG,1
ELTIEICSEAGLPA,0
DMTAQVTSPSGKTH,0
KPPAEAISYANSQP,0
PEGKLKGSKFKMPK,0
AISAACISAAPSAR,0
YLDEAPSSPDVKLA,1
SNSSKASSESEDEE,1
QQRLQGHSGRGSSS,0
QLEARGDSTYRCSY,0
HIPKSPFSVGVSPS,0
MMNSTSGSSTIRDL,0
ASSPDATSPTGPLP,1
IGSHCDLSLKIPEI,0
CPAQKKSSFENTVV,1
GKVEDESSENEQES,1
CSAVQQHSYANAYD,0
KRAMLPPSSIYKVV,0
RQLSTGSSSSNSNQ,0
HLDSFVKSLQEGLH,0
VRLQERTSGGLLSE,1
QPTPCDDSYNWEET,0
EGKELRGSVRSVKQ,0
TQRTEGISTSDIIT,0
FLGFALSSPEKKTP,1
DGRDGQSSSNLNAT,1
SSARNIPSYPDTQA,0
KSPTPESSTIASYV,1
CALCREASEVKQDK,0
SLVVSCASAVGVRV,0
DERSWVYSPLHYSA,1
RRCRSPRSEPRSQE,0
MDGLPKSSPGAVAG,1
GIDELPMSEDIMKD,0
KSFCTGKSDSRSES,0
ERSKSSTSLFKRAI,1
ALDISLSSEEEEEG,1
AQTLDEISHFTFFV,0
QYPEVEGSNIDDEL,0
KVIGQLVSAMRVRS,0
SSSSSNDSGNKVGI,0
QAPVRLSSVSSHDS,1
GHSGRGSSSEDYDS,1
DAPGEESSSETEKE,1
AGSSDLSSRQDAEN,0
KKEEEVQSSSSSAT,0
SKSSDLTSDLGNVL,1
KEDRSASSGAEGDV,1
ESKATSSSNPSSPA,1
QGTESRSSTPLPTV,1
DSVSISSSLVNKNK,1
SPTSPKYSPTSPTY,1
SQDTRNKSNAGDSR,0
QRNSEGSSPCYNDD,1
TEDLEATSEHFKTT,1
RPARVVSSTSEEEE,1
CGEQGHRSNECPNP,0
KPRHRSNSFSDERE,0
LNKRSRSSSMSSLT,1
AVDDLDTSNESAHP,1
PRPSSPVSAPVRPK,1
KEAASSSSGTQPAP,0
TDSRLQNSTFQKLL,0
LVMASTRSDESISS,0
PNQVDSPSLIVKFQ,0
KPPRSESSAGICVP,1
PRLDSMSSVEEDDY,1
SDKREGSSSSEGRG,0
SELVRVLSDADQLV,0
DHDFSESSEEEAPA,1
GNAGRATSFISEDC,0
PGSSSLSSGPNSIL,1
RKNQRTSSEEDYSE,1
SPQLPRNSRIPCRN,0
QLSTGSSSSNSNQQ,0
NKASSETSSEIKDE,1
NSGGKCFSQVHTKH,0
AQGIELPSAKHAME,0
SSIIRRTSSLDTLA,1
GTPPQVDSTRADGA,0
KGKRRHSSLPTESD,1
HLKAPKISMPEVDL,0
SDEIPLSSASKEKL,1
SRYSSGSSASYGRT,1
CSSKGKSSQSDDEE,1
AELLAKKSDRDSPK,0
GGIGLSSSRLTGTP,1
KMNEEISSDSESES,1
ANEESSSSVRGRQE,0
SKLVRLSSDSFARL,1
GPVEICPSSPILEN,0
HCRTPSSSSTLAYS,1
SRVPSSKSGSWGGY,0
KEADIDSSDESDVE,1
GEKGINLSGGQKQR,0
TEKCTHSSSIEDLA,1
TGGIGLSSSRLTGT,1
PTEEELSSTEEEHK,1
ERVVVISSSEDSDA,1
SSASVTSSPARSTT,1
TRMFPSRSIATPSH,0
DSLLDISSEADQQD,1
EEFLLEESKHKGRS,0
EGPDVDVSLPKADI,0
ILLVCNFSQKHLPY,0
PKLSPGNSGNYSSG,0
RQKSPAQSDSTTQR,0
SQDITLSSEEEAEV,1
KSGSSRSSSNVNSQ,1
KQTSALHSQKLSGN,0
HFKAPNISMPDVDL,0
EELFGEASAGKASR,0
DQREEAGSSDLSSR,0
TTTGQVTSPVKGAS,1
RSKPQHFSGIIYCL,0
TGITTTTSPKTPPP,1
HELFAKNSDNFLAL,0
TSKSSQKSREIIET,0
EELETACSLYELVC,0
KFEERESSRQSEID,1
DWDMAVASQGNANT,0
KTSNGHQSKSMLKD,0
SQVYSWGSNTFGQL,0
EWLRALSSGGSITS,1
ASSPGSGSSSGSNS,0
EDAPTTSSPKKSTP,1
MSSSHSRCGQSA,0
NKRNAESSIALSSN,1
QALLGWISHACAAL,0
LTKRIRTSYQSLTE,0
DGLLALSSPDAEEP,1
SAAPQASSPPDYTM,1
RRRQLRSSGGSGGG,1
ALHSQKLSGNFHAN,0
GKSSGPTSLFAVTV,1
KLPTGQISGPEIKG,0
RRRSPTRSYRGASP,0
KAAEYQPSGLFIER,0
LSNEELQSPRQRPS,0
PHKVSPASSVDSNI,0
VYELHGSSPAVSSE,1
ESMQGKKSSSLVDI,0
TSSKTPSSPSKSPA,1
MERKRGSSVASESK,1
SQISAFSSDSEDDL,1
MVQRSFSSPEDYQR,1
GDFQPVSSDPKSPW,0
FGRRSVSSIPVPQD,1
NSLDKKESQLKAEQ,0
KSDPRGPSPAPASS,0
PERASESSSEEKDD,1
SSSTEQSSASRLLK,1
APPQLSKSKGLPKS,0
VQDSDDSSTVGVVR,1
SRRERKRSGEAKEA,0
ILNIHLQSKDHELF,0
MDSKKRSSTEAEG,0
AREQRERSEALRQF,0
NIKLNQSSPDNVTD,1
VSDRKEDSSRVPRL,0
SRKTSGLSSSPSTP,1
TSSPSTSSQSLERS,1
NPPVEDSSDEDDKR,1
SAPQIGGSITGPSV,0
KSLGGESSGGTTPV,1
AVAILAASDLFLNF,0
TDLGGQTSPRRTGF,1
SGGSGFGSGGNSNG,0
KYLQAVYSAESMHL,0
RGGLKIESETPVDL,0
KIKPNLSSSPRSEE,1
LLQLSIGSLEELSS,0
GAERRGSSAAASPG,1
ESIQGASSIRAYGV,0
TAQPKSSSENENED,1
QEDDNNTSILTIQS,1
GAEGDVSSEREP,1
KTSIVWLSDSPEKK,0
KGEIKDSSPSSSPS,1
QYMRLFQSEETQEI,0
ECEDGTYSPEISWH,1
QDTQRRTSMGGTQQ,1
AGRGSMSSGLEFVS,1
VVRTTSTSSVPTTP,1
AKAESVSSDEEVHG,1
QKRSQGSSQFRSQG,1
PPNEDLLSRWVGVE,0
EGQGLDWSLKIPKM,0
DLNLKGPSLKGDLD,0
GFGGNSNSGSGFGS,0
RKRLRSSSSSLSSS,1
TSSEEDYSEEVKNA,1
EPEEPRSSRSSRNE,1
NISAEDFSSSDPIT,0
HKICHSKSGEINPV,0
AELANNSSPSPTKG,1
ARAKRKYSEVDDSL,1
KRAQRATSNVFAMF,1
LRQGDDSSDEEDKE,1
ARRMTGGSSGGEGA,0
RSRSFSSSPSPSPT,1
GAKKLESSEENLSS,1
GAVDLFDSLDNILD,0
ASLALPTSSLSRTA,1
NCREPIDSSEKQGG,0
AIVGRVGSGKSSLL,0
SGTPGTPSTPGTPT,0
SPSSSSPSPPPPPP,0
KVKMPKFSMPGFKG,0
LKERQRSSLPRKEP,1
SIEKLNSSLHFLQQ,1
LQMPGIKSSGCDVN,0
NIKAPKISMPDLDL,0
YFSGEWGSGIKITG,0
GDSSSPSSRSGQRT,1
SIIRRTSSLDTLAA,1
QGNRTTPSYVAFTD,0
DNGNGTYSCSYVPR,0
KIKPRLKSEDGVEG,0
PQRLRKSSGSSPWD,1
TPASARSSFDYSGI,1
LKRLESASRSPIYS,0
QMQPDTTSVVKDSQ,1
RSTSTHSSIIANGK,1
TKKRRVTSFVRRDS,1
SFSRSRSSSVTSID,1
KIKMPKISMPGFKG,0
YDGSPVPSSPFQVP,0
LGCIAYESMAGQPP,0
QTVNYVPSREGSYS,0
SLDWQHYSPRSLDT,1
AAALNNSSAGETLA,1
IQQAVGSSLQGDLP,0
SSSDSDESESLPPS,0
ASPAKPSSLDLVPN,1
MISQKEISSTALVE,0
QKMQGRRSEFNGYS,0
HLRDNYSSLKLGSK,1
PRKTSSSSTTTSAK,1
TEALQKVSVKVIGQ,0
NSDIFTVSSDGLDT,0
PNPTPPSSPSVGGV,1
LRLLKQESKTLMSI,0
CLSESPDSSECINL,0
LVMNYSSSSQEMGD,0
QMDTVLSSSPDVLF,1
EGISHVTSPSSDVI,1
KDSDDDSSDDEQEK,1
KMFIGGLSWDTSKK,0
AELANNSSPSPTKG,1
KEGAGGGSPLRREV,0
FSVRLGHSVDHEAQ,0
KTKAKTASGASSVK,0
TGGAAVASAADRMS,0
NSMLRLTSIGSDED,1
KISAVESSIVSKNE,1
GIAHSPSSPGHSSG,1
GGGNRSSSVPHPFQ,1
PAPKRAISPDSDDG,0
DPGARVYSSHSMGA,0
QRTKSSDSDLSPPR,0
SSGSGSSSSSSSCS,0
MKGNVDISAPKIEG,0
SQGVQTSSPACKQE,1
SMTELKPSSKAHLT,0
PKADVDVSGPKVDV,0
LTKKGMSSKEIYDD,1
SESLPPSSQTPKYP,0
GATKSLSSLKIPIT,1
DAEVKITSDKKPVG,0
EDMMAPQSICFIGD,0
TDRLLLISATQAVQ,0
NLPQLYISGFIKPE,0
SYEQLLSSTDQMQP,0
VGDDDMRSLENASK,0
ENSASESSDTELPE,1
GEYHRASSENCYSV,1
VVAIKVISKRGRAT,0
SLSSPPSSKRPKTI,1
HYQQNDGSARKPNQ,0
KKITNFISARNVVA,0
STCDLGSSDQPKEH,1
PPPSPASSTCSDTG,1
LKGDVDVSGPKLEG,0
RAMENQYSPTPGTD,1
SLSLKASSRRGGDH,1
VDISEASSISSRGK,0
VLDGLTASSPGSGS,0
QLSSPPTSPQSSPR,1
TYEAGALSLKKVMN,0
VRFVLHYSLPKSIE,0
EKGNVFSSPTAAGT,1
FLKLPPTSEKSPSP,0
GKSKSNSSNENLDR,1
EPEEPRSSRSSRNE,1
ANNYTYSSGSPTRA,1
PRKRSDSSGGYNLS,1
STDTPIYSQVAPRA,1
TKIPLIKSHNDFVA,1
TPPKRSSSFREMDG,1
KMKMPKFSVPGFKA,0
GAATGNSSSHGPRK,1
GGGSGFGSGNTGGF,0
ISDDDSTSSDDEKD,1
SPSLKMSSCVPRPP,1
LISLNLPSSDEQRF,0
EAESLNISKLMAKA,0
PEFDVNLSKANVDI,0
TRRRRAPSVANIGS,0
GLCPDWDSWDASKP,0
TTPSPTSSLHEDGV,1
SIADSEASPLLAVR,0
KSVAQLLSLPFVLV,0
DREETESSEGEEAA,1
WGKGLAQSRQQQQN,0
STNLDPESVDEMER,0
LRQRRASSPGYIDS,1
ALLMFLSSLLQSMI,0
FYLLFTKSPLYNAI,0
AEEGRVASGGPPGL,0
ARSNSGLSTTSKIS,0
QATNQILSHRKPPS,0
FIGLDGNSQSQPKS,0
VRGRYSISSASLDT,0
GSTNTVSSEGVTKD,0
VMRRSISSPKVPPY,1
AGRHHESSYSYSSS,1
QPAARDSSTSGEEE,1
YSYFTGSSPPLSPS,1
KRKRRLSSDSNEDP,1
PSTDEQTSSAEEDV,1
VYQKASDSDLSPPR,0
TTRIEFDSLLDGMR,0
KGAYVPSSPTRLGK,1
KSKQPLYSSIVTVE,1
LSTRFDTSVDQASI,1
NIKAPKISMPDFDL,0
SVNSGSSSSKTSSV,1
TVCAAGTSPVGEIG,1
IYFDNLQSGEVTQL,0
DEMEELQSNWPAQC,0
GKSKSNSSNENLDR,1
AGSTAGDSGAEDGP,0
SEDCNLLSELVRVL,0
LAEPVPTSHFTACG,0
PEEHYSSSPEKILS,1
SKDYDVYSDNDICS,1
GRWTISSSDESEEE,1
PEVIGGTSGTPGTP,0
SLSRRTSSAGSRGK,1
VGNLIVLSSAGAAV,0
CDDKGDGSCDVRYW,0
TAKSQVYSWGSNTF,0
KTSGLSSSPSTPTQ,1
VRRRSESSGNLPSV,1
EEKAYLSSRARPRP,0
DLTQQYYSLVHGDA,0
NRTPVKPSSVEEED,0
KEEEVQSSSSSATY,0
TVDLMDTSPEKDES,1
SEEDEASSQTDLSQ,1
ASPDKASSPELPVS,1
RDPTLSPSAFILRA,0
SEHYSSQSHGNSMT,0
WKGPQVSSALNLDT,0
TKDACFASAVECLQ,0
SEEDEASSQTDLSQ,1
SCSRSSRSKPRDQR,0
MDETDASSAVKVKR,1
DHVIISDSHCCPLG,0
QLRQYDGSRNPRIL,0
RYRQRSPSPAPAPA,0
DDPESRTSSRETIP,1
RGRGPPSSSDSEPE,1
HEDVKWPSTLTSEC,0
KASKTASSEDDVVA,1
DAKEIALSGNGSSS,0
KLKRSYSSPDITQA,1
MELRRDSSESQLAS,1
ALGALVDSCAPGLC,0
LGTHVLTSIKGTPL,1
KGPHVDVSGPDIDI,0
PDRDPTLSPSAFIL,0
QKNGKKTSGADAAA,1
SARRRSRSRSRSRS,0
NGQHVASSPIPVVI,0
VAYAADSSDEEEEH,1
VTVRYSPSEAGLHE,0
RGDRWRGSGSHHND,0
DPRLQDSSSEEEDV,1
RARDVESSDDEGYD,1
VRHDLDASPPRKSH,0
AKMAASTSIDHLAG,1
RSARHPSSPSALRS,1
QALVGIASQPSLQS,0
SESESSSSDSEANE,0
WNQAHKSSGTNFQG,1
ILTERGYSFTTTAE,1
QGVYSYASGEVFEG,0
RNIKKEYSKMVQVL,1
KANDDDSSDDNDDD,1
VKGDFDVSVPKVEG,0
PPRKKKNSGHQDSD,0
ALVIGADSTNLDPE,0
HDFRQSDSDAASVR,0
TECRRASSPSLIER,1
ASQPSLQSRIMQLG,0
SVDSEATSSRPGTP,1
RGESLSPSVRRSPV,0
KSQSNDSSSPDDHK,1
LDLAGASSRPKDSQ,1
YENILDLSRSTFRG,0
GTEGASSSPTEGFL,1
CDKTMPRSTPGSNS,0
KKERSLSSGSNFCS,1
VPARSLSSSPQAQP,1
PTGIFQTSANSSFE,1
MPGSISSTPESPD,1
SINPSRSSSPTQYG,1
DASKVKASGPGLNT,0
YTCVHRPSTCLQQP,0
SSENGVWSIAAGRD,0
RSSRPRSSVGPLTG,1
QLAVDDSSDEGELF,1
GSESSSGSDSESES,0
AELGRTFSLLDAKD,0
AQVSSLTSAKRKLE,1
KTQNSGLSPPKRAM,0
KLTGRDSSTNILIR,1
KTPAFLSSSLSKKI,1
SFELGLSSFPPLPG,1
YLPAVEDSIHNILL,0
SLSNRKTSQTVSHV,1
TPVDEESSDGEPDQ,1
DFQHLISSPLKKSR,1
DGSTLRTSPAEPAG,1
LLCLRRSSLKAYGN,1
PHHLDNSSPGPGSE,1
DVSGQLSSSKKPAR,1
GRYPGLSSSDDDDD,1
EPGDYEVSVKFNEE,0
QGHLESGSGKVTFP,0
HYFKKFSSEELNRL,1
HLKAPKISMPDIDL,0
TSQSQKRSSGLQSG,0
RERLGSSSGPAAAP,1
QDGDASSSEGEMRV,1
RKRKSLKSNRTGWP,0
KQYVKIESVKRNYR,0
CKGEGHRSAECPEP,0
KSPQISMSDIDLNL,0
NENQEESSQEVHML,1
LSSQLPPSRSLSGS,0
TPVDEESSDGEPDQ,1
SESAVDSSALHTPK,1
SISSPKVSMPDVEL,0
GVITYFESCLSEPS,0
EESEELSSDEEMKM,1
IFTPEEISSMVLLK,0
ADSCVVSSDDEELS,1
RRTRYVLSAMTPGI,0
AAATPLHSGLQTPS,0
NNPSPYSSSRGTSG,1
LRSQSASSWITNPD,0
DVDLSLGSPKLKGD,0
PPPSGSTSCGDRDS,0
ASSGLSTSPLSSPR,1
APVVNSSSRSSSPA,1
TYFESCLSEPSFEK,0
DLNEEESSDKKPET,1
TKALQHRSHYFEGV,1
GVVNSGNSTPTTSL,0
AVMPRFSSQLDRMD,1
SPKRKASSDSDSEM,1
ATTDELSSLGSDSE,1
KPGSHASSSARRRS,0
KGSGDISSDSIDHS,1
SNFSGVYSVIEDIL,0
MVKLDFSSQDEEND,1
NGHIMIMSLPSLRP,0
PSPTPLSSLLLLLL,1
GTGFGGNSNSGSGF,0
SPASSVDSNIPSSQ,0
ADNEDASSEGEAEE,1
EEEELSSSCEEEGE,1
SRRSSASSSDSDEM,1
IPYSSAGSDDVYKH,0
GAKDIDISSPEFKI,0
GSRESLTSIGTMNS,1
HIFENVISTATGCL,0
VEGREIISNLAKAA,0
LKGDLDASVPSMKV,0
IFNRNISSDDSEDG,1
SPGGSIDSRDAEMP,0
YSVVEDYSLLYQ,1
RKQPGVDSRWVVAD,0
DGILLFPSWPCTAM,0
HDQMSNSSEDMKYM,1
YDSVSISSSLVNKN,1
YNDSRSTSGYDPES,0
PAVRASSSPVTLRQ,1
SRGKKGSSSNLTGY,1
GAKNGLESYAFNLK,0
LKEETLYSLGQIMR,0
AKKERPVSPKSSSD,0
AQALGEISGAHPIH,0
LLDVAPLSLGIETA,0
SSIGRASSIDSASN,1
DGVRFTRSLRALTK,0
DRQTYGRSNNRSLS,0
PASPSLSSTEGPAA,0
PRQLSDSSDDNIHP,1
TPLSAKSSRSQLDL,1
KDFYLATSPPDSFL,1
IIKPAAKSRGRDIV,0
DSPFSSGSPSRGLF,1
PAASAGSSRAGTPS,1
FKSRNVFSPASTTA,0
GRRSRRNSSSEDSQ,0
RSCNRMSSHTETSS,1
LPKSLSSSPVKKAD,1
SHLPANQSTVNWFP,0
NTRGTGSSSSGVLM,1
TYKSPATSPISSNS,1
KQEPVAPSSPRTTR,0
AGCQHDDSQLQMAS,0
ASTLALVSCIIRQR,0
TSLDLSVSPLAELL,0
LLSGSESSSKKRQR,1
RWDAEAPSTDASSD,0
QSATPPSSPVLADK,1
ESLLGAISPKEKTP,0
RSRRNSSSEDSQLT,0
TLGSGSESSNDGGS,0
HPSLSTNSKYEHDS,0
AVEVQGPSLESGDH,0
PYEAGTYSLNVTYG,0
PSSDPKSSHLKGQA,1
DDASVDISEASSIS,0
KYQRSSSSGSDDYA,1
EAKEAASSSSGTQP,0
NANTSGASGFNSFR,0
RSEDRRSSEEREAG,1
PQVALKGSRVDIET,0
LFRRHFKSSSIQRS,0
GLTRTPSSEEISPT,1
ASVKWLLSKAFNNR,0
TPSKFLTSPGDILK,1
DSPFGPGSPSKGFF,1
QAVSSLNSSHSRSH,0
KPNIKKESKSSPRP,0
PQNNSGSSSPVFTF,1
QTPKYPESNRTPVK,0
FHFDPLSSGSRSSS,1
VIRLLLCSQPGKLS,0
DEYEEDSSDEEDIR,1
HNDRNRNSGRDSWR,0
VSPLILSSNLPVNN,1
FKPQGTTSEDGAKS,1
VLTRNAYSSSHLEP,1
SPSPSSSSPSPPPP,0
YLGPGSTSPLDNSN,1
LPSSGRSSLGSHQL,1
ASGSSVTSLEGTRS,1
KGPGGRSSPLPDEE,1
PEVSEVSSPIRLST,1
RAMLPPSSIYKVVE,0
EEFSKSSSPTTPSL,1
TAVPQRTSPTGPKN,1
ETQEIFCSNLPQLY,0
KTRTVSSSEKVEKK,1
APAKSKSSEDIYSR,1
IIFSGGLSYDKACR,0
SRTLSQSSESGTLP,1
GSLTPPSSPKTQRA,1
DLSYRDLSGVRAMP,0
KMNEEISSDSESES,1
DVTLRGPSLQGDLA,0
KRSAGSSSPEAGED,1
KGVDLVSSRGGSAS,1
GQQASVSSDDDDND,1
KRRRHDSSGSGHSA,1
SDQEGDSSSEED,1
SQRESSASALLGKR,0
PLLADNESVKQVND,0
RAFLPVTSPNKHLG,1
FSDLSDSSFDFKGE,1
ALSSLLRSSLFLGA,0
GPGKSGESAGDMVP,0
EKAAGMSSPGAQSH,1
GPSPAPASSPKREV,0
PAKHPNYSPPGSPI,1
LIPKLLVSRASYNC,0
RSKAIHSSDEDEDE,1
KAGGIYYSEPPGVR,1
RDRERKLSNTSVGS,0
RRGGSRRSRSREKR,0
SEPGRVSSSIATGH,0
TPPRSPSSPQLIPK,1
GPSAVPSSPKSVAT,1
EVHRAQSSDLFSNA,1
FIILRNASMLGTFI,0
LAEEENQSPPLVDQ,0
SPRRLNSSPRTPIS,1
DVNSRKSSTGSISN,1
FEGGKCSSPKSRNH,1
MSRSGEAY,0
GDKTGGSSPEALHR,1
NGAAYNHSNHSPYG,0
ETAQPKSSSENENE,1
ALRKLLTSDEEEDD,1
PSGDRLSSLRRLGL,1
FCTGKSDSRSESPE,0
KMPDVDISVPKIEG,0
QRLRLPSSDNEPLA,1
ERRSQRTSPFSTDH,1
TSVARESSSESDGV,1
RNGFTGGSSGFGGG,0
LDQLMGTSRDGDTT,1
PIAYEDYSPDDKPL,1
EKDISASSPNLGGI,1
PEVSEVSSPIRLST,1
DSDAEVYSIIKKES,1
SSKKVIYSQPSARS,1
APLVTKESPKPDKG,0
YSRRSPSSSSIGTN,1
SSGKRLSSADVSKV,0
IEEFAEGSKINASK,0
PKVQKLLSDLFSGK,0
KFYHPQSSSANSPS,1
NGRTRAYSGSDLPS,1
KERERPSSVLAKNF,1
SQDGDASSSEGEMR,1
RERYRQRSPSPAPA,0
SGKLFDSSDDDESD,1
DVVVMCNSACLACF,0
SFKTSRSSKQRLKI,1
AAHAAESSPPPIPQ,1
HLQQLMLSHWHCHP,0
NEIRRQSSSYEDPW,1
SKPSQVSSGQKLGP,1
NTARRRRSRRMGSR,0
PEWMQGASGGNFGA,0
QLGYDTDSGSEKQD,0
SPGGPQLSPQLPRN,0
PNSGKAASSCAAEA,0
GTSTPPSSPVRTCG,1
SRRSSTSSEPTPTV,1
FAVLALTSLCRGYQ,0
SSAKLDSSSPNTLD,1
GKNTSTTSTGNKNF,1
HFYLHESSPQPQAH,0
DSLTVKESPDDYPS,0
QGQLGLSSGETDFR,1
TEDGEVYSFGTLPW,0
RGPQPRPSSPMSAP,1
SQGNANTSGASGFN,0
KTPRRDSSGGTKDG,1
ALARSASSDTSEEL,1
FQGVAVASPQTPFP,0
APVRRRSSANYRAY,1
DPNVDEHSVMTYLS,0
GRVGSGKSSLLHAL,0
PSKDHRTSASDVDA,1
LEISPDSSPERAHY,1
GTIDLYRSSDLYQR,0
TALWNVLSVPVVQC,0
YNNSGSSSRKKGQH,0
DEEDRSSSPDIEQP,1
ASSSPSPSPSSSSP,0
DGEFLRTSCGSPNY,1
ANKDNTSSGTLPIE,1
APLSPQSSVASSGS,1
KHKKQGYSNKEWPV,0
EANEPSQSASPEPE,0
AVDDLDTSNESAHP,1
YYKGLGTSTAKEAK,1
FQPGLYYSGRQDPT,0
APLKPRYSVAFDNS,0
NPPVEDSSDEDDKR,1
KEKDLLPSPAGPVP,0
KEADIDSSDESDVE,1
HNLSNAGSPLPVAR,0
EHLQPVSSRAGSPS,1
RRRQRTKSSDSDLS,0
PMPTRSSSNTPRDL,1
LASSMPSSRHKAAT,0
NLSMPKVSGPDLDL,0
NAKGPQVSGELKGP,0
VPAYFNDSQRQATK,0
EKTVNVTSLKTGRI,1
PGPVVHLSDSPRDE,0
APGSYLISIKYGGP,0
GHLEFFLSDDITHF,0
ELRGSVRSVKQRSI,0
SCMDRTGSLMQPPY,0
SIHGLNNSNSVKSP,0
PEGLAPHSAIEEKV,0
CMDNKDGSCSVEYI,0
IATPSHSSRGRRWQ,0
NADVRKSSSSTYLS,1
QQAQQPQSIYSDNG,0
NPFSYDSSDSEDET,1
NPPVEDSSDEDDKR,1
GAASPTGSAVDIRA,0
SNQQRFPSAPIQPE,0
KHKGRSVSFGEDSK,0
SLIDPDTSLSELRD,1
TQRLSLSSQNLLFD,1
RLRGKGSSGLNLGN,1
RFLEDDTSDPTYTS,1
PQITHYSSDGDSDE,1
PSRVPFSSGQHSTQ,0
GRKKKAKSESEDEA,0
SRPGHPHSSSQVKS,0
RPSRALSSITRVVS,1
SDVRGRYSISSASL,0
KDGVRAVSYHAGLT,0
LKADEPSSEESDLE,1
LEAQEDSSDDELVS,1
AIAVHRQSESCHVQ,0
QQPKLESSSMESHE,1
AGKDLVSSLTSGLL,1
KVFVGGLSPDTSEE,0
TASTVEYSTVVHSG,1
GHLSVKGSGGEWKG,0
GSRSSVYSPESNVR,1
ASSSLPSSPPPQLL,1
PAPPAPASPWDSKK,0
RNLARSNSGLSTTS,0
LKKEEVLSKDWQKL,0
SKLSDIKSQILRPL,0
HVKLQSHSSTSTTP,0
RRRSRSRSRSRSTR,0
YCHNVLRSQSASSW,0
RVVVISSSEDSDAE,1
GIEELLVSGRHPSM,0
ESYNNSGSSSRKKG,0
VEPAVDTSGVQCYG,0
SDNLGAASATPSQG,0
KEKTDDTSGEDNDE,1
LPKRLKSSTSFANI,1
SDAAVDTSSEITTK,1
RSPTPPSSAGLGSN,1
LGWCLSSSDDELQP,1
IKGDMDISVPKLEG,0
SRADAILSRVRRST,0
CRSVGSYSDGEDEF,1
KISSGKSSPFKVSP,1
KNAEEESSESEEEE,1
LPDGTFSSEEDEED,1
NLASGSSSPSREVQ,1
ENVYPSASARNYGI,0
FGISTPGSDLHVNA,0
IQGQLEHSVVPLEQ,0
ETQGRASSSTSTAS,1
LMDAEYASYYTREV,0
TSVARESSSESDGV,1
NEDDNRASESKKPK,0
GGGTFDVSILTIED,0
QPTLPLNSDSNSSE,0
LHEDFLWSMDDLFP,0
MYGKTLSSMIMEDT,1
RRRPKLNSTILSEL,0
EINPVKVSNLVRAY,0
GRERLNSSENGEDR,1
GQFQVDCSSAGSAE,0
SLRKPLSSDEETDD,1
ATGEDASSPPPKTE,1
QKVMENSSGTPDIL,1
SEVCTQQSCPHMSF,0
GQSAAVASPGGSID,0
DLEKRKLSQNLDNF,0
SQFQDEYSLDEVMA,1
NPFSYDSSDSEDET,1
DGDFLRTSCGSPNY,1
RSDGEGPSQYAIAL,0
NFSRDWQSGRALGA,0
GEESPATSLPRMKK,0
DRESYNNSGSSSRK,0
VFDDRNYSADHYLQ,0
DVVGTGSSSGHQSD,1
SSLFSPSSTLFSSS,1
LNSNNYISRFVIDE,0
VDKFIRESQHRVDE,0
ISEQNDSSDEEKQR,1
KFGFGAKSPKADIK,0
TAGAKCDSKASTPE,0
YEHDSDLSPPRKRQ,0
ATSSPVRSRRLTPA,0
PLSRTSSSSVNVTA,1
ALPRDPSSEVPSKR,1
LLEKENSSENLDES,1
GSIGVKFSRDRESR,0
ENRIYASSSPPDTG,1
DGPASRVSQLPTLP,0
HQYTIICSEKQAKV,0
GKTSPSSSPASLSR,0
MNQATVTSVLEYLS,0
KFKMIESSDKLSTE,1
RRRRHDSSENERRS,1
TDSILITSDDEHNE,1
PFGPIGTSPPGPNP,1
PQRLRKSSGSSPWD,1
ITVNGDSSAEAEEL,1
FLVYVASSMLGVFS,0
ADIPINISETDLSL,0
KAAKEGRSLTPESR,1
AGRGSMSSGLEFVS,1
GTPPMRKSGLRKIT,0
PLKSTLSSNMPYGL,1
RRPAERSSPGQTPE,1
DTCPVSPSCQEEPT,0
AGKRRKTSQSEEEE,1
PKAHNGSSIDVVSI,1
SSGASSASASGSSV,0
VQDASISSGNRISE,1
QPSPARSSSYSEAN,1
DLPSVNLSMPKVSG,0
VDSNIPSSQGYKKE,0
ALDTLIQSSADVNR,0
KPTSLDLSVSPLAE,0
RQLKRLESASRSPI,0
ILVRRSSSPAELDL,1
GRREETPSEDSLAE,0
VGPATNESPGIDYV,0
GLCVNMRSLPWYVP,0
VKGDVDVSLPKMEG,0
GGSFAWGSKEEDRK,0
AARDSSTSGEEEDQ,1
TEKLPVTSRDSSPL,1
TLGRRDSSDDWEIP,1
EKTLLLSSDDEF,1
LRDSRGSSFEMTDD,1
HSSSQVKSKLQIGP,0
RETREMSSVERADS,1
SKRVASASLAVRPQ,0
VRELVCGSDYELLE,0
NYYTYYGSTNYRKL,0
PVQSLKTSRDTSPS,1
ASPVSRTSPQELSE,1
SQSQKRSSGLQSGH,1
RKRNNLSSSGETTE,1
KGVYQKASDSDLSP,0
SASASGSSVTIPQK,0
GLGPSHPSLSTNSK,0
RKTSSVSSSPSTPT,1
FATSQRESSASALL,0
QCPLGLDSRGLPLG,0
FGRHSITSGGSGGG,1
PASLRKSSSHTPVF,1
ALSGNGSSSETQIR,0
AAWRVLSSIEQKSN,1
ECPPPPSSPVHKAE,1
EAGSSDLSSRQDAE,0
AATEMCASQGLQTI,0
TPEKISSSARFQDT,0
MGIVSVSSPDVSSV,1
GSFGGRSSGSPYGG,1
IPSSSSSSSPPPLP,1
DIEAPDVSLEGPEG,0
DSQLQMASAKCLGE,0
SHSGSESSSGSDSE,0
VRPQAKSSDLMCVC,0
TLAICGISPKEQKK,0
PGISLSSSRGPGRS,1
RRGAVPPSIQDLTD,0
PGLLSQVSPRLLRK,0
STKCQAHSDDMIWY,0
SRIYASSSPPDTGQ,1
SLGKRRMSETNLAG,0
PRAMAAASGGEDQP,0
GKADYIYSELTH,1
LLMDVDESQLTKEE,0
PDDYLAQSMMLDGD,0
EAKAAVGSVSDGAT,0
RHQSPEGSRYGHRQ,0
RRGSYKTSREPAGV,0
DNQDGTCSVSYLPV,0
DLGRSSSSLLASPS,1
DASKTVSSPPTSPR,1
PPSEPPASPSLSST,0
SRGKTEESGEDRGD,0
AVKSLAISQFLKKE,0
TPIGRRGSYKTSRE,0
TNSSERSSQQQEQP,1
DIDAPDVSIEGPDA,0
KASKTASSEDDVVA,1
KLSPYPSSPMRRPQ,1
RTPQLNGSLGSCIS,0
HNGKFESSDEEQQE,1
PRKRLGFSKISADA,0
NDSSGATSPINPAV,1
HSGLQTPSFTPSHP,0
MDTLPQLSIDMSLC,0
LTASSPGSGSSSGS,0
SALYYLHSNRILHR,0
DKACRRPSLTIMHG,0
EIRRNHTSEVESIK,1
NVTINDSSDEEPLK,1
MSDREQSSGNTAFE,1
DTDAKSSSSESGDE,1
IPVVISQSEIGDAS,0
HAAYGGYSTPEDRR,1
CISRVVSSSSLKEK,1
VVTRPDSSDTDTAH,1
SRDTSPSSGSAVSS,1
PVKKLLESRYHQIG,0
SIRQFTSSSSIKGS,1
RALSYLESYLEEGE,0
PSKAASQSGLGPSH,0
TTLASMHSQQQQQL,0
YDKDEDSSECSDGE,1
GHIGVDASAPQIGG,0
SNKEWPVSGGAWNL,0
TPAPVPTSLGLPPG,0
TVAIAIVSETCAPF,0
APSTDASSDNLGAA,0
QPLDASASGDVSCV,0
MAAIRRISGNNYQA,0
VNGKAESSDSGAES,1
ASHQEKPSREEIQR,0
DQALEVDSDDLVKK,0
MCSHSDGSLTLWNL,0
TATVVPPSGREEPC,0
VECLQQISTTFTPS,0
LQQLEGNSLATAGA,0
PAVKKMLSHLFHCM,0
SRKRRFSSSDFSDL,1
PAKSPSSSTGSIAS,1
QLRQLAVSGAMSPT,0
PGITPSSSSRTRTP,1
SHSPQLSSPEDEAA,1
RPVSPKSSSDSEDS,0
LENASKLSTIRMKL,0
LSSERPSSDGEGVV,1
GGIGLSSSRLTGTP,1
RKQHYLSSEDEPDD,1
DVNRSNYSVIDNEF,1
SSSREKGSRRKALD,0
PGLGADNSVVRFVP,0
PRARRFSSGGEEED,1
GDSTYRCSYQPTME,0
GKRVQLPSKKDMAL,0
ESTPVRKSSTSSMP,0
GKELPSKSWREPKP,0
RGSRHSRSPINQYS,0
TSSPIATSNSQSFG,1
GRRDSQSSNEFLTI,1
SNKETSGSSKNSSS,0
TGRPWGPSRGPPQA,0
RLGMNIRSVLTSAV,0
DSEDSDASFRSKLP,0
HGAAPDISVKGPAF,0
DSLSVASSSREGYV,1
MDLPFSSSPSRSAT,1
SLMSKSNSMLQKPT,0
GGKEAVYSGVQSLR,1
HLLPISTSDLSSRE,1
RSRGEKRSGDGSEK,0
LWRRRRTSDPSAAV,1
GEDAFPPSSPLFAE,0
GTEATGTSPATPTP,1
RSRASSTSSGRHPA,1
KSKRAGSSVFSVFS,1
SVPATPTSTPVPNP,1
NPVRISSSIEFASL,1
CQQPGHRSNDCPEP,0
HFKSPQISMSDIDL,0
VFNMQKISEGLMFN,0
RTPVKPSSVEEEDS,0
LPVASDSSPMGSKT,1
HSSRKVDSPFSSGS,1
DPGMTGSSGDIFES,1
KKEGGGGSTSASPH,0
KGVPVAESADMPIT,0
GSPEASISGSKGDL,0
KRRSTDSSSVSGSL,1
FRSSSKESSPNSNP,1
VMRDPDSSVNNSVA,1
ELTEVKTSPSKSRT,0
KRKRRLSSDSNEDP,1
RLAQICSSIRTHK,1
TKFFSESSGDEDDK,1
RPPQSALSTTLSPG,0
FDCQSPTSPFMGSL,1
VKGDMDVSVPKVEG,0
MKGDVVVSLPKVEG,0
KWEHISYSQYYLLA,1
PYEDSDSSEDEVDW,1
DMSQSPTSSFVRAC,1
TKNEAVSSNMKIVN,0
THHLHSSSDDEDDR,1
FHFDPLSSGSRSSS,1
LELRSCSSPHNYGF,1
KVKSSKQSDPEVGD,0
AERTSPSSPAPLPH,1
THIVNIESFILSGY,0
NSKYEHDSDLSPPR,0
VEEQFSSSSEEGDE,1
KSAGYGSSDEDDID,1
EESEELSSDEEMKM,1
RQIADDSSDEEAES,1
QHPPADSSVTMEDM,0
KVSPSKSSGGLLGW,1
VTTPPEDSSQGKKL,0
GVKNGASSPKTSPA,1
ADSTTGESHA,0
HNTPFLSSLELHTA,1
SRSTRRRSRSTDRR,0
NIKVPKISMPDVDL,0
SATPSQGSAPRKRL,0
QQSHGYSSDYHSGD,0
DTTISNHSRNGSYG,1
QQLSEHHSYPALRG,0
VTVGGSSSEEAREV,1
MEEEDESRGKTEE,0
ANSLADSSDILGLP,0
QNFIDETSDIENLL,1
YYRGSQDSLTVKES,0
LQATSTPSTGQVQQ,0
AVSSRKSSFDNVGP,1
EEEKAYLSSRARPR,0
GPNHTCSSNASTAT,1
GQNGDDSSAGGDFP,1
SRAASVRSKPPAVY,0
DAKLSGPSLKMPSL,0
ERRARSSSPGHVIA,1
TQGRASSSTSTASK,1
ESVVFLGSIRYEIL,0
PRIEDDSSEADDTA,1
GEGRVKESITRRRR,0
VVQVLTQSLVEILK,0
TRRLSQSSLESATS,1
GCLRNMSSAGPDGR,1
KGTRTHTSRVGTCL,1
SYYRKRKSLKSNRT,0
EEHTLALSISREIW,0
GSHGRRSSGGGSEA,1
VSNNNRTSPSKPPY,1
PAINVTSSSTAVAA,1
QHARPSSSVGAVDL,1
HVNGHCTSPTSQSC,0
EDRLQDSSDPDTGS,1
AAHRKGSSSNEPSS,1
TLGRRDSSDDWEIP,1
SSEENLSSEDEELP,1
LRFATEISETVKRM,0
GPDGEDYSPWADRK,1
LWRLNNKSAKVRQQ,0
GNSYTDTSGPKETS,0
DGVVERSSPKSEIE,1
LEGGVTGSPAEFIV,0
KSKKTGNSFGFDLM,0
CCSRRQSSSSAGDS,1
TDAKSSSSESGDEG,1
QPFVTPSSRSLLRH,1
GNSNGFGSGGGGQD,0
LLKELLTSDSPPHN,1
TVYSQMLSRLCHPV,0
SATPGRDSKTIQKG,0
LSDSLYDSLSSCGS,0
ALRKLLTSDEEEDD,1
GGDPGLVSAYGAGL,0
SSEVSLTSSVTSLD,1
QRNVTMASIMNIQA,0
LSPIHNSSALPTTG,1
PQDPVLFSGTMRMN,0
TCKKRQSSESDIES,1
GKGEQASSSESDPE,1
RQLSALSSDGEGQG,1
KKKKRHSSTGDSAD,1
NQDGGMTSEDAKVA,1
KNEDGSSSPAQTSR,1
KNCKWFLSSFNRSN,0
PKADVVVSGPKVDI,0
TQLRPPQSALSTTL,0
DIRLAGSSNDLSSL,1
NASTPSSSPEPVAN,1
ATDGVEASYIRDEV,0
GGDSQVSSTSHSPQ,1
RAIGRLSSMAMISG,1
EVKHRNTSSIASWF,0
LSNQLQSSEDEPAF,1
RSPGVPPSPCLPES,0
GPSHPSLSTNSKYE,0
AKEAASSSSGTQPA,0
ENGNGQTSCAELHK,1
KCKICYKSKQNHSS,0
VMVNYAKSLRYGSE,0
MGTSEHVPLP,1
SSAKLDSSSPNTLD,1
EVTVPGVSGDVSLP,0
NVSATDKSTGKQNK,0
RFEQSQLSPSIPQH,0
VLPTHDASKVKASG,0
EGDIKAPSLDIKGP,0
KLSSRIQSMLGNYD,0
SSVQGASSREGSPA,1
LPPYGSGSSVQRQE,0
YSLQHFSSSPESQA,1
SHSRCGQSAAVASP,0
PMSRRSSSQSAQPK,1
SDSPPSSSADASRF,1
DREETESSEGEETA,1
DRSDVESSSEEEDV,1
MSSSEEVSW,1
DISRYIRSKPQHFS,0
NVQELGPSLGRIVA,0
GYGGLSLSIEGPSK,0
PVRKSSTSSMPASP,0
AGDAPLGSRPGHPH,0
NLTYRIPSPSRPSI,0
PPALTPDSQTVDSS,0
VSRHASSSPESLKP,1
SFLAGLVSVLDPPD,0
TIENFGGSQDQLNT,0
PPLRAKRSPKKESP,0
ERCKSPTSDHVNGH,0
QQTVLSSSSPEKSR,0
KQYTSTSSSQVNLG,1
RELEAENSALAQAN,0
TDPVTGRSRGFGFV,0
QLSDSAASAPLTTG,0
LGLPPGPSSYLLPG,0
ADTHIPGSPFKAHV,0
ATSSSSSSRRERHR,0
AAADHPLSRDNKWV,0
AKCDSKASTPELLE,0
DNLPENHSGSKTPV,0
QRAARRLSRLTINR,0
DGLWQRLSDRYSDQ,0
SIKAPKISMPDIDL,0
ASVPSPSSSGSRKV,1
RASVRGSSEEDEDA,1
TKWLRAISQAVDQA,0
DKYVGVSSDSVGGF,1
RYRQRNSSMDEEIE,1
TIATKKSSRDPRTA,0
DTLDTLNSNNYISR,0
EASAGKASRSLAQH,0
KTKDKEHSMTRKPL,0
EQQRKKSSEEPAEL,1
SPGNLSSSSLRRKL,1
TYQELMNSNGAFSE,0
SLSRTLRSIPELTV,0
EIQRLTYSQEMCDN,0
RTLQRLSSGFDDID,1
RSKELETSLEQMQR,1
DDLRDVSSPKESDG,1
KRLKSSTSFANIQE,1
NDTVEESSDDEEIE,1
SRPNSRSSAIVKKT,1
RPSNLRRSRSAERR,0
IADVLKGSKIKKII,0
SPTRLQQSSNNAEA,0
HWPFKVISAEGAKP,0
KQMEAFRSSAKWKL,0
RTGAGKSSLTLALF,0
PPSQRKSSTSESPP,1
ARPPPAASATPTAQ,0
SQSQSVSSLDHEED,1
NVEHSASSINVDV,1
EEKSENSSEDGDIT,1
GRPEGQYSEDEDTD,1
DEGTDITSESGVDV,1
MELRRDSSESQLAS,1
DNTAENSSELDDNN,1
KVEMGTSSQNDVDM,1
ISQKEISSTALVES,0
PLKSLGSSADLELL,1
SYTEYCTSITNFLV,0
KRPAILHSLKFNRE,0
SYNRSRSSSISSID,0
TKIQKPSSPTKNKV,0
APGEESSSETEKEI,1
LERNSVTSSPSPAA,0
EATSSPTSPERPRH,1
LDLSDSTSVASFPS,1
AGLATMISTMRPDI,0
AQTSGSTSTLLMRD,1
DAKVHSPSGALEEC,0
RSPINQYSDERNRS,0
KAAVSDSSEEEEDD,1
FTETSPTSAPWDPL,1
KTSSVSSSPSTPTQ,1
RKRTISQSSSLKSS,0
LVEEQFSSSSEEGD,1
ILKEMTHSWPPPLT,0
SQISAFSSDSEDDL,1
REVFSSCSSEVVLS,0
NIRSVLTSAVYTKT,0
QHVRAHSSPASLQL,1
RSRSRKSSGTTGGL,1
HHQEKHTSKQPACN,0
WRGGNHRSGGGYHR,0
RAERGGSSGEELED,1
MKGDVDVSLPKVEG,0
EKDLQLSSGAEEPI,1
SPRHALTSPSLGGQ,1
SVDISEASSISSRG,0
RQRQDSQSKTNSEA,0
ESESLPPSSQTPKY,0
TVPQHATSGPGPAD,0
NLDKKASSEGGTAA,1
KSKGLPKSAWGGGT,0
MNNYEKLSQSRTDP,0
RNHCDLSSDENSSS,1
YTHEDTSSPQSRPL,1
ELASSHSSDDDESR,1
IPCRNSGSDGSPSP,0
CGEPDNFSPPSSPR,0
GSLGSCISPSEKLG,0
FKLQPSSSPENSLD,1
NPKALDSSEGEFIS,1
DTDAKSSSSESGDE,1
AGLHRARSSFDSST,1
GGASPASSSSAASS,1
RSRSRHSSISPSTL,1
HELESSSSEVN,1
STDEQTSSAEEDVP,1
GDDDEDVSRGNPPG,0
KDSSPSSSPSPKGF,1
VDVTYDGSPVPSSP,0
ADQHVPGSPFSVKV,0
QQSCPHMSFPGTSK,0
VQEVTQNSPAARTG,0
KLEYYCSSSEGEDN,1
QNDYGNTSQYSRNG,0
LQQHPSQSQLQIQQ,0
CSDVSELSSSPPGP,1
KRAESSASSASGWK,0
YVHQAKLSNSFYIQ,0
RPSIQANSFQDPRA,0
NLKGPRISAPNVDF,0
LFNSRCSSPLQLNL,1
SRMRLNSSGEVSPV,1
ALVDIVESGLDDEQ,0
DDSSNNSSLVGVAS,1
EKQAKVFSLPSQTC,0
STLRTQLSALSSLL,0
QREEAGSSDLSSRQ,1
RGPRLGYSIPSRSG,1
AALDFGESRQENLT,0
TSARPISSEIRRQT,1
KMKVPKFSVSGAKG,0
RMENVSPSIQKCIR,0
RVQLGDSSDEDEPI,1
GRGRSTSSEIIAGS,1
TALPTGTSKCPPSQ,1
EKAPSSSSNCPPSA,0
TRGNQKSSFTEIKD,1
GLANPIISKLYQSA,0
PNKSPHSSPTKLPS,0
DEDEPNTSQELSAD,1
DSRDPPFSEAHTKN,0
YQDLGAYSSARKCL,1
TSAPAPSSSASSGP,1
NYSSGASSASASGS,0
MSKKLNTSVGGTPT,1
INVCALYSAKCLEN,0
KEHQRSKSPRDPDA,0
VICLDSSSGSEDEK,1
GETMEEYSTDEDEV,1
EATAIMWSAVAKWL,0
KRARRGSSSDEEGG,1
TSCGDRDSRRRGAV,0
KSLGGESSGGTTPV,1
GRERLSSSNEKGNM,1
DEDYIAGSQRRITA,0
SYVSPNTSKCPVTI,1
LMDNADSSPVVDKR,1
DKREGSSSSEGRGD,0
QTVLSSSSPEKSRP,0
EKTLLLSSDDEF,1
DASPPRKSHRNSSA,0
KNAQESKSPFPMYS,0
ETQGRASSSTSTAS,1
KKLTIRCSDGKDYD,0
REEQTDTSDGESVT,1
PESVDQTSPTPGDG,1
AKQRPSTSGWNNES,0
IQKWEEKSREFIGS,0
QTPSFTPSHPSQTP,0
GNVKAISSDMYFGR,1
TWTREVFSSCSSEV,0
STESESSSFHSS,1
MSSSHSRCG,0
QCHTFDSSNVE,1
TLRKNQSSEDILRD,1
AIQQAVGSSLQGDL,0
LLENIMRSPMAFFD,0
VNGLDVTSLRPFDL,0
ARVTGDDSMRMSHL,0
HKKRKRTSFDDRLE,1
SNGSSNTSHKQEWA,1
CGVFNRKSTKCDRT,0
GFIVRDSSKAGKYT,1
HDDNANTSTQERAE,1
ESSSGSDSESESSS,0
KFHLEPTSPPMTDG,1
SRRFGDSSDSDNGF,1
SASRKHSSDVLKEE,1
ANRDQDSSDDERAL,1
DGDFLRTSCGSPNY,1
DSLYDSLSSCGSQG,0
SNTQAGDSHEHCPH,0
KKKKIRTSPTFRRP,1
QDLDCSSSDDEGAT,1
VWEDRPSSAGSTPF,1
ERFYKQSSMSEDSD,1
GAASATPSQGSAPR,0
QKVEMGTSSQNDVD,1
DVKGGESSDDDDSD,1
SAEDFSSSDPITPP,0
SKKPSQGSGRRPGD,0
IALLMFLSSLLQSM,0
VRANLPQSFQVDTS,0
RNRGIITSGVITLY,0
SLKRSHSSQLAHTT,1
NPTQSRSSPKEFFP,1
TPIEILSSTDDDAT,1
SRADSRSSLRERIQ,1
ALAQNYSSESEEEE,1
PSSRRGSSTERPQL,1
ESSLSSTSPSSPLP,1
RLIDYLPSSGRRHL,0
EEEEEGLSQSISRI,0
RGVRRNSSFSTARS,1
GLEHVPSSSSIHNG,1
NPFLTKSSGDVHLP,1
ASKRYKTSTTSPAA,0
MSLCYRVSEAHAIT,0
QRFNAISSEDFDQE,1
DGIFEVKSTAGDTH,0
SPTSQSCSSGKRLS,0
SSLVGQGSFGCVYK,0
AGGTGFGSGNAGGT,0
MTRKPLGSRTSQKD,0
LNDEDIYSGLSDQI,1
NLDFSMQSHSAKRW,0
DNNGSISSSELATV,1
HMGSRLYSVSYLLK,0
LEPGPASSSLTPRL,1
PEVELSVSTKKE,0
GGLSWDTSKKDLTE,0
SDYDYTSSEEAADQ,1
KFWPATLSILGESK,0
PQAQGTSSGPNCAP,0
HGSLGTSSPRQTHN,0
MDGLPKSSPGAVAG,1
NYTHEDTSSPQSRP,1
RQQDMITSYEQLLS,0
KFKMPEMSIKAPKI,0
MEVSPRSSTTSLVE,1
TDQDDPSSSDDEGM,1
RATHTSSSTPMTPL,1
ASYDSNSSFGDLQE,1
VSTLDDISRYIRSK,0
RKRSQEPSRPSPTP,0
GQGEDPSSDELDKE,1
PPWADCGSTTAQST,0
KNEFTNSSTSKEFE,1
FNSPGGSSPVENSD,1
PGVSGDVSLPEIAT,0
MSVNSGSSSSKTSS,1
SLSIEGPSKVDINT,0
KTEGKTSSSSKEVK,0
VTPEKISSSARFQD,0
RGRGESLSPSVRRS,0
DEDGKPYSPSEYSL,1
QEKDIPTSKVSTIS,1
RLLESQTSDEDNED,1
PTGSNPSSSAGTPS,0
RHDTPDLSPPRRVR,0
KRFARLASKKAVEE,0
PIPLPVPSLLPRLR,0
EDSDEETSYPERSE,1
EGGSRRLSLPGLLS,0
GSWGGYPSPAVLSC,0
ELGAIDASYLPSNY,0
GVQTVPSSDEEEED,1
APTSEPSSPLHTQL,1
NIKAPKVSMPDVDL,0
GPNCAPGSSSSSSS,0
SNKLNITSGNLTYR,0
TMTRRGSSPGSLEI,1
KPCIKRDSNMLSTF,0
PSQASNTSKDELWG,1
SSASASGSSVTIPQ,0
KTSSVSSSPSTPTQ,1
APPNLDFSMQSHSA,0
SEHSKSRSSSPGKP,0
LLKAHKKSIRRAAI,0
PELPEEGSTIPLSA,0
LRQFRNGSKPVLIA,0
NEYLRKLSDHSVRE,0
CQFRALYSYQPETD,0
TIHVDDASVDISEA,0
FRRTMASSILKWVV,0
FAGGLHFSGPKVEG,0
EKVARFSSTSPFQN,1
NLETPEISVGGKGK,0
FPKLRSSSPFSGHS,1
TLRKNQSSEDILRD,1
GSGNNGESGFGSGG,0
AATAAVKSLAISQF,0
ESSASSASGWKSKK,0
HSSLFLDSYTEYCT,0
RAGLLNTSGTKGLE,1
SISKSISSSREDLL,1
NSGSGFGSGLTNGF,0
HGHGLLRSGKLTSS,0
SPAGPVPSKDPKTE,0
NTSNGPSSNNRNCP,1
SDGMMDYSGPPSGP,1
STSSMPASPAAWQL,0
FRRGAPSSPATGVL,1
KMSLSPSSPRHEDQ,1
ACISAAPSARVPN,0
IFLDASSSDDETTE,1
YAWCSYISKDIVID,0
RVSPATSSAAPSRG,1
SRELDDSSSESSDL,1
RSERGYSSDIESVR,1
KREGSSSSEGRGDT,0
LPTINNRSGRAQVI,0
GKRGGHSSVSTESE,1
TGSNPSSSAGTPSP,0
STLFNRSSDNIIDL,1
QLAKRIESDIKALG,0
PLASTLVSDRKEDS,0
NSEGADNSRDDSSS,0
SQSISRISETLAGI,0
KVPSAATSRRPSIH,1
SGRRHLLSSYKPCI,0
EQPGRPSSRGSNIS,1
ARRNRISSECVHVE,1
SRSSSISSIDKDSK,0
ESEDEAESDHLHDE,0
RPILPVLSQTLSLD,0
QGPGLEPSGNIANK,0
VLPKKGVSTLDDIS,0
VVSHQSCSRSSRSK,0
TIDLYRSSDLYQRQ,0
GGGNRSSSVPHPFQ,1
SSTALVESYIHRIE,0
FKSKRTPSGRGRGG,0
VKGDVDISLPKLEG,0
NTHHLHSSSDDEDD,1
TYLDLSVSPLAKLS,0
DLMPLPGSK,0
KVVRRGSSPHSVVL,1
RNVFSPASTTAMEN,0
ELRITLKSSEDELH,0
LEHVPSSSSIHNGD,1
SPPFPDLSSQLPPS,0
PRRQSSDSDLSPPR,0
KEEGPRSSVTETEA,1
RGQLHGSSDESEVE,1
RPRRYCSSADEDDD,1
SKAVGMPSPVSPKL,0
PAAQPVSSPAQTSL,1
RLNTVMDSDRLLVL,0
FYPEEVSSIVLTKM,1
TIKFWDASAMTLQM,0
MNSTSGSSTIRDLV,0
QQGKSLSSPTDNLE,1
QLIERVRSTSSSSC,0
IPSRRLSSALSPRA,1
MPPLIADSPKARCP,1
ITALAPSSMKVKII,1
LGITLSSSPTSTPE,1
EATSSPTSPERPRH,1
MSTRQLQSLAVPLH,0
KEKTNVESKADERG,0
PEKGDKSSEPTEDV,1
YRERLGSSSGPAAA,1
RAHFVDSSERYTAS,1
IESPPESSDREVSP,1
ANVTPQSSSELRPT,1
DEEPALSSSEDEVD,1
DKASKMSSPETDEE,1
FSVGVSPSLDLSKI,0
YPVSSPSSPSPPAQ,1
NSMMDEHSSTELED,0
AAAAAASSHQQQQH,1
KLNIEGKSKKSRFK,0
SYSSPDYSLQHFSS,1
TPGPRGSSVVPNAM,1
WRATHTSSSTPMTP,1
TQVVKGSSPLGPAG,1
LPENHSGSKTPVLL,0
TVSPQSNSSRPTCA,0
SPVERPSSDQEEGE,1
SRIGPPSSPSATDK,1
QVEPERTSIPNGDY,1
GVCVSRTSPTPPES,1
DQAPPQLSKSKGLP,0
MLEQLGSSDEEAEE,1
PTGLAATSDKREGS,0
CREPIDSSEKQGGV,1
RLSSADVSKVNRWG,0
RSERGYSSDIESVR,1
TETKDPSSGQEVAT,1
RVDLEPVSPRSCLT,0
LTPLQPPSEPPASP,0
KSAFSGYSSTRNAG,1
RYSISSASLDTSTS,0
ELEKKLSSERPSSD,1
RVGSGKSSLLHALL,0
GHSGRGSSSEDYDS,1
EPAADDSSDDSDNE,1
DGPQLPTSPRLTAA,1
PIFLDASSSDDETT,0
SQAENHASTALSPS,0
YQAPTGQSYEQALL,0
SNFTVDCSKAGNNM,0
TSGSSKNSSSTSKQ,0
MVVLTSDVVYSR,0
VNGKAESSDSGAES,1
IDLGTTYSCVGVFM,0
GGSGGQVSLKKSKA,0
GAGTPESSDDDNST,1
KTPSFGISAPQVSI,0
RSKTLESSEDDHQA,1
DGIPNDSSDSEMED,1
KKKYKSTSKSSQKS,0
KGQRDLYSGLNQRA,1
DNFSPPSSPRDTQL,1
KNAEEESSESEEEE,1
RKNQRTSSEEDYSE,1
GGGSTSASPHHIQL,0
DAKVKTPSFGISAP,0
KHIGTLFSISFLRI,0
FRKLSNSSSSVSPL,1
KTRGKLSSSFSSRG,1
DSLSSCGSQG,0
EFEGGEVSLEGGKV,0
KRKLSTSSVEETAA,1
EPQDVQSSDEMRSP,1
NYDGPQSSNDYRSS,0
VINASKFSMPPPAI,0
HSRLGESSPNLSRI,1
LSSSSQASIEIDSL,0
PRDRLWSSPAFSPT,1
GHSEKKTSVTASDG,1
TSDKREGSSSSEGR,0
ALSPPQTSGLSPSR,1
EASGYISSLEYPRS,1
ANEAGDSSQDEAED,1
SLALTAKSQVYSWG,0
PVPTPATSSPVRSR,0
NPGGNISSPVRPLD,1
TAQPKSSSENENED,1
GNLIVLSSAGAAVY,0
GNVLPVSSPQTRVA,1
RKLSNSSSSVSPLI,1
LQNPSESSEPIPLE,1
GLAPEKTSPDRDKK,1
GLQRRNSSEASSGD,1
VVSCTQSSLQQLMN,0
ELNGLRSSPGLHFS,1
ALLGSGGSVIGVGS,0
EGGIVGKSADFVVE,0
RQRHASNSSAASHQ,0
PERCNQCSQLLITM,0
TLASRSLSHWRPRP,0
SVVSTGTSFSSSSP,1
LKNKSNSSSFLNFS,1
KSKRAETSDEEDED,1
AVHKICHSKSGEIN,0
GKPPGKPSSEPGRR,0
RVHVPRTSIPRAPS,1
GRSRSQSSTSLESQ,1
LKGDVDVSLPEVEG,0
PNNNHVTSDTGETE,1
IIQKPKISMQDVDL,0
GPSKAEISFEDRKD,0
LQRHLKLSYLCAIR,0
TVGRLDKSDPRGPS,0
PTPCSGSSFEETEA,1
PRRSRRSSASTNPA,1
AKDLSRSSDSEEAF,1
PRQTHNHSPTAAQH,0
AATSLFSSDDEEAE,1
ARKLEAESLNISKL,0
PKADLGVSGPKVDI,0
RSVSSPSSFTMKTN,1
VEYVLSSSPGDSCL,1
KLSSSFSSRGQQQE,1
KTPSPQTSKPASPN,1
QLPEVELSVSTKKE,0
PLNSDSNSSEGSHL,0
ELLRQLISFIEDKN,0
SASSPLSSPLSKGN,1
EKDKASSSSPSSSQ,1
NRYSIVSSEEDGMK,1
ILEEIFTSLARLPT,1
KMKMPTFSTPGAKG,0
PNTYKGSSRNLFED,0
MPSVQKKSTNYAQP,0
GAGTPESSDDDNST,1
HTSRDHSSQSEEEV,1
PASLRKSSSHTPVF,1
VSTESESSSFHSS,1
RTISQSSSLKSSSN,0
EGGGNSPSGGSPAD,0
SSSEDYDSGEMISN,0
VDEDSMPSVQKKST,0
GGVSIPNSPFRVNV,0
SVHTQMQSFYAQQY,0
PDDFSPPSKQNDPH,0
VVPVASPSGDARRL,0
KQENINSSSNLFPE,1
QEQLVMASTRSDES,0
GFDVPGSSDNLARE,1
CRSVGSYSDGEDEF,1
SPALREKSKRITKG,0
ISAEDFSSSDPITP,0
AALEGESSPEEELD,1
RKPQTPTSLAGSAK,1
DISGTPTSPDDEVR,1
AGASRQSSGPGASS,1
SSSSPEKSRPIMPL,0
RIETRVSSSCLDLP,1
NGVLKALSFMFEYI,0
SFISLQSSPSPGAQ,1
DNMHIPGSPLQFYV,0
LTKRSNSSNAIIKA,1
GGQKQRVSLARAVY,0
PDSQTVDSSCKTPE,0
RTNSMSSSGLGSPN,1
CSSEVVLSGDDEEY,0
ADNSRDDSSSHSGS,0
LDKAGSESPHPGRR,0
LEAGGYHSLALTAK,0
FRDSPGLSAGLVGL,0
ATTPPSSSPSRGIS,1
MTSAEAFSKHAHEL,0
AAAAAASSHQQQQH,1
RNGSPDRSRRQIPN,0
HSSRRCSSSLGVPL,1
YTKTLNLSNEARKG,0
PKADVDISGPKVGV,0
TPIEILSSTDDDAT,1
HVNMPKISMPEIDL,0
EVFSSCSSEVVLSG,0
DEQRAVSSASINSS,1
IVSVPASSTSGSPS,1
SKLKRSYSSPDITQ,1
LDRTYKLSDLDTRL,0
RAFAVVASALGIPA,0
RNSGSDGSPSPLLA,0
NLSKKLSSDAISIT,1
IISKLYQSAGGAPP,0
EKRSGDGSEKAPAP,0
HVSSTSSSFLEV,1
QQFDQRNSRRDNYP,0
ASSRRVSSSSELDL,1
FSGIFRSSSKESSP,1
NGESGFGSGGFGGN,0
VVKAFRSSLEEFDE,1
LEARNGTSPSRGSV,1
LQGLDLSSRSLLGI,1
STTSAHSSINPAVL,1
DPDANWDSPSRVPF,0
HPIHIGESEIAGHA,0
ATLAWDSSHSSIQN,1
DKFFKYNSGGKCFS,0
FEVYVDKSQGDASK,0
EEGVEESSGEASKY,1
TPPRSPSSPQLIPK,1
PSSSSSSSPPPLPT,1
CTSSRCSSPVERLE,0
TADTPLPSTFQPPP,0
DRDRDRSSKKARPP,0
ERANSRTSNSLAEI,1
LEEEPVESELDMDV,0
AVESVDSSEESFSD,1
HSSRKVDSPFGPGS,1
GPPGLETSESLSDS,0
PGGGNRSSSVPHPF,1
KIDHLSSSAPGSPP,1
QGLPTSPSPCYTTP,0
ESSSFHSS,1
QRIQSQMSQEIEKT,0
IGTASRISSDETRL,0
EEQFSSSSEEGDED,1
EIRRQSSSYDDPWK,1
VRRRSESSGNLPSV,1
YRSSRHQSPEGSRY,0
PTTAKRSSSTGTGS,1
NSVTSSPSPAAPLK,0
AITGNAHSILLAFN,0
VDINEMESPLATRN,1
GRIHRSSSSEEASQ,1
ALSSGLSSPTRCQN,1
GGSITGPSVEVQAP,0
LIYDMTTSGSGSGL,1
SGSASASSSRHASM,1
EFEKCDRSEKKDKL,0
LCDLIMGSAGSGDD,0
PKADIEISGPKVDI,0
SSPWGESSPEELRF,1
YKDAASSSSEGNLN,1
IRTLSDSSDDEWMT,1
AGAPSPGSFMLHQN,0
RAPSKAASQSGLGP,0
SGSRSSSSKYLVEF,1
KSGSSSSSSGTPAS,1
FLRTSCGSPNYAAP,1
SSSNCPPSAPTLDS,0
RVTGHLVSALYYLH,0
SPPTTSTSALNSLV,0
DGAERKSSTSDSFE,1
KIGTLHTSPDLKVR,1
RLAIPISSPQRSTT,1
RVSSAGPSTSKSVV,0
RDDSSSHSGSESSS,0
TSVSRGSSLKILSK,1
SPRNLARSNSGLST,0
QEPVAPSSPRTTRS,1
TLSILGESKKVLPT,0
LPPSRSLSGSTNTV,0
PTTSLKRSYTIWQT,0
EKGEKEGSDNEDDE,0
REAAHQSSSYLQTG,1
DYIEGYFSGEWGSG,0
RGMEDDSSDEDKLQ,1
ADERGRRSRRNSSS,0
MPTGGGKSLCYQLP,0
AAHSVASSLDLEEQ,1
IRTVAVMSMVGYIL,0
EQKRYNPSKTSNGH,0
SRNSYLRSFSAISL,0
TYLLDFRSIDDEIT,1
GPQITGPSLEGDLG,0
QVSSRPTSPEKFSV,1
GDDSMRMSHLKVGS,0
KKESPPGSRDSVDN,0
ILGIDIDSYTTEKN,0
RGMEDDSSDEDKLQ,1
STSSSSCSNSQRSG,0
YPSPAVLSCKAYAQ,0
FNMASPESDFGINL,0
LAALAEASSPYGIE,0
IEEVAAASEDTDPF,0
EPAVAVRSSIADAR,0
VRSTSSSSCSNSQR,0
PRLAKISSENGVWS,0
LGERKPSSAAYQKA,1
PDEKGETSAESEHD,1
DARRLTVSSLQESG,0
NWAVRMTSELETNI,0
RRSRRNSSSEDSQL,0
PTSRDRSSPPPGYI,1
GGGQAKTSPKPAVV,1
SLSRASSSVSTLYK,1
MSSVSEKEH,1
SLDWQHYSPRSLDT,1
AGIKPLASTLVSDR,0
TMEQQLSSDPDSDP,1
TPATPRSSVPATPT,1
GQVPHSNSFGGGLN,0
PTTDSEDSDDDAAG,0
KQDDSQSSNQFSLV,1
AKSLRYGSEHVYQS,0
DASTPASSELNKQE,1
SGKLFDSSDDDESD,1
LQGLDLSSRSLLGI,1
EMIESFESKTDLFV,0
MSKKPVAQ,0
EWELDESSDEEEEA,1
VPDVELKSAKMDID,0
EQEEEDSSDEEDGL,1
VLDVSSTSSEDSDE,1
RSKTLESSEDDHQA,1
HVIEMIESFESKTD,0
CDSTGQTST,1
KQKNKKSSTGEASE,1
NSAGHKPSSNRESS,0
TKVDNLASMYIGWG,0
EVTTEIVSLEVRLQ,0
SGGSKDSSLPNEPL,1
SQPRSHTSLKVSHS,1
PRLQDSSSEEEDVT,1
SEKLGDNSDIFTVS,0
ASNQAGSSQDEEDD,1
DANWDSPSRVPFSS,0
TTEISSQSNNGTIA,0
RSCQRSDSDAEAQG,1
GIDFKGSSDDEEES,1
VTGPRLVSNHSLHE,0
SPKADIKSPSLDVT,0
TSSVFVDSLTKVAT,0
TASLERNSVTSSPS,0
WLDTTESSTNTEQV,0
CTSPTSQSCSSGKR,0
FSATFPDSVQEAAR,0
RKNDSTVSPCLFVG,0
GAPVNVSSSDLTGR,1
TLSLHSSSEEDFYM,1
PVSPKSSSDSEDSD,0
LSITKKSSPSVKPA,1
VIGTGESSQFGEVF,1
VKHIDDSSPEDLIA,1
SFFPRCYSLCTESE,0
SPGRPSSSQGEIKR,1
KAVKERYSYVCPDL,1
TESEEISSEDDELV,1
TMTRRGSSPGSLEI,1
MLVRRSSSPAELEL,1
KSPFPMYSETVDLI,0
TRSVSASSGPCSPA,1
SKESEESSESKEN,1
SSSSSCSSRKVKLQ,0
NKRPAQTSLLSPPS,1
EVKLFESSEHINDT,1
AATGNSSSHGPRKN,1
SSSSCSNSQRSGIT,0
RTQLSALSSLLRSS,0
QQTQQPMSPTRLQQ,0
VSSKGKTSYGHELE,1
DRETEKYSMRRQVS,0
KLSSSEDSDGEQDC,0
SYSSPDYSLQHFSS,1
RPHRHDSSNEFQSF,1
QFDDADSSDSENRD,1
TDRRRGGSRRSRSR,0
ELHKAKSSKAAERA,0
QVRTGSTSSKEDDY,1
LQDLDCSSSDDEGA,1
SMMDEHSSTELEDD,0
DSQTVDSSCKTPEV,0
IYATPLSSFPITIV,0
EGKQFMCSHSDGSL,0
LPVRSMSSQHIGGA,1
ETCASSSSMRNAWR,0
LLERIPSSLLEVEF,1
IAGHAADSTTGESH,0
AIKMDGGSFAWGSK,0
GSEHVYQSMPRLIS,0
LLGKFELSGIPPAP,0
SHKYQRSSSSGSDD,1
EMGMHTVSVKYKGQ,0
VEVFCNTSMEASPK,1
STESGRSSPPSSGR,1
SQISAFSSDSEDDL,1
GRRKTQNSGLSPPK,0
HRRTLDSSGTQHLR,0
PRLDQVSSTTKSLS,1
KDVPSCTSSRCSSP,0
MGNGVLLSEDDTIY,0
AGVDCTTSGVLALT,0
LQGLDLSSRSLLGI,1
IRVKVEPSHDASKV,0
GAYYAWCSYISKDI,0
VPTDAPTSPRVSGE,1
SCPEYTASFLNQLT,0
HESFSRSSEVLPTS,1
RGPAPESSLVSCLS,1
DASKVKCSGPGLER,0
RAMRRQISPDRADA,0
GISDGETSPSSKGK,1
KSDLSSSSGSLSLS,1
TTTGQVTSPVKGAS,1
AHVKSKSSEDIYTR,1
DEGKNFSSEIEDLE,1
WLMLRGKSDNDWCK,0
TVCAAGTSPVGEIG,1
SQLPPSRSLSGSTN,0
TSVSRGSSLKILSK,1
SSKSVDSSIYEEEE,1
EGKTSSSSKEVKEK,0
KVSGPSSSENQEGT,1
NRADHRSSPNVANQ,1
ESPDDYPSTSSTPI,0
SSLSSSSSDEDTEV,1
FLSLHAESDGEGAL,0
LSTPSFSSPKESVP,1
IDSRRDSSCSDVFS,1
SGQHSTQSFPPSLM,0
SPYNSSTSPQKAEE,1
NLYLARWSDDAKEI,0
SGGSKDSSLPNEPL,1
PKYAEISSDEDNDS,1
DDEDDESSNGGGVD,1
GPDNGDSSDEEADG,1
DHSVREDSEHGEKP,0
SSGGSITSPPLSPA,1
YKSTSKSSQKSREI,0
PGSNSEPSHHNSEG,0
QPMWIGVSIALLMF,0
SCSNSQRSGITCRN,0
GVRKRSYSAGNASQ,1
ERVRSTSSSSCSNS,0
LPKSLSSSPVKKAD,1
LAPGSQSSEMSLRD,1
ESVADETSPEREGR,1
SSFFDNSSSPHLLD,1
GRSRSQSSTSLESQ,1
GAADATPSVDKWST,0
PARSLSSSPQAQPP,1
FKPQGTTSEDGAKS,1
SDLDTRLSKLCKQP,0
QLLEDTESYLQAFL,0
VSSGSGSSSSSSSC,0
APSSASSSPSPSPS,0
WSGSRKSSLFPGPE,1
LELHKAKSSKAAER,0
KKKMMALSETLELA,0
DDGSLKSSSPTSYW,1
GGNSNSGSGFGSGL,0
NHVNRNVSNFSGVY,0
AVRPQAKSSDLMCV,0
VHQPVINSHTCFVS,0
GQHGASLSSFLHGV,0
VITVEKSSPATSLF,1
ELKRRISSGEFKAR,1
DSDASFRSKLPPHF,0
DSPVLNSSLDEKIS,1
PKTEDKNSAGHKPS,0
LTYAIDNSMDTLPQ,0
TSKEDKLSSRIQSM,0
QQNRHHPSPTFTET,0
PPGQGPGSPEPING,0
YSSLHPTSSSIDLE,1
DLGWCLSSSDDELQ,1
KMPFLSISSPKVSM,0
KENALKYSKTLTEH,0
TLWAEPLSEEAGGV,0
PVSSDPKSPWPACG,0
PPAPSSASSSPSPS,0
VMNYSSSSQEMGDH,0
PTHERSPSPSFRWP,0
QNVNKHRSHWKSQQ,0
MDLHRYLSYNGAMG,0
AQRNYQSSSPLPTV,1
LTGYGQLSSNSMKR,0
GAASSSSSSREKGS,0
RIERQESSEQETPT,1
GLATRHSSLGINGS,1
PDEVTLTSIVPTRD,1
AAGRRRSSPPRRGG,1
SSSLKSSSNSNKET,0
AQGPLLPSPARGLK,0
PQVRIQESIYSFRR,0
SHQSCSRSSRSKPR,0
PKHVSTSSDEGSPS,1
RKQSVNISLSGCQP,0
KAENIIPSFIENLI,0
SMSDPGTSYRTREE,1
TDEDEDSSDDEDEE,1
SINAIAPSDVEHLE,0
LKEASRSSPVEYEC,1
QANEESSSSVRGRQ,0
ITIRARSSNSLESR,1
SDYDYTSSEEAADQ,1
PATLASRSLSHWRP,0
VKEKAPSSSSNCPP,0
PKQSPSSSPTHERS,0
AIYRDLESQPPMVK,0
EPVEVDSSPPDSPA,1
SCKTPEVSFLPEEA,0
NQDGGMTSEDAKVA,1
PKADVDISGPKIDV,0
SQSGLGPSHPSLST,0
SDETRLRSLEQQVD,0
SKLPLTRSQNNFVA,1
NWLDEESSDDEAET,1
TTPPEDSSQGKKLL,0
KDKGNDSSAEVTKS,1
PESYPYGSPQEKSL,0
VSPLAKLSAKKYAR,0
NLQRSLSSPPSSKR,1
DQDSDDSSEDDEDD,1
APVSAYSSRPPSRD,0
NDPELYSSNESIDD,1
PSGSGAASPTGSAV,0
RRSSASSSDSDEMD,1
KSAGAKSSGGREDL,1
LRWRRCRSPRSEPR,0
MSKKLNTSVGGTPT,1
LNAATTLSWACAPF,0
IVISPLKSLIFDQI,0
LSESPDSSECINLQ,0
MCGQGVYSYASGEV,0
QRSRLLSSGMSDAD,1
LQGDLAVSGDIKCP,0
PDLSLEASEGSIKL,0
YSDERNRSPRYNDG,0
VKLGTLGSGSESSN,0
KKNHLLSSETLAKL,1
SIATPSHSSRGRRW,0
SRHGARTSDSDQQA,1
LSRKAISSANLLVR,1
NPTFVMRSFQSLLQ,0
LGITLSSSPTSTPE,1
PNHTSNSSNASNAT,1
FGRRSVSSIPVPQD,1
RDSSRYSSGSSASY,1
QGPPEIYSDTQFPS,1
GAGEGGSSLLQKRA,1
RRPGDPGSTPLRDR,0
EESDTDTSERQDDS,1
SLVILKHSSLFLDS,0
QAVYSAESMHLCAD,0
VEKPQISSRDDGQV,1
GASFGFESSVPTQK,0
TMPPKKSSEPILSS,1
RARARLSSAYLLGV,1
NVTINDSSDEEPLK,1
VPVSVKTSRSEVVI,1
SDDDSTSSDDEKDN,1
FSKVYSSSEFLAVQ,1
LNLLLTISAAYFYT,0
STRLSLTSDPEEGD,1
RLQSLLTSQENSST,1
EQGYKLGSAKENEI,0
HEGHIDSSVLAMLP,0
SNSNKETSGSSKNS,0
GTCRISMSEVDLNV,0
DRTKKGTSSKKVIY,1
STQSFPPSLMSKSN,0
PQITHYSSDGDSDE,1
EFPEDGDSFGQEKG,0
NTRAAGSSSDPLMC,0
RWDGVDRSNGFEQK,0
KVAKRRSSTVLETA,1
QPQQLKHSMHSTNE,0
PAIISVSSRSAPAS,1
EHSSIQSSEAQALG,0
NLGKSLSSSSIGSN,1
MTSSNNTSVT,1
DSSSRASSVAPQSA,1
EYFRRLSSQDVLRC,1
SHSTAAASATAATP,0
DRDRRESSGGFRDN,1
SFIENSSSNCTSGS,1
PGSGSIYSSPGLYS,1
LLTRPRSSSQIPEG,1
FDTDVYGSVRGENR,0
SSLSNRSSPLSWRY,1
VEGTDYSSDSEDSD,1
IAIEDPYSVKRNVA,1
TAQVTSPSGKTHEA,0
NIKAPKISMPDIDL,0
ISSRRSTSQNSNTD,1
SEVESIKSQCEQRL,0
VYTKGAGSGELKVT,0
VKGDVDVSLPKLEG,0
GSDSESESSSSDSE,0
LDLRPGESEDMLEL,0
GSVQVNGSVAYVPQ,0
SMQDVDLSLGSPKL,0
HGIGEETSDGEESD,1
IAYVAPESHHSNSM,0
GSFGGRSSGSPYGG,1
PARSLSSSPQAQPP,1
HSGSESSSGSDSES,0
EDETMADSVDQQQD,0
GRYPGLSSSDDDDD,1
RRQISQNSQTVTLQ,0
RFEEETSSVGREQV,1
FFRQRMFSPMEEKE,0
QGDKRLSSLRRCCA,1
REAEAESSDCSLDE,1
RQLSDASSDEEDSV,1
QSPGNLSSSSLRRK,1
HSSDKDYSSNSGMT,0
EVDSSCSSGSDEDY,0
SSGSDSESESSSSD,0
RASVRGSSEEDEDA,1
RARKASSSDDEGGP,1
NKASSETSSEIKDE,1
AGGTGFGSSNNGGS,0
SCRDLSSSPPGPYG,1
IWKGVKTSGKVVWV,1
TPAKVPTSAPSLGK,0
DQEGDSSSEED,1
SITPSKSSPVPVSD,1
PSAAKPSSPEKTAP,1
RKTLNQSSTDLSAK,1
PLIGGGTSSYQHDE,1
EIQESLTSDYFQIC,0
REGSYSISVLYGEE,0
SKKKKKRSRSRGEK,0
SNGSSNTSHKQEWA,1
SIQPSLSSCGQDLP,1
EGDLTGPSVDVEVP,0
RLSPTLSSTKGHLL,1
YGIEAFDSVLKPLW,0
KNAAIASSAEEANK,1
EQANEVDSFIALAD,0
ERAKRTLSSSSQAS,0
THQRRISSDSDAEH,1
KKLSELTSRKAQPK,1
CVGSRPSSTGLKTS,1
GIFDLFHSGHARAL,0
GGTETEYSLLHMPS,1
YPVSSPSSPSPPAQ,1
ADAAKKTSGENSPE,1
LSSLLRSSLFLGAV,0
HGDIFSGSLHQALL,0
LVSGRHPSMPAFPA,0
PSSAGAPSPGSFML,0
SLEASEGSIKLPKM,0
RRRSGAASSSSSSR,0
AYMWGENSAGQCAV,0
PSPAPASSPKREVL,1
HVAYGGYSTPEDRR,1
RRKAEKDSERDELY,0
GPGVDLPSVNLSMP,0
DNILDRISVDLNLE,0
SPVSPKLSPGNSGN,0
HDHHDRSSPVASEP,1
EEEVQSSSSSATYK,0
ATSQRESSASALLG,0
RARSLPSSPERRQK,1
LKKETCASSSSMRN,0
DQEFTVKSKGAGGQ,0
SSEEHNSSEPEIVE,1
DRELLDTSFEDLSK,1
DNFDFQASLRGGGV,0
VPTTRSSSELPTDV,1
DLSKIKVSGLGDKV,0
GLTNGFGSGNNHES,0
RSEFNGYSYKELEA,0
LESNRESSLEGQDL,1
IQEPNVYSEVQEPK,1
RQSSEASSQKRSKS,1
GHRQRSISPFRNQQ,0
LQQPLFGSHYSHNY,0
QLLYQEYSDVVLNK,1
MAWVPAESAVEELM,0
ILKLKLTSEAEREP,1
KYKSTSKSSQKSRE,0
DEYAEDSSDEEDIR,1
EEEEELSSSCEEEG,1
NPEAKVKSSKQSDP,0
DNFSPPSSPRDTQL,1
VEGTDYSSDSEDSD,1
NGFTGGSSGFGGGN,0
DAYNDSRSTSGYDP,0
KLPKFNFSGSKVQT,0
VLFKDAASVDKVLE,0
ENEKTRTSIDSIDS,1
DELKKCLSILKEFE,0
CSSDSDSSLQVVKK,1
ATRGNLLSKDDEDD,0
GAIVNLMSVDIQRI,0
SDLPPYGSGSSVQR,0
GPGPADVSKVVAKG,0
DAFTIHNSLWQGKR,0
RPARVVSSTSEEEE,1
GAVPSGTSPGGVAT,1
KSLDKAGSESPHPG,0
GDKDHLYSTVCKPR,1
DDGSLKSSSPTSYW,1
AVHVLCNSEDIRLS,0
SKSEEETSPLVTHQ,1
HFKTPKISMPDVDF,0
GGHSRNSSGSSESS,1
PGPHHQQSASEPGR,0
KRDYYRGSQDSLTV,0
SQTQTLESLEFIPQ,0
SDVSELSSSPPGPY,1
PCYTTPDSTQLRPP,0
GSSNNGGSGFGGNN,0
SPRSRQSSVEQELL,1
CVQRKLSSGDLRVP,1
IFGEEVSSTDDEDE,1
RRKYSISSDNSDTT,1
ADSCVVSSDDEELS,1
PKRKFDISKYAPPN,0
QLTFQWFSGLAYLG,0
KLTGSTSSLNKLSV,1
ANSVTPQSVAVAQQ,0
RPENPKSSTPAAGC,1
QAQQTVLSSSSPEK,0
ERGSGGSSGDELRE,1
RIAELQSSPAAKNR,1
PRMRGQSSVEQRVS,1
PRGQRDSSYYWEIE,1
VGKVEPSSQSPGRS,1
SNEDVNSSELDEEY,1
EDRLQDSSDPDTGS,1
AVAPTKPSKVKAFG,0
GGDEIPFSPYRVRA,0
RRPRSLSSPTVTLS,1
SSPGSGSSSGSNSG,0
ILSDESSSDEDEKK,1
HVAYGGYSTPEDRR,1
ESSGLPTSIRKRAQ,0
GQRVNTSSPDLGIE,1
VPGPTDPSQGPEGL,0
KRRRINSSGKESPG,1
SASPQDSSPRLSTF,1
DVFQRQLSTGSSSS,0
LSQSSDSSPTRNSE,1
KGESSASSPEEPEE,1
QVRVGGSSVDLHRF,1
DGQKFEHSTRLMHG,0
LLTRSRSSTPPGAS,1
TEKATNISAEDFSS,0
SEVKLKKSKIKMPK,0
HKVSPASSVDSNIP,0
SSTTGGSSEENKGP,1
PIHSLETSL,1
KASTIYSSDEDEGS,1
VPGITPSSSSRTRT,1
GDGEWEESEVKLKK,0
PRGQRDSSYYWEIE,1
RLVRSRSSDIVSSV,1
AYLGNKKSLEKEDL,0
PPRRRPSSPARRRK,1
FGSSGQHSSYFERY,1
LRKSSGSSPWDGEE,1
SGKLTSSSPSMFIG,0
LEKNAQESKSPFPM,0
AIPRVLKSVAQLLS,0
LPLGGCGSTPPTPT,0
DIVLVGGSTRIPKV,0
LKADEPSSEESDLE,1
IVTAATASSHQQQQ,0
NPDGIFYSMAKDAN,0
LGEMNKLSGSVQVN,0
PPKPPVSSGSGSSS,0
MPKFSMPSLKGEGP,0
SSASGWKSKKTGNS,0
YTFESLPSGELWNR,0
EADALLPSLRTEVW,0
DSEANEPSQSASPE,0
EKTYEWSSEEEEPV,1
DLASSMPSSRHKAA,0
KDDLKLSSSEDSDG,1
MKAGSSSSSEEIVP,1
TSSEEDYSEEVKNA,1
RRTPGNSSKKPSQG,0
AFPRDHSSLALVQN,1
PTSEKSPSPGGPQL,0
SSKKVIYSQPSARS,1
KSDSRSESPEPGYV,0
ILSRVRRSTVGVVN,0
KLVMNYSSSSQEMG,0
GVSAPDISLGEGHL,0
QLAVDDSSDEGELF,1
FGTLPWRSGPVEIC,0
MDSKKRSST,0
APPPAPSSASSSPS,0
PATSSSSSSRRERH,0
VQSNDDSSENKTEK,1
EVHAQLPSLEGDLR,0
MSSHENDTP,1
LDRQSLSSIDKNPS,1
SHRKPPSSLGMTPA,0
SPANPLVSNNLASI,0
NLDKKASSEGGAAT,1
AVRSSKSSENLHRI,1
KTRGPGKSGESAGD,0
VKFEVYMSYFRAIG,0
VVEQGTSSEVDFEW,1
DHHADMWSLGCIAY,0
SKKPRHRSNSFSDE,0
SHGNDHHSKEHQRS,0
GEGALLGSGGSVIG,0
GFGTICSSLGRRAK,0
FEHIAEYSTPF,0
MRPPNNSSPVQEDA,1
SSIGYHTSVSSPTP,1
PAPPPSGSTSCGDR,0
VPSSKSGSWGGYPS,0
SLKIPEISIQDMTA,0
VHTTRKTSVGKPPE,1
YLIVGVCSDELTHN,0
PLKSLGSSADLELL,1
KLEYYCSSSEGEDN,1
SALNLDTSKFAGGL,0
TPAKDAASAGLGSI,0
VLYAKEISSGDRVM,0
GSSPAVSSEECTPS,1
ISTLLDSSRAPNTY,0
KVYPGLLSPRNEDD,0
LNSSHSRSHGNDHH,0
RKRLRSSSSSLSSS,1
GLSKYANSQNITIR,0
TDAAVLTSPPAPAP,1
LLDGELDSLKQHNL,0
VRSPPSYSVLYPSS,1
GGIGLSSSRLTGTP,1
FSDDWTLSGKGTLT,0
ITEKDMCSIPHVTK,0
LIDYLPSSGRRHLL,0
MLYKLKTSKVFEKQ,0
LNAVQMESVREWEM,0
DTPKKLLSNPDGIF,0
RCIQIFKSRNVFSP,0
RIRTSYQSLTELND,0
VKAVVASSRLGSAS,1
FFLVHTRSLVAQEA,0
GPTRPLTSSSAKLP,1
SVDSAGTSPTAVLA,1
DETTELSS,1
TLKRKTSSVSSISQ,1
RPRRYCSSADEDDD,1
DSKTAPSSPLTSPS,1
KMRLDDSSNNSSLV,1
EDSGFSTSPKDNSL,1
LLLNEILSLPTAIE,0
LDGLTASSPGSGSS,0
ITSSDAMSSQQNVM,0
HASRTPSSPLQSCT,1
QMKAGSSSSSEEIV,1
KRDSNMLSTFYPYI,0
MVGSSNSSRSSIAG,1
QAISPKQSPSSSPT,0
IEIRRQSSSYDDPW,1
RAGAISASGPELQG,0
NDKNRTFSVWYVPE,0
EESINHSSAVEANS,1
IETDTSSSDSDESE,0
QDSDSDLSPPRNRP,0
EQSQRSSSEEQQTQ,1
TKVELAKSRLAGAL,0
QSPRQRPSPALREK,0
ESSSFHSS,1
SHKQLSDSAASAPL,0
RYGHRQRSISPFRN,0
AKKVQGNSPGSLSE,0
PFSSGQHSTQSFPP,0
IMIMSLPSLRPMLD,0
GDEHIPGSPYRIMV,0
RGITTLASMHSQQQ,0
TLKRESLSHLHNNN,0
LISEKEASVELSIE,0
SAGGSGSSPILLPT,1
AIPKNHPSILIPIF,0
DIRLAGSSNDLSSL,1
KSSSKLSSCIAAIA,1
QEPPISRSAKYTFY,0
TYRIPSPSRPSIQA,0
KVRSGGGSGGSGGQ,0
PPTNWKSSD,1
SSVKSFASQDTRNK,0
SRSSSMSSLTGAYT,1
LQVFRRHSKNQPTP,0
PSREGSYSISVLYG,0
SFTPSHPSQTPIGA,0
ETSCRDLSSSPPGP,1
KLSSEHYSSQSHGN,0
VLKDETISEMGTYQ,0
GDVISVYSDIKGKC,1
PRFQDSSSEEEDIA,1
FFLVYVASSMLGVF,0
GNYSSGASSASASG,0
SQNLDNFSVRLGHS,0
LPSESVSSLTDLKP,1
LSSPGQSSFSHGTR,1
ENDEDVTSSEGEKP,1
FKIIAMLSFVHTLQ,0
KEDHVIISDSHCCP,0
SKSSAMSSDGSLAE,1
LEEKMESSFGSPSK,1
KRTEARSSDEENGP,1
SGSSKNSSSTSKQK,0
REQGTGNSYTDTSG,0
HSSTHSSSTDNIFL,1
DSPKKPTSLDLSVS,1
GRIHRSSSSEEASQ,1
KSLAPISSSHRKEI,1
AMFEQMHSQAAANK,0
QKASPPSSPCLASP,1
NVTPQSSSELRPTT,1
SSASSSPSPSPSSS,0
SSSGTNSSGQRHDR,0
EPVVVLPSGTFLSL,0
TESEEISSEDDELV,1
NLATYYPSIVANRW,0
LTIRKKSSVLQPAI,1
FTKNEAVSSNMKIV,0
DAFLQRYSSDPTGA,1
MSSKTASTN,1
DNAARSSSPEENPI,1
MSSDGEQDE,1
FEKSTHDSFTFPFR,0
PHHQQSASEPGRVS,0
PRGQRDSSYYWEIE,1
SRWDLTPSQTPNVA,0
QKLNIDMSNVHTLR,0
VSLASKKSRLSSSS,0
SGDSMDSSLRREME,1
RKPNQRQSRADAIL,0
MSRSGEAYAQ,0
EITSNYASEKLLMQ,0
IVAPLRNSKAIPRV,0
SAAAQTYSLARQVW,1
SGEEEHSSPEKTVV,1
NSMTTSTSQTGLKN,1
SEPFIIFSGGLSYD,0
NMQLVDTSDEEDEL,1
LEFLDRESIKLVSI,0
MTHRNLTSSSLNDI,1
WPENGEISIKNFSV,0
ATHGDIFSGSLHQA,0
NHTSEVESIKSQCE,0
SAGKASRSLAQHIP,0
TGTTPQTSEKNNFR,1
LTEHLKNSYNNSQA,0
RDIIDYHSLTYDQM,0
NKRPAQTSLLSPPS,1
GNDDEESSDSTPLL,1
FLKAVCKSKKSWQA,0
LSDPRIRSDGEGPS,0
KTPSPQTSKPASPN,1
ANLASPSSPAHKHK,1
SVGAPDLSLEASEG,0
EELAYKWSVEDM,0
FKPSLYESDKDRPK,0
TGKRKRSSSEDAES,1
VRKSSTSSMPASPA,0
EEDAPASSEQASAQ,1
TADHRIYSYVVSRP,1
VHTTRKTSVGKPPE,1
DDVSEKTSLADQEE,1
AKLLEITSNYASEK,0
AGKRRKTSQSEEEE,1
SRRPYGSSLSVDTS,1
QAYNAPVSAYSSRP,0
GSGSIYSSPGLYSK,1
VPARSLSSSPQAQP,1
PSHFTLTSPVGDGQ,1
TESEEISSEDDELV,1
SHKKHRSSVGPSKP,1
PTPPKRSSSFREMD,1
ALVQDLESLPAEDR,0
ALLNRITSVNPQTD,0
WKRKVSSSSPQSGC,1
PPASPSLSSTEGPA,0
AKKTSRTSFDLENL,1
LRPASATSQTIQRR,1
SSKASLGSLEGEAE,0
VPRLAKISSENGVW,0
GRRDSQSSNEFLTI,1
PPSHYSSSGGGGVG,1
SAGLVGLSVSYALN,0
KHRSHWKSQQLDSN,0
SHHSQRSSLSGDEE,1
KHTYLDLSVSPLAK,0
NQDSQPTSPINRNA,1
WPFSGKTSPSSSPA,0
TNLRDNRSPKAPQN,0
SRLTINRSAGELEL,0
AGGTGFGSGKAGGT,0
QNTKHVDSFSLAIQ,0
EEGRCSSSDDDTDV,1
HTPVSRSSSIIQHV,1
LHYSLPKSIEGYYQ,0
PTRPLTSSSAKLPK,1
CPSLSPTSPLSNKG,1
VLSCSPSSQGQHKH,1
GQGPYPYSLSEPAP,1
NPGGNISSPVRPLD,1
SIEETPSSEPMEEE,1
KEVYLSGSFNNWSK,1
DIRQRHASNSSAAS,0
ETPARGGSDDVKIE,0
KNEFTNSSTSKEFE,1
HPHDGDRSSRVPSS,0
LQANEESSSSVRGR,0
SCRDLSSSPPGPYG,1
SNVTMPKSEDEEGW,0
DAGYGGLSLSIEGP,0
KLNEKRTSVQMKTS,1
YRRSSKSSEEGDLD,1
FFKQIDSSPVGGET,1
ESESEDSSDDEPLI,1
SKTPVLLSCSKLGY,0
LDLEESSSSDHAER,1
LEYYCSSSEGEDNG,1
MNVMLKSSPVDLVT,1
PKAKSPSSDSWTCA,1
IESFKQSSLRKSSL,1
KDLCSGRSRFTLLH,0
QGPLPFLSMFMGAG,0
VVVKLFESAREQAN,0
FDDPAVQSDMKHWP,0
LTDTDRESRQKDWL,0
RLSRVRSSDMDQQE,1
GLRDSHSSEEDEAS,1
KHNADALSDRFEKA,0
ESSNDGGSESPGDA,0
VDLKLPSSVIRNEQ,1
HDDIPYSSAGSDDV,0
GNSGNYSSGASSAS,0
EHELEPSSPKSKKK,1
EQSQLSPSIPQHQP,0
QKSDLSSSSGSLSL,1
LVSNNLASISTLLD,0
KGNSPPSSGEACRE,1
ERQRTLSSSMEEAD,1
PFVVPVASPSGDAR,0
TLPRMKSSSSVTTS,1
HHSRARSSPASLQQ,1
LGVTLTESQAENHA,0
APRERGSSLSGTDD,1
QQQVAQFSTVRQNV,0
RELDDSSSESSDLQ,1
TSEHGAYSDLLQRQ,1
DEGTDITSESGVDV,1
EAPKPESSPEPPPG,1
LHRKGDRSPEPGQT,0
LDTSFASSERLNKA,1
EDDDGNSSIEERRP,1
LSTGSSSSNSNQQR,0
QSSDSDLSPPRRRQ,0
ERPCGRSSSLSAAT,1
GYDTDSGSEKQDRE,0
EVICLDSSSGSEDE,1
ITVNGDSSAEAEEL,1
KDSIPCLSVKTRPV,0
TEGKTSSSSKEVKE,0
ASKIVSPSGAAVPC,0
QRHLSNSSSHSGDT,1
PGNSGNYSSGASSA,0
QSMPRLISLWLDTT,0
KENRTSSSFLENFA,1
NEFSLNSSRRY,1
MGSRTSESADPRGR,0
DSPLQRFSFEDFPN,0
PEGDDFLSLHAESD,0
KDQGSTYSGDLESE,1
RGQLHGSSDESEVE,1
SFSGIFRSSSKESS,1
CQLARKSSGTGTEP,1
GSSKNSSSTSKQKK,0
KLEGPDVSLKGPGV,0
VLRQLRYSGMMETI,1
TQGRASSSTSTASK,1
RSGAASSSSSSREK,0
ELDEEVDSSCSSGS,0
KAESSDSSDDDEDL,1
VSAMRVRSPEFLEQ,0
HLLTLPDSPPPPQP,0
SKLVRLSSDSFARL,1
AKKADLSSDFSDDE,1
QLDGGDTSSDEDKE,1
SQPSQPSSPLPGSH,1
LMHGLSYSFGLKSF,0
HPSDGETSVQPMMT,1
NRIYASSSPPDTGQ,1
GQNKYDHSPPAPVP,0
ADLPKPTSPKVSRN,1
KMKMPKFSMPSLKG,0
SKRKLSTSSVEETA,1
RDAKMDKSQVHDIV,0
HFPKAEASIQAGAG,0
RKSHRNSSAVSPRR,0
FGGLGSKSKGHYEV,0
RSPGRPSSSQGEIK,1
QHSKGSTSPDLLMH,1
PKADVDISGPKVDI,0
EEQSQRSSSEEQQT,1
LAVKKLSSDEESEE,1
GNHIGRQSEIFDEM,0
GKRKRDSSDEEQDA,1
RETREMSSVERADS,1
ETHLQLSSLDLGQL,0
KFKMPFLSISSPKV,0
KTSQEGSSDDAERK,1
MVSWGGVSIPNSPF,0
MKVLKLYSWEKSME,0
LPLLMSPSLEDQER,0
GPEGKWKSPKFKMP,0
PKADLDVSGPKVDI,0
RSFSLASSGNSPIS,1
PGEGDDGSMEPGTC,0
HLHRTLSSPTGTET,1
GAIADRGSEFVSAR,0
SRDRKPGSHASSSA,0
TAAPKESSATSSSK,1
GKRDANSSFFDNSS,1
SWFGLKKSKLPALN,0
QSFQVDTSKAGVAP,0
SLQQGKSSSTGNLL,1
AKLMMLSSADSDDT,1
SRYSSGSSASYGRT,1
KTASGASSVKSFAS,0
IQDSKDSSLLESDM,1
NCAPGSSSSSSSDE,0
QLPCPDFSSTNLEM,0
QIRRSTSSSSDTMS,1
SYRSRETSPAPKRS,1
MSDDWDNN,0
KSSDSDLSPPRRSP,0
QGYGNYNSAYGGDQ,0
GATKSLSSLKIPIT,1
IFLDASSSDDETTE,1
TSCRDLSSSPPGPY,1
SLTSSVTSLDSSPV,1
ENDEDVTSSEGEKP,1
PGQPPLSSPTRGGV,1
SGPRAFSSRSFTSG,1
DMDTKLASLNYCHN,0
QVTSPKSSIVPNFV,1
IKLVSIDSKAIVDG,0
EVCMWVESVNTIYG,0
VHNITETSFILQAD,0
NTISAPTSPAKSRE,1
PRPESPYSRPHDSL,1
SQREGRKSESCKPI,0
SMVSSASSSPSSSR,1
VSPSRSTSSCSSKQ,1
ITSLSISSAYGIVA,0
NDIHASSSLNGRST,1
KKLRSRTSTPVNEE,1
PVIPVLSSTILPST,1
SRKGSLSSVTPSPT,1
SLAIEGPSKAEISC,0
TTTTSSSSHGGVSA,1
TAVPTTRSSSELPT,0
ASLDTSTSEAETKE,0
YNRSRSSSISSIDK,0
SGEEEHSSPEKTVV,1
SLEKKLSSPDTESK,1
DKEVHSSSDEESDD,1
NIKAPKISMPDVDL,0
RKSGSSSSSSGTPA,1
YTRTPRSSDEVSLE,1
TGSSRGSSASEGSR,1
GNRKRNTSEPREDD,1
SPFSVGVSPSLDLS,0
SMQGKKSSSLVDIR,0
GHCTSPTSQSCSSG,0
RRVHSTSSLDSQKF,1
RKAVIISSDEDEVV,1
LRSKRKSSEDVGEG,1
ESRIFCVSGVSAYV,0
EMIRKISSLKPKFK,1
LFYELYKSRNSYLR,0
SPSNHVSSLPPFIA,1
PAMEQVSSRPTSPE,1
DGEFLRTSCGSPNY,1
SDQEGDSSSEED,1
HSGRGSSSEDYDSG,1
RSEAPNSSEEDSPI,1
TVEQSPSSSKLKVM,1
RGMSRSSSPRGEAS,1
PYEEGVHSVDVTYD,0
LEAQEDSSDDELVS,1
DSTTGGSSVMIDGV,1
QDSVHHTSGDKSTD,1
TAAAKTISFGSNPS,0
LAPPQDSSDDDYED,1
QPLSRTSSSSVNVT,1
STRRRSRSTDRRRG,0
YKSKQNHSSESIEN,0
GGGGSRSSPGSVAA,1
IRQFTSSSSIKGSS,1
LDDVSNQSPQQTQQ,0
FPPPDHGSSGTPSK,0
ANLQTDLSDGLRLI,0
AQYLQVTSCPKIPS,1
SDEIPLSSASKEKL,1
GSKGDLKSSKASLG,0
TNDKGRLSKDDIER,0
RGERELSSCIEKDL,1
LERNIIESMQSTHI,0
MQGKKSSSLVDIRE,0
ALAQNYSSESEEEE,1
EAESGDTSSEGPAQ,1
NGYIGKNSCPEYTA,0
PPSQRKSSTSESPP,1
PVGQGRTSSTEEPS,1
DNVPTVSSHNLSNA,0
KNLEHLSSFSSDED,1
SRTLSQSSESGTLP,1
NTEIDVTSLRTPEL,1
KRSSGLQSGHSSQR,0
PQKERKTSIVWLSD,0
GPQGHLESGSGKVT,0
ELVRLPSSKEERNY,1
PIHSLETSL,1
GSLKPGSSHRKTKK,1
RFGLNVSSISRKSE,1
VNSKISSSEDFSGK,1
EEFSKSSSPTTPSL,1
VQGKVKGSKFKMPF,0
SKKAKRSSKEEADM,1
QDFPGDESPRPDAQ,0
LAVPLHESIERKRE,0
GPRKRPTSASSSPE,1
PDNNRSTSVELTGD,1
VSDGATSSTADGQS,0
ASTNCDSSSEGLEK,1
TSRAHGSSTNGFR,1
PAPSTSQSQKRSSG,0
SSASLDTSTSEAET,0
YKLVKRSSIGEFPS,1
SKESSPNSNPATSP,1
SQRTSAGSSSGTNS,0
LKASEIYSDDSGSS,1
EWLPNLASYRSICM,0
KLPQFGISTPGSDL,0
KKVMNFYSTTPCET,0
TLFLVIFSPILFYE,0
NIKAPKISIPDVDL,0
VKHTAMVSWGGVSI,0
ELASSHSSDDDESR,1
TRGKLSSSFSSRGQ,1
LSPFHGSSPPQSTP,1
KIAPVATSSPIATS,1
FRRHFKSSSIQRSA,0
QHGQRQVSGSNGVQ,0
HKAATKGSRKPNIK,0
AANKSRVSSAGPST,0
FRVGHMSSVELDDE,1
EEQVKQESMQGKKS,0
VHGLPTTSPSGMNM,1
DSGMPDVSKLNVST,0
KMKMPKFSMPGFKA,0
KPPETIDSNYRKIH,0
LSKRSLSSPVFNKI,1
FLSSLLQSMILHQY,0
QISPEVESEGREER,0
NTVAKITSLPEGIE,0
VPTDPSSSQEYAKS,1
LQELKKQSAIPNSP,0
PQQSPPTSPHTWRK,1
SAPILDSSDDDEPP,1
GQPPFCASSILHLV,0
QEKEESSSEEEEEK,1
YVPSREGSYSISVL,0
RSGKLTSSSPSMFI,0
ASSRRVSSSSELDL,1
LCADLFRSTMDPVE,0
VKPSQTSSPNPYTD,1
LDAAKDDSARRKRD,0
TQLSALSSLLRSSL,0
RSSSVGSSSSYPIS,1
VQGNSPGSLSELQR,0
LDTLIQSSADVNRF,0
GHYEVTGSDDETGK,0
TKHNLNTSEEELQS,1
GSVGSRSSPPATDP,1
QKPKKMSSDSEEAA,1
GGGNSGGSGFGSGG,0
VGNDVNSSDGEEKP,1
KVSRHASSSPESLK,1
DHDFSESSEEEAPA,1
REGTPLSSRKSSIV,1
YQKLQDSSSCYECL,0
SKENVISSSPEDSG,1
YRETPSSSPASPQE,1
HKYVSGSSPDLVTR,1
EPAAEHSSIQSSEA,0
PSASEESSPIRANG,1
KTRKKVRSGGGSGG,0
DFVLKAYSKCLLDG,1
HSSTHSSSTDNIFL,1
ITAAPRKSTDTREQ,0
YNNSQAPSPGLGSK,0
KAPSVASSRSGSHH,1
PPPATSSSSSSRRE,0
RQHPPADSSVTMED,0
MPRSTPGSNSEPSH,0
PTRPLTSSSAKLPK,1
YIGSNHSSLGSMSP,1
QANSIPLSTEGQVN,0
MNSNGAFSEFLEEF,0
PRKRGLSSSEKDNI,1
SRSRSFSSSPSPSP,1
EPESDESSDDDSDS,1
VMPDRFESRIWKAF,0
YQQQSQQSHGYSSD,0
KPAAGGTSDDDDDL,1
LELERCKSPTSDHV,0
SNAGDSRSLGGTSK,0
VSSADISSSSEVIS,1
RSTFRGPSPEPPPS,0
EDDEDVSSDEELLR,1
LKTDVDVSLPKVEG,0
SPIPVVISQSEIGD,0
GTRKVRSSFGRGFF,1
PVNGRKTSLDVSNS,1
SRSRTPTSPLEELT,1
TMTRRGSSPGSLEI,1
GKVFMLTSANRSNS,1
RSPTPPSSAGLGSN,1
QRLSDRYSDQCFAE,0
SSSINNSSSKPTKV,1
ASKKSRLSSSSSND,0
CGSTTAQSTPLVPG,0
THKVMVYSKTYCPW,1
SLSKTKSSDDLLAG,1
RLRGKGSSGLNLGN,1
AALEGESSPEEELD,1
RTEGISTSDIITRI,0
EEETSDSSLEKQTR,1
KMPRHESSTSLMES,1
ADVSGGVSAPDISL,0
WETMSNESKRTPDM,0
EPDIQDSSGSEAQS,1
PKRRRLSSSLNPSK,1
EVKLFESSEHINDT,1
PPTNWKSSD,1
KASTIYSSDEDEGS,1
GRPGSGTSGVDSLS,1
FSGKTSPSSSPASL,0
RRGSGDTSISMDTE,1
TVSSPPTSPRPGSA,1
YVANSQSSPLREGI,1
GQRLQATSTPSTGQ,0
KMKMPKFSVSGLKA,0
QRFATPHSWYEARN,0
IALSGNGSSSETQI,0
DYNRRGTSLMEDDE,1
PTQGTTTSGMDDDE,0
VKTCKTFSEANLGE,0
FQSLLQLSIGSLEE,0
VMGTTEISSARNIP,0
HGVTAHISPCEKIG,0
SDALSETSSVSHIE,1
ETGKLQGSGVSLAS,0
QLEKLILSQSQHKI,0
EAETKESSGLPTSI,0
IANKRSSSAEESGQ,1
LTHDFRQSDSDAAS,0
RTREQESSGEEDND,1
TGKSDSRSESPEPG,0
PKADIDVSGPKVDV,0
EAPSTDASSDNLGA,0
RVKLSSSSEQDLNN,1
LVILKHSSLFLDSY,0
SKKVKDSSPVPSDL,1
NMDLSPTSRDSTQF,1
VKHRNTSSIASWFG,0
YGAGLLSSIGELKH,1
YACKLLLSHKQLSD,0
RRSRRMGSRTSESA,0
KRPAADSSDSEPED,1
QHVRAHSSPASLQL,1
QEQTQEDSVMLDGF,0
NEAIRWSSKENLLG,1
STIRDRSSGTASSV,1
DKDYSSNSGMTPDA,0
QMQPDTTSVVKDSQ,1
ENRKRKSSPFRRVQ,1
GRPRIHSSASKKTE,1
ETKKEESSEEEDGV,1
MMNSTSGSST,0
SLDVHMDSPDINIE,0
SAIRKDSSVMSRSA,1
LRARSYSSASLASA,1
WKSQQLDSNVTMPK,0
PSRNRGSSEDVDEN,1
EETPSEDSLAEPVP,0
RNQSPRGSRHSRSP,0
EGSKINASKNQQDD,0
SKGDLKSSKASLGS,0
AFGASFSSIKFIDE,1
PMGLPSSSSGANVR,1
LQDGLRSSSNSRSG,1
VQDNEGCSVEATVK,0
GTQRSNSSEASSGD,1
PRRGHHGSLGTSSP,0
HLPLNILSDDFAVL,0
WTREVFSSCSSEVV,0
ETRKSRSSTGSMNV,1
MSSAVELQP,1
EENEEISSDEEETN,1
VNGKAESSDSGAES,1
GGTRMFPSRSIATP,0
LNRAGDTSDQEGHS,1
LVDYTSTSSTGGSP,1
SNNLASISTLLDSS,0
ITKGKHSSEKFQGV,1
SASKFPSSGPVTPQ,1
DFSMQSHSAKRWQR,0
KIARRRSSASHHSE,1
KESYLRFSTQRFSL,0
IWKGVKTSGKVVWV,1
AQTFTTYSDNQPGV,0
SSADISSSSEVISQ,1
YVQTVKSSKGGPGS,1
GASQGGSSPAKPAA,1
KRTISQSSSLKSSS,0
VPTTRSSSELPTDV,1
PAPSSASSSPSPSP,0
MEAESISSSEEIVP,1
TKDRTLSSVSSTR,1
DMDDVESSEEEEEE,1
KDGVMVLSATHRYK,1
LLLEQLRSRLTIVP,0
AKVFSLPSQTCLYV,0
NSGKAASSCAAEAA,0
DELRSYSSLMKVEN,1
KSGESKSSAMSSDG,1
PADDKQNSREDAVM,0
KMPKFNFSKPKGKG,0
KRAQRATSNVFAMF,1
APNTYKGSSRNLFE,0
RKGERRSSRVRQAR,1
GKSSGPTSLFAVTV,1
GPMPDSYSPRYVEA,1
SSEDEGSSDEEVPK,1
EKLKDKISPEDKKK,0
QLVATRKSSRTATA,0
LMGKKVSSPWVFKE,1
LLFRRVSSGSCFAL,1
ELQGAGHSKLQVTM,0
RSRSRSRSTRRRSR,0
KRTLSSSSQASIEI,0
GSGSSSGSNSGGAG,0
ARVVSSTSEEEEAF,1
EPGYVVTSSGLLLP,0
GEEEHVYSFPNKQK,1
GGAGSASSADLLEE,1
MHYKDNASIDLIVD,0
EERGGKSSQKDRRR,0
ERRLLCESSNRALS,0
PLSRTQSSPLPQSP,1
KKLSVPTSDEEDEV,1
CSQPGKLSVFKVKD,0
TLPLNSDSNSSEGS,0
YKQPAAKSNRGIIL,0
TFEEISQSVLASLH,0
ATVEGGESTRGGGT,0
APAPPLYSSLT,1
NFVSLLQSRHHLLR,0
QMQPDTTSVVKDSQ,1
GSGNNHESGFGGGK,0
GGHSRNSSGSSESS,1
SNDGGSESPGDAGA,0
GRATSFISEDCNLL,0
EEAPCCSSSVSGGA,1
HTLALSISREIWAW,0
AKTLPAHSCALCRE,0
PKGDISISGPKVNV,0
RNGSRKSSLNKYDS,1
VKRERTSSLTQFPP,1
YGNTSQYSRNGSPD,0
ACEGMRVSLGPIKV,0
RSAERRRSPTRSYR,0
NAFKQFESRKYAAG,0
PTPAYQSSPAGGHA,1
VVHTPETSV,1
GNSSKKPSQGSGRR,0
HTERNNSSQGFPQQ,1
VKGDVDVSVPKVEG,0
NEYQTVQSNNFDGN,0
HGGSHQSSKWTPVG,0
DNIHDVMSRLVKNE,0
EMDSDSSSSGTETD,1
KQASEKVSNKGKRK,0
SNSRNYFSQCQALL,0
GGHQVPGSPFKVPV,0
DDEGGGNSPSGGSP,0
KAGSSSSSEEIVPN,1
VPELRDSSKLHDSL,1
GVTRDASSLSPTSA,1
RVPASETSPGPPPM,1
MDSAAETSSIASGT,1
EKDKASSSSPSSSQ,1
CSSGKRLSSADVSK,0
MTTSQKHRDF,1
EVFGHDTSECADDE,1
AYNHSNHSPYGGTP,0
SSMEKLTSDLQAER,1
MTELKPSSKAHLTK,0
KRKLSTSSVEETAA,1
KIKMPKFSMPSLKG,0
TSGWNNESVDWDMA,0
KNSGHQDSDSDLSP,0
STDEQTSSAEEDVP,1
QRPKEESSEDENEV,1
VPTPATSSPVRSRR,0
PNTRAAGSSSDPLM,0
TATTPPSSSPSRGI,1
LKGLFGGSGQTFDR,0
QLLQEVASRFSKLC,0
RLGFSKISADAATP,0
FRVGHMSSVELDDE,1
EGKQAGYSLPPSPL,1
NYLEEQLSIMRSGC,0
LGSGSESSNDGGSE,0
LWNLKSPSRPFQTT,0
GAEGRDSSKGEDSA,1
KENLNDGSMTPGWG,0
ESKSSVSSDKK,1
GSSSSSSSCSSRKV,0
DIVLDVSSTSSEDS,1
TALYFMESFARKND,0
IGFPPLLSIVSRMN,0
HSGSDRSSFSHYSG,1
PIYATPLSSFPITI,0
DVGTLGFSVEGPSQ,0
EKIRPASSMGAVDV,1
ILKDKDSSEPDENP,1
SVSFGEDSKEVNEL,0
IELLETSSTQEPLN,1
SETSAKSSPELNKQ,1
GNSTPTTSLKRSYT,0
LKPEIASSGSSRGS,1
PIPSTPSSRQRKLK,1
YKEYEIHSCRAALY,0
QEEPTPTSTTNSAT,0
AVGTKNYSVSAGDP,1
STLRSPSSPIHEED,1
CSSKGKSSQSDDEE,1
GEASSTTSPTEETT,1
AGVPIPRSPYTVTV,0
LDVHRKTSGLVSLH,1
QIMRFVGSQHVTQF,0
RYKTSTTSPAARKT,0
GKIDDFSSLYTLNY,1
SSSARRRSRSRSRS,0
NASNAGSSPKKEKK,1
DQALRGMSDLPPYG,0
MPDVHFKSPQISMS,0
LQHAGRFSVNWFIL,0
SGLSSSPSTPTQVT,1
PPPPLESSPRVKSP,1
VEAYPQQSLWMLLP,0
HHLRTLTSNLNDVR,1
HMLDLMSSIIMEGD,1
SSRGKKGSSSNLTG,0
DNSRDDSSSHSGSE,0
SGGGSGGSGGQVSL,0
AADSENSSFKEATH,1
RRGSGDTSSLIDPD,1
NSQSENSSLNNMPL,1
HPGPGQSSSPDQAP,0
GLPPGPSSYLLPGS,0
ARHKQHSSDKDYSS,0
AGQHIAKSPFEVYV,0
PYQQIYISGFQESV,0
DVSELSSSPPGPYH,1
SDSDTDSSQEENQV,1
EAKKQLDSKGVYQK,0
NEQLLATSTKMVVR,1
APLRLITSGGKIRI,1
ERSRINSSGESGDE,1
SKQTHESSRSDLVA,1
HFPKLRSSSPFSGH,1
LLRDEASSPAQSVP,1
RRDSEGSSDDDMTA,1
FNNLILGSADALIA,0
VSRRRVSSPSSRHP,1
QILPLLMSPSLEDQ,0
SAKCLENSQLDEQL,0
GPPVTPSSEKRSKI,1
IKGGLKGSEVGFHG,0
MACAQTGSGKTAAF,0
QVYDTKASSTWQWA,0
QTSSRNSSSQLLEQ,1
KPPGKPSSEPGRRE,0
MPFLSISSPKVSMP,0
TVSSLQESGLKVNQ,0
GKRVSVSSVRDIVK,1
SGLQSGHSSQRTSA,0
AEFIVNTSNAGAGA,0
QLNGSLGSCISPSE,0
IPFNSFISVKMRNC,0
NVTPQSSSELRPTT,1
SCFADTPSNGYIGK,0
IRRSTSSSSDTMST,1
WPNMLENSPHLIQR,0
EENGPPSSPDLDRI,1
GGSSPGSSSGGGRG,1
QSVNISLSGCQPAP,0
AGHVLSSSAGNSAP,1
YDDRRGSSAPYNNQ,0
RRPRSLSSPTVTLS,1
SVPKSLSSDSTLLL,1
IPSPSRPSIQANSF,0
VQGPSLESGDHGKI,0
TVCTPDGSEVDVDV,0
GSVGNGSSRYSPSQ,1
PAPDEVTSSPPKGR,1
KKPITKSSPSLLID,1
NPTQSRSSPKEFFP,1
SEPSHHNSEGADNS,0
KVPTSAPSLGKPNK,0
NPVSIADSEASPLL,0
RVVDAQSSPADSQS,1
LRFYVSTSRQLKRL,0
HTSRDHSSQSEEEV,1
FPGKMTDSLRKPER,0
YSDDSGSSDWDEEE,1
IPNGFGTSPLTPSA,1
TEGNNSQSLAPKSW,0
SSRNTSSSGGGGAS,1
PLPSGGTSSPSRGR,1
ESLSTHTSPSQSPN,1
RSCTPAYSMQGRAK,1
LKEASRSSPVEFEC,1
KANDDDSSDDNDDD,1
DPRFQDSSSEEEDI,1
KSPRRSSSDEQGLS,1
SVSPIRSSIKTDNR,1
PAPVVNSSSRSSSP,1
SPKQSPSSSPTHER,0
SSSSSSSSSSSSSS,1
SETSAKSSPELNKQ,1
TPCKTEPSKFPFPT,0
SSSPASLSRCRAVT,0
STAPSAGSTAGDSG,0
EEEQSSSSVKKDET,1
NCQRVFPSPSRRRM,0
EHELEPSSPKSKKK,1
ALKVDVKSPKTKKT,0
VSAQITSSDAMSSQ,0
KDLTEYLSRFGEVV,0
ERASESSSEEKDDY,1
TSISSESSPEKTSK,1
VLIREGVSSTTPAK,0
LSPSVRRSPVARVK,0
WPDGKMYSGMFRNG,0
RVTAGKDSYLALVD,0
LWLDTTESSTNTEQ,0
APVRRRSSANYRAY,1
VGQGRTSSTEEPSA,1
DELNPQKSKHQGVR,1
MDAQSSAKVNSR,0
DGPLQESSTRLSLT,1
YGRWTISSSDESEE,1
SGLGSGSSGGGGST,1
LPEEDASSQSSKTN,1
SSNDYRSSRHQSPE,0
KDSPSKSSAEAQTP,1
KGKGKRSSRANTVT,1
KQPSIRSSEDFHLN,1
FGNDDVNSKPVTRH,0
KTVIRLPSGSGAAS,0
LKKSKADSCSQAAG,0
SSSDSEDSDASFRS,0
GLQRRNSSEASSGD,1
PTSRDRSSPPPGYI,1
RRSGAASSSSSSRE,0
TTVPHGKSQREGRK,0
EETHLQLSSLDLGQ,0
STVFAASSPAATVA,1
PTFTETFSNDANSL,0
SRLSSSSSNDSGNK,0
KVRKLISSSQVDQE,1
ISFGSNPSGFGGGS,0
LAQNDNFSIDPNKQ,0
SLGEGHLSVKGSGG,0
ESVLILRSAAKPKK,0
SQSLPCSSPRDVPP,1
QYNYPQGSQQTWIP,0
VLPKQLSSDSLPVR,1
LERLSASSSISSAD,1
QNVLQQRSMLNVLT,0
PVRIDLSSNASVRL,1
KILSSCCSNHPKLF,0
NLASGSSSPSREVQ,1
SVMEVDSSDHDEEE,1
RPGHPHSSSQVKSK,0
RERNRESSYDKERK,1
EISIKNFSVRYRPG,0
VSPRPFSSPSMSPS,1
TSERKDSSGSVSPN,1
YGQLSSNSMKRDYY,0
GLTNGFGSGNNGES,0
NRDSYLDSIGTGEE,0
GGDHIPKSPFSVGV,0
TPVLLSCSKLGYIS,0
LRSGKLTSSSPSMF,0
RGSLEMSSDGEPLS,1
PLLRANSSGLYKCE,1
ELAGVEQSLGKRRM,0
RRTRLNSSTLDVRT,1
TAPSNNSSPRDSPC,1
APASPWDSKKHRSR,0
SVSDGATSSTADGQ,0
KSREFIGSFLEMFG,0
DFYPSPSSPAAGSR,1
TEEDGIPSKVQRCA,0
SMQSTHISDFVHQQ,0
KTHHRISSLLQEAK,1
DVTAPDVSIEEPEG,0
GLQSGHSSQRTSAG,0
NGGSVCSSRSDLPG,1
IFGEEVSSTDDEDE,1
DEFVNDSSDAGNYD,1
DVSKLNVSTRNPKP,0
GPEGALGSEKNGVP,0
APVRRRSSANYRAY,1
NSGEAPSSPTPKRS,1
DIKCPKVSVGAPDL,0
IDLNLKGSKLKGDV,0
SIVWLSDSPEKKVT,0
QMPGIKSSGCDVNL,0
LLEREFASGSMGDR,0
SVDSNIPSSQGYKK,0
QKPKKMSSDSEEAA,1
GKKNVLSSLAVYAE,1
QDQKAEYSEIQKPR,1
VGGKGKKSKFKMPK,0
QSTYGKASRGGGNH,0
SKESEESSESKEN,1
TSYEQLLSSTDQMQ,0
SNGHQSKSMLKDDL,0
QEPVAPSSPRTTRS,1
LPPTSEKSPSPGGP,0
DLKSTLSSMGMSDA,1
IELLETSSTQEPLN,1
MSSSEEVSWV,1
QDGTCSVSYLPVLP,0
SESDKGSSDFEPEE,1
QDPAALTSDAEQPS,1
AQVDVLYSRVCKPK,1
SHRSSVSSVGARAA,1
TGTYFKPSLYESDK,0
ISTTFTPSDKLKVI,0
TEKCTHSSSIEDLA,1
AGLHRPRSSFDSTT,1
AKTISFGSNPSGFG,0
DRQKTRESVVFLGS,0
PGQLVDTSL,1
DDETTEISSQSNNG,0
HFKAPKISMPDLDL,0
IEDPLASSDEEENE,1
STFQPPPSKPAVIN,0
QFNVFYNSYFGLIC,0
KLQLTTGSLPQIPL,0
RLESASRSPIYSHF,0
TRAAGSSSDPLMCP,0
MEAWESSQPLLRC,1
FLGLRPTSVDPALR,1
VLSCSPSSQGQHKH,1
DSQSKTNSEAEEPP,0
GAGAGEESPATSLP,0
RRPRSNSSDLLILR,1
EKRARIPSISVTTP,0
EHLSSFSSDEDDPG,1
LQEQHLSSPQGVQL,1
DNTAENSSELDDNN,1
GNGTYSCSYVPRKP,0
RIQRMNSSFSVKPF,1
RNTSSIASWFGLKK,0
LDTDLDLSNTQAGD,0
THEDHDTSTENTDE,1
TIVTTVSSEHLDRN,1
TLVANDQSVATELN,0
KLSNSSSSVSPLIL,1
EDRLATSSPEQSWP,1
PIERAISSEGARPA,1
KASDSDLSPPRKKK,0
GSVIGVGSDIGGSI,0
NRNVSNFSGVYSVI,0
VMKWETMSNESKRT,0
TIPYLSDSWTMTEP,0
SRNLFEDSPEKSGS,0
KSRLSSSSSNDSGN,0
ASYVQVTSNFLYAT,0
ARVYSSHSMGARVD,0
DTSDTESSIIIRRR,1
TFHRAASSAAQGAF,1
HDPLDNTSRPRYSH,1
QSDSDAASVRLAGC,0
GVKYNASSFAKFTL,1
KKTAHMYSGAKTGL,0
EYQKLQDSSSCYEC,0
LEEGEDKSQRLLEQ,0
GNTGGFGSGNAGGT,0
SIEGAGSSGNEAKS,1
SGPKETSSATPGRD,0
RQIADDSSDEEAES,1
RSNTIDSSASFAES,1
QPHSPTSSLTSGGS,1
LKQTEMRSGVVQVL,0
AERRRKSSEDCGGE,1
GKPQAVSSLNSSHS,0
SGKTSPSSSPASLS,0
KIHQMAASYVQVTS,0
ELFEKVSSAVTIPY,0
PSASEESSPIRANG,1
AIMDQSSSRSFGLS,1
LSGNGSSSETQIRL,0
TGGIGLSSSRLTGT,1
QVVRKTTSPEGEVV,1
ERGSSSYSQLLAAT,1
RHDTPDPSPPRKAR,0
DWTLEDSSQELWK,1
LPPLRESSLETLEV,1
VHIWQAGSFPITPE,0
PTQEKPTSPGKAIE,1
VEEQFSSSSEEGDE,1
LTDEELDSLFPPGY,0
KPPGSASSVDPFGH,1
GLAVEGPSEAKMSC,0
DDEDDESSNGGGVD,1
PGLETSESLSDSLY,0
VKGDVDVSVPKLEG,0
SYNNSGSSSRKKGQ,0
IEKRKLSSAMSAAK,1
KPAAGGTSDDDDDL,1
TPDAYNDSRSTSGY,0
LYDSEGLSGEERGG,0
AELPPRKSPREHAS,0
RISVAKGSTLNFRG,0
SYTTEKNSEVYTKK,0
GGTPQYRSSVVYDD,0
RSNNRSLSQQWGDN,0
TDSILITSDDEHNE,1
ATPQRSGSISNYRS,1
GSLTPPSSPKTQRA,1
DEQTAHSSIGKSEE,0
STGTSFSSSSPGLA,1
TEVKTSPSKSRTKI,0
ALCHTTSSPLPGDV,1
KRPMDLTSLKRNLS,1
STSKYSSSFGNIRR,1
NKSNAGDSRSLGGT,0
GDFDRTSSVGGHSS,1
LKDSRSSSWTVAID,1
LLRDEASSPAQSVP,1
DDLKLSSSEDSDGE,1
PPRQNGSSADLLAN,1
SRANSRTSIYGDSL,1
SSHHYGSSYSLNVR,1
EEAEGPYSDNEMLT,1
IESPPESSDREVSP,1
VELESKCSADRRHI,0
NISETDLSLLTATV,0
KQSAIPNSPRSNCR,0
RSKKEDSSDSENAE,1
GPAFNMASPESDFG,0
SVARESSSESDGVE,1
ITPEPETSPPFPDL,0
TSKVPPSSPPNEPK,1
EPDIQDSSGSEAQS,1
FSLDKLDSAIHLCN,0
RARARLSSAYLLGV,1
TGQPEPTSSPDNKP,1
FGRHSITSGGSGGG,1
EEVDSSCSSGSDED,0
GANERKYSNAGLED,1
YVFAYVCSALELFL,0
FLTKRSSSFLGQGD,1
LTSDVVYSRLQDFQ,0
AKDEPASSSKSSNT,1
MEEANLASRAKAQE,0
HIHLEICSLLMQIT,0
EEMSPQTSIAYGGT,0
ESKSSVSSDKK,1
DPRLQDSSSEEEDV,1
GPLIFNASIMTDLV,0
NDQHIPGSPFTARV,0
GPKVEAPSLDVHMD,0
DSESESSSSDSEAN,0
YYSSGSSSPTHAKS,1
LRAEETSSPVIGEL,1
SATTPTISTTPTQK,0
LSNTSVGSYPVEPA,0
VDNVPTVSSHNLSN,0
NTTGVPASLPVEFT,0
SISSVKTSFSQMLA,0
ERGSGGSSGDELRE,1
VKGDVDISLPKVEG,0
PTELSQSSDSEAGD,1
ATPQRSGSVSNYRS,1
VNTIYGRSKNPYDA,0
QRDKSPSSLLEDAK,1
RTSAGSSSGTNSSG,0
PSQASNTSKDELWG,1
GEEPTVYSDDEEPK,1
SGFGGMSSPVIRDA,1
ERSRKGSSGNASEV,1
SSVEEEDSFFRQRM,0
NLGTPTSSTPRPSI,1
ATCFEVASPEYQKL,0
NEPSQSASPEPEPP,0
AVDVETDSLLQKTI,0
RDEYDDLSDLNAVQ,0
QAPGLSVSGPQGHL,0
RKRLCRSSVLEWPA,1
SASNGGSSEWRRAA,1
RYPGLSSSDDDDDE,1
MGTTEISSARNIPS,0
DGEFLRTSCGSPNY,1
AAVYFRDSPGLSAG,0
DLCRTIASQRNVTM,0
LRNAHLDSFVKSLQ,0
LRLLARFSLRGVQR,0
HSKSRSSSPGKPQA,0
LKADEPSSEESDLE,1
KRTASSSSSIETTV,1
DSCTNISSDSD,1
GPKFKMPSMNIQTH,0
SEASSISSRGKKGS,0
AERKSSTSDSFEAV,1
MRESSPTSPVAETE,1
QLQDFVSSKGRLNS,1
TKKNQNSSKKESES,1
EGVTIVISPLKSLI,0
EASPLKSSDEENHG,1
GSVQVVSSTNGELN,1
EEEGLSQSISRISE,0
VTMPKVESEIKVPD,0
LPRPSRSSPGLYTS,1
RHIPASTSAPVAKH,0
RRGSGDTSSLIDPD,1
DVNSKISSSEDFSG,1
EAGELPTSPLHLLS,1
TPRRSATSTSASPT,1
DEIEVDFSKPYVRV,0
KSRSAMSSAILEED,1
KKNKEESSDDEDKE,1
GSRESLTSIGTMNS,1
DAVATDSSPEELEA,1
SAPTLDSSKPRRTK,0
PSPSPSSSSPSPPP,0
HDGRSVSSRSGSRL,1
LIKSSRSSDLLCRQ,1
DLSPPRRSPRPGKK,0
SDRKEDSSRVPRLA,0
PKESAPSSGPPPKP,0
ATPVTRSSQGSPSV,1
RDEQRISSPAHSDE,1
MVKTIYSSDDNSSE,1
PATTTATSTAAAAP,0
SLSPRPTSPKAQWP,1
KHKKDLASNPRALR,0
SEPRSQESGGTDTA,0
LHSPPTTSTSALNS,0
STPVRKSSTSSMPA,0
SGIFRSSSKESSPN,1
VKGDVDVSLPKVES,0
SGSSRSSSNVNSQV,1
RSRSRSRSRSTRRR,0
SPRGSRHSRSPINQ,0
EKNVPESSPHSPCE,1
LSLPGLLSQVSPRL,0
ITKVRKSSLVSPVL,1
EVNTVASSDEVCDG,1
IQPYLFSSDEEETK,1
NNASTPSSSPEPVA,1
HLFQVQASPQHGQR,0
STPDDIYSAYGRKY,1
WQQDLDDSVKPTQQ,1
WNPEHRSSPVPEML,1
ISSIDKDSKEAITA,0
FSDEREFSGPSTPT,0
FTPEEISSMVLLKM,0
GSLTPPSSPKTQRA,1
KPPVSSGSGSSSSS,0
GLGGGELSPEGAQG,0
VSLPKVESDLKGPE,0
GGQNIGRSPFEVKV,0
GGFGGGNSGGSGFG,0
SKCTVTVSIGGHGL,0
SYQNSPSSDDGIRP,1
AADLLSSSPESQHG,1
NKLAKCLSESPDSS,0
YSDPNYQSMNHWSI,0
DILNLESSPTASGS,1
KSKRAGSSVFSVFS,1
HPTDEAYSPPPAPE,0
SSKSSNTSQSQKKG,1
AIDAKVHSPSGALE,0
LIGQHGASLSSFLH,0
AGAKAISSDMFFGR,1
IIETDTSSSDSDES,0
LKDDLKLSSSEDSD,0
KSKADSCSQAAGTK,0
CSLARRSSTVRKQD,1
SYLFRGTSFDHDDH,1
DPNARPSSRQATGY,1
QLAPLLPSLAPSSA,0
ELIQEESSEDEGEY,1
EYFEAHSSSKVLTS,1
VHGDAFISNSRNYF,0
EVQSSSSSATYKNK,0
HDQMSNSSEDMKYM,1
SLYDSLSSCGSQG,0
PSAPTLDSSKPRRT,0
VAKGLGLSKAYVGQ,0
RQLARRCSEVRLLV,0
LPIAKKTSRTSFDL,1
HFRAPKMSLPDVDL,0
KKVKPRYSGPAPPP,0
PSPSSPTSPTPDGT,1
LDMDVDESLSNEEL,0
KEVYLSGSFNNWSK,1
PGSGRRMSNLNLYA,0
EKSENNSSNSDIVH,1
VTVKSSSSENVNEP,1
AKKYARDSPKKPTS,0
LRDLDQVSPAIRQR,0
AAPSTAPSAGSTAG,0
QADMYAKSLLEVLQ,0
RGPKTYSSPGSFKT,1
SSAGPSTSKSVVPT,0
LENIRKTSIHLLQK,1
DEEKKESSLPKSFK,1
DLPHDFSSCGSESS,1
DSCTNISSDSD,1
SRGKKGSSSNLTGY,1
DREETESSEGEEAA,1
QVPAVDISSSLGGR,0
KEKIMLLSLQRRQQ,0
MNIQALKSMAETLP,0
AVALGTNSLKQQEP,0
SFPPSLMSKSNSML,0
PNPEAESSSKEGEL,1
RQARQRASVKWLLS,0
PSFRWPFSGKTSPS,0
VLAGTTVSRARREK,0
LILHYSISMPMWDE,0
RRKHLFSSTENLAA,1
QEAIETMSMWIMHY,0
SSPSPSPSSSSPSP,0
MSTQRKDM,0
SICKTPSSNTLDDY,1
LPSLAPSSARQGAR,0
PSSNRESSKQSAAK,0
RERVKLSSSSEQDL,1
PNWQGSGSHGLTIA,0
DANSLADSSDILGL,0
KGKGTNSSDSEELS,1
ADRLSTTSQSSILG,1
QENINSSSNLFPEG,1
SRSIATPSHSSRGR,0
PRRHRSTSPSPSRL,1
GAEETSWSGEERAA,0
REPEAASSRGSPVR,1
DGLLETLSSYIQGQ,0
DSTRYESSHEEGKL,1
ETRRSRTSLHSHGS,1
RGRNSATSADEQPH,1
ETGWRNNSNIPQVT,0
EKLILSQSQHKIAE,0
VFDVTKGSKFYGPA,0
TIYEGEFSDDWTLS,0
GRSAGGSSPEGGED,1
SGKVAQPSITDNKD,0
GGGTGFDSGLTNGF,0
PTPIRDSSLPPPPP,1
WTLILHYSISMPMW,0
MEEKELLSPLSEPD,0
EHLFRESSPQLLEL,1
CERPLASSPPRLYE,1
TSKNFTDSGMPDVS,0
PLLTVDLSQCENVY,0
PSVANIGSHCDLSL,0
KIYKSGASKRYKTS,0
KNEVTPSSTTASVA,1
PEAKVKSSKQSDPE,0
LRSFSAISLRIIFC,0
SRRRHNSSDGFDSG,1
AMENLLASDADEGY,0
GQQETDSSEDEDII,1
ESKHKGRSVSFGED,0
FHHDDQDSSPPRRV,0
DPDSYRSSITSRPS,1
YQARFEQSQLSPSI,0
PVDTCPVSPSCQEE,0
SQDSVHSSPEDGGG,1
SESSSSDSEANEPS,0
ILIREFASPDEEMK,0
YVIIYKFSRHEVTT,0
GITPSSSSRTRTPA,1
AVSSRKSSFDNVGP,1
FEDSPEKSGSGEQG,0
PPLLSIVSRMNQAT,0
VTAEADSSSPTGIL,1
RTKIQKPSSPTKNK,0
PGDLSQTSEDQSLS,1
TVSSHNLSNAGSPL,0
EILKWLDSNQTAEK,0
RSDVESSSEEEDVT,1
LEISPDSSPERAHY,1
KTAGMMTSAEAFSK,0
ERAAKVPSTPPPKA,0
GQRHDRESYNNSGS,0
PDINIEGSEGKFKG,0
PNCAPGSSSSSSSD,0
RHLSNSSSHSGDTS,1
PTVATESSPLIRDS,1
LFSSLLSSLPQDKI,1
MDAQSSAKVNS,0
SPSSSPASLSRCRA,0
GLRDSHSSEEDEAS,1
AHSSIGKSEEKESL,0
YCHLPFQSKWLYVG,0
PSASKRRSRWDLTP,0
LAKCLSESPDSSEC,0
TAYRPASSPAPANH,1
RDSGMESSDDTRSE,1
SRKRRFSSSDFSDL,1
SVLEELRSCSAVQQ,0
SLSSLPSSSTISFP,1
WRTGKTVSPQSNSS,0
TKFFSESSGDEDDK,1
SISTLLDSSRAPNT,0
AKALSGTSPDDVQP,1
RDPRLANSVTPQSV,0
RLGHASSSSNQKLQ,1
TEGGKGSSPSIRPI,1
NNSNSVKSPGNATY,0
PPDSPASSPCSPPL,1
SKKSRLSSSSSNDS,0
QRTSAGSSSGTNSS,0
SKLPLTRSQNNFVA,1
RSTPGSNSEPSHHN,0
QSSNDYRSSRHQSP,0
PSSPTGTSSTDSGG,1
KSRPIESSEEDSRC,1
VLCPSNSSQRVPLQ,1
KSQSNDSSSPDDHK,1
NEEHIPDSPFVVPV,0
AIPNSPRSNCREPI,0
RKECDETSKKMCKD,0
PVKRERTSSLTQFP,1
TKHNLNTSEEELQS,1
STTPSPTSSLHEDG,1
KAKKKESSEEEEED,1
AFRLLTKSKTKDKE,0
AVPTGDASKCTVTV,0
DVKLPDMSVKTPKI,0
SRPSSNSSQPDYTQ,1
NERKILDSPLQRFS,0
KLYGTGPSQVEEVM,0
GKSEEKESLLGAIS,0
NPRLNFVSLLQSRH,0
AAGGGLSSDEEEGT,1
LDRMENVSPSIQKC,0
MVKTIYSSDDNSSE,1
DSGNWDTSGSELSE,1
ARLKAVSSDDMNQQ,1
NLHHRKSSPDAVDS,1
EMSDERSSDAEDQE,1
YGSPQEKSLDKAGS,0
GSHSSGSSGYGGKP,1
DINIEGPSMNIEGP,0
RRMRRLSSGDLNVI,1
LPVDVVSSPLTPRR,1
FSDREDSSEEENDT,1
EEGQNGSSPKSKTK,1
IALLEVLSQKKMHR,0
VANRIVSSDEEAQE,1
TSESLSDSLYDSLS,0
RTKRPESSSPQLER,1
GRRDSQSSNEFLTI,1
IRGDLETSNLQDMQ,1
LARIPETSLDCLEN,1
CSKLGYISRVTAGK,0
SGSSSSSSSCSSRK,0
EKTYEWSSEEEEPV,1
SRRVSSSSELDLPS,1
PFSIPNSSSGPYGS,1
SGGNFGASFGFESS,0
GLQAPGLSVSGPQG,0
TGDLKDSSLLKTKR,1
FPSPPKSSETAFGE,1
KSDLSSSSGSLSLS,1
EASPQASSAEVNAS,1
RSKKEDSSDSENAE,1
HERSPSPSFRWPFS,0
DPKTEHGSRKRTIS,0
IKGGADVSGGVSAP,0
EPLSPTSSLGEERN,1
EAGQGDVSIGIKCA,0
DALSETSSVSHIED,1
VKDVEEKSKEFVQK,0
EEVSGSSSTVTDSV,1
YSSDDNSSEEDWSK,1
FNKKKNSSSDLFKR,1
LRKSSGSSPWDGEE,1
IGTAYCQSTKCQAH,0
KFSRDRESRSPFLK,0
KRKKIYKSGASKRY,0
FLSSFNRSNLRYRV,0
TSNGVVSSPNSTSR,1
PEASISGSKGDLKS,0
DPSSPQTSQSWYLG,1
GQRVNTSSPDLGIE,1
EEAQAQYSRCHRIE,1
RNQSQIYSRRLEFA,0
EYLKRYLSGTDAGL,0
APGSSSSSSSDEAG,0
SERSASSSEEEELY,1
KEPELDSSDDEEVK,1
DGRIHRSSSSEEAS,1
KDFIGDRSIPKLVA,0
EKVRRSTSRDRLDD,1
VKKSSSSSSAAAKK,1
QSSKDKSSPSSFFL,1
LEYYCSSSEGEDNG,1
SKLVRLSSDSFARL,1
VSPSLDLSKIKVSG,0
SMEPKLSSEHYSSQ,0
NLAASKSSTAAYQP,1
GAGGHLSSEEDEDK,1
ECLLQDSSDIEAME,1
CGEPDDFSPPSKQN,0
MDSKKRSSTEAEGS,0
NSVARQTSEHEGLS,1
RWWQNGLSKYANSQ,0
GEEEVPRSPFKVKV,0
SAPATLASRSLSHW,0
VNSGSSSSKTSSVR,1
TGGAMDTSGDVSGS,1
STAAAAPSTAPSAG,0
YISGFQESVLILRS,0
SRIPCRNSGSDGSP,0
GSAIASSSLATEWV,1
LNFRGRKSNSLMNL,0
KKVDAQSSAGKEDM,1
GAQGLPTSPSPCYT,0
GPQRSHSSSEAYEP,1
SSANAIYSLAARPL,1
NSEDIRLSPFMADI,0
RARARLSSAYLLGV,1
REINILKSRLNRIK,0
KGQHVPGSPFQFTV,0
MHPRYSPAPPPQ,1
ASRSPIYSHFQESI,0
NALRGGYSTPQTLA,1
ADQATPTSPIRVKV,0
MELRRDSSESQLAS,1
TTRKRRYSPQPSTS,1
AAALNNSSAGETLA,1
LSSEHYSSQSHGNS,0
PADSVESSPPSITH,1
ERRLGDSSLSRKDS,1
LQQGKSSSTGNLLD,1
ASPLSPTSLTHTSR,1
SLKSSSNSNKETSG,0
PSNYNFASPQHLPL,0
GTPQYRSSVVYDDY,0
GGFSEKSSDWSSEE,1
NVQNKNSSYFVEWI,1
SERNSNSSGDPGRQ,1
AGAGSRSSSPGKLL,1
IKGDVDVSVPEVEG,0
NSRDDSSSHSGSES,0
GAEDGPASRVSQLP,0
SDLGNKTSPMSHSF,1
SEAETKESSGLPTS,0
ASASGDVSCVDEIL,0
EDESIHYSELVQFG,1
ELNGLRSSPGLHFS,1
MIDKLNSSEESFNA,1
SPEILSRSQTQTLE,0
PASLRKSSSHTPVF,1
NRHDLTSSAEDDSV,1
KYDSQLSSNEEKVD,1
FPAEEHSSQREKAA,1
RGKKGSSSNLTGYG,1
PLIGGGTSSYQHDE,1
QKLQDSSSCYECLA,0
RTQLVQNSLDKKES,0
QNTETLKSTLGFFR,0
HRLATQQSQMQAQH,0
EKSALFSSLLSSLP,1
DAGEGGLSLAIEGP,0
ENTVADSSDDEIDP,1
GGAKASSSQDLAME,1
CKLVLTDSRLQNST,0
PLLPPGDSEIEEGE,0
QWKEPESSTDNEAD,1
PKADVDVSGPKMDA,0
LFFDCSKSERLREM,0
KGNAEGSSDEEGKL,1
YVPANPDSFFPRCY,0
KKSRLSSSSSNDSG,0
RAESSASSASGWKS,0
SSYLLPGSLPLGGC,0
YRETPSSSPASPQE,1
TGTSFSSSSPGLAS,1
AGPSTSKSVVPTKQ,0
SEGGENLSVGQRQL,0
IFAGRDASRGLATF,0
RLLESQTSDEDNED,1
DDVSEKTSLADQEE,1
MSSTPQFLR,1
WPKIDLSSEDGAFR,0
VSPQSNSSRPTCAR,0
DLMQSRSSVIENGA,1
NSFLFRSSSQSGSG,1
PTRLQQSSNNAEAA,0
KVPKFGVSTGREGQ,0
PGSHASSSARRRSR,0
QKRSQGSSQFRSQG,1
SNSGGAGSGSVHPG,0
LGRKKSTSLEPPER,1
ETLPSFSSDEEDSV,1
SHFTACGSLTRTLD,0
GAKRAESSASSASG,0
VQKVEEKSIDLIQK,0
LQKYMEYSTKKVSD,1
IERVRSTSSSSCSN,0
DGLSAASSPEPGTS,1
PKAGLRVSAPEVSV,0
ALSSSVSSSKLFSS,1
INTSPSSSPKASSP,1
PQIRRSTSSSSDTM,1
PMGSPVSSKTESVS,1
QAPDLELSLPAIHV,0
QDFSLDSSAEEEGL,1
KAEAPLPSPKLEGE,0
IDEAHCVSQWGHDF,0
KRHQLTRSISEIKP,1
NILPDLSSNALETK,1
IGSLEELSSQTANA,0
PDNFSPPSSPRDTQ,0
APSKTKSSSKLSSC,1
AVCKSKKSWQARHT,0
LSVGSVTSRPSTPT,1
SQQSHGYSSDYHSG,0
SAGDMVPSIHRPLE,0
SSQSHGNSMTELKP,0
PPSRRSSSNTNPDS,1
HASISGSSASSTSS,1
RRQRTKSSDSDLSP,0
NRPRRQSSDSDLSP,0
EDAFPPSSPLFAEP,1
KTLSSHTSCPK,1
KKEKSPSSPTKKEK,1
TLQRAVLSTLRTQL,0
EGDLTGPSVGVEVP,0
PSVLPATSNVLINV,0
GLDSPRTSPVIMAR,1
SPSRVPFSSGQHST,0
FYIQGNQSLLQVFR,0
SSNRSASSEQDNSD,1
GGLSPDTSEEQIKE,0
PIPTTETSIAPRQR,1
QPLQQHPSQSQLQI,0
SSTEAEGSKERGLV,0
ASYDSNSSFGDLQE,1
KSPAQSDSTTQRRT,0
SQDSVHSSPEDSVG,1
SYTSSTSSSSSYTE,1
AEEPRISSPVHSDA,1
ASTRSDESISSVKT,0
SADQGDSSEGGTLA,1
MLRKLFSSHRFQVI,1
ASNSSAASHQEKPS,0
GRRTPGNSSKKPSQ,0
EARQGGKSEPTGEQ,0
ERVRALSSADATSA,1
QRVFPSPSRRRMDS,0
PSQPLDASASGDVS,0
TGGAMDTSGDVSGS,1
DVGWAAISTAKPEK,0
GTSGPRSSLDSIDS,1
HGNHRESSPFLSPL,1
QPSEKPSSPSPDLP,1
AIFRAAHSIKGGAG,1
MSSSHSRC,0
HRFSKVYSSSEFLA,1
NIMGYIASLHELAT,0
IFCVSGVSAYVIIY,0
VQKPQLVSPQIQNN,0
LAARAATSPVHMVI,1
PPYGSGSSVQRQEP,0
HMSFPGTSKAIYTD,0
EETANISSGDELQD,1
LMEPMLHSCYTCVH,0
NVDVETQSGKTVIR,0
EPFYGGSSPAK,1
EMSDERSSDAEDQE,1
PGNLSSSSLRRKLF,1
LVATRKSSRTATAI,0
WQPEEHYSSSPEKI,1
AVFYTVYSQMLSRL,0
HFKAPKISMPDVDL,0
KRFLNKSSEDDAAS,1
IENDKLRSEIDRKS,0
RQQIRRSSALSLVR,1
GKTVSPQSNSSRPT,0
IGTLFSISFLRIYT,0
SSQGKNTSTTSTGN,1
PGYVVTSSGLLLPV,0
RKPGSHASSSARRR,0
KIDNPESSAKVSDA,1
HHGSLGTSSPRQTH,0
DESRGRSSFYPDGG,1
PSPCLPESYPYGSP,0
NDVDIVSSPVKRGR,1
ITKGKHSSEKFQGV,1
EESAPTTSPESVSG,1
LYGLSLSSRKSSST,1
ATQGNISSDRGKKR,1
LKGEIDASVPELEG,0
VAPGLQSSASAAVI,1
KILNDLSSDAPGVP,1
WQRIHGRSTGGKPP,0
SVTIDGPSKVKMDC,0
KKSSSGSSGSGSGA,1
IAPALISSGISVVE,1
GLRDSHSSEEDEAS,1
IDASYLPSNYNFAS,0
SNWPAQCSQGCLKL,0
YGGDQNYSGYGGYD,0
AVHRQSESCHVQMA,0
QCENVYPSASARNY,0
GGTPAGSSSHSHSQ,1
RHHLDDVSNQSPQQ,0
PSPEPPPSPLQVPT,0
RPHSAPSSGQEKDG,1
KRSPKKESPPGSRD,0
AEMDSDSSSSGTET,1
SQKCSDVSELSSSP,1
QSDKQSASRLATTT,0
RPLFSPTSYSVSLP,1
SCIELVVSCTQSSL,0
AAGGGLSSDEEEGT,1
RFSTQRFSLDKLDS,0
RMSKRVASASLAVR,0
GFRRRLSSIMFGGE,1
EIDIKGPSLDIDTP,0
PRYNDGRSNQNDYG,0
RSRSSSISSIDKDS,0
DSPVLNSSLDEKIS,1
AVAETLTSDDEEEE,1
RAVENQYSFY,1
KLQNLNTSLHEKFH,1
RPRGSKNSDGGAGG,0
QVQEAPSSEEHNSS,1
SGFGGGKSGGFGGG,0
KLQIGPPSPGEAQG,0
HGEKPMPSQPLLEE,0
QAPMMKPSLQALVG,0
TPVDLASSMPSSRH,0
DTNAPDLSLEGPEG,0
AQRRLVMSTRQLQS,0
FQEDDDTSRETFAS,1
APKRKLSSIGIQVD,1
KPAVINASKFSMPP,0
SILNDLLSERQKRP,0
TPPVAVTSPITHTA,1
AAAAGVSSTKSKKG,1
EHSKSRSSSPGKPQ,1
HLSTASSSDDLKGE,1
RALDVPVSERRKFF,0
EAEVGESSDEEPVE,1
APSSPLTSPSDTRS,1
KPNKSPHSSPTKLP,0
LQRRRDSSFEDECY,1
PPALDALSPFLRKK,0
IDLFFDCSKSERLR,0
LTLWNLKSPSRPFQ,0
ARTLSDSSTDTEGH,1
WGSVIYPSMKKAIA,0
RVHDAESSDEDGYD,1
ERKLSNTSVGSYPV,0
STDVKDSSEASDSA,1
YYLDAVVSFIECGN,0
TDPLLLCSPATPWR,0
EPPQQITSLSISSA,0
NDRKRVSSAHEEAP,1
KEASVELSIENDKL,0
NILDLSRSTFRGPS,0
PGIKVGGSGVNVNA,0
DGSTLRTSPAEPAG,1
QEKEDLESCPDVMK,0
KNGQHVASSPIPVV,0
EPHQDFTSPDIFKK,1
THEDHDTSTENTDE,1
TSTSALNSLVVSCA,0
QMEAFRSSAKWKLL,0
TRLNINSSPDEHEP,1
SGSDGSPSPLLARR,0
SLTRTLDSGIGTFP,0
EFRLNESSDIDRSP,1
PAHNMWTSTRFQEY,0
HGSSGTPSKNLPKT,0
RIKKMLDSDKALQY,0
SYSFGLKSFRPNQL,0
TGAQAGSSAIGPEG,0
LEHLICYSFQVAKG,1
SLDLGQLSNERKPA,0
RPPNQVDSPSLIVK,0
WDSKKHRSRDRKPG,0
HHDDQDSSPPRRVR,0
RDSPEILSRSQTQT,0
TGSSSSNSNQQRFP,0
PRSRDSSSGGGDSA,1
SRMRLNSSGEVSPV,1
KAARKDSSDDEWEE,1
RSRSPRYSRSRSPR,1
QHGASLSSFLHGVK,0
REEGRCSSSDDDTD,1
PGKPQAVSSLNSSH,0
AKTASGASSVKSFA,0
QMQLENVSVALEFL,0
RSKRWKTSDITDYG,1
PRGQRDSSYYWEIE,1
RVNVGAGSHPNKVK,0
VITVATGSFHSGAV,0
EGPDAKLSGPSLKM,0
KEDRSASSGAEGDV,1
VQKPPFSSPTLPSH,1
IRLETPSSVHTQMQ,0
CLLSLTSSSCWKFT,1
VATLRETSPPVDGH,1
DFPKTPSSQNLLTL,1
HGSEHSKSRSSSPG,0
LAVEALSSLDGDLS,1
PLRHRSSSEITLSE,1
SPKSNRSSQAVIDA,1
DKNLKESSDENLME,1
NSGLSTTSKISRAP,0
RTLSSVSSTR,1
ANRDQDSSDDERAL,1
YTPCGAGSYTIMVL,0
ASAADRMSKRVASA,0
LRHHSRTSNSTGAE,1
EGEEDRTSDLRDEA,1
VIRLPSGSGAASPT,0
QRKQLTLSSFIGLD,0
TSMRKASSHSADGQ,1
PREEIQESLTSDYF,0
GDGEDVSSDSAPDS,1
NSHTCFVSGNSNMI,0
CILYYNYSDMLRIK,0
AKRTLSSSSQASIE,0
PKFNFSGSKVQTPE,0
ANKSRVSSAGPSTS,0
RTHSTSSSLGSGES,1
EERLQDSSDPDTGS,1
TVQTPLRSQQLAPQ,0
RSLQKLSSRQRRTK,1
STVGVVNSGNSTPT,0
SLDICAKSLSGEQK,0
EPGRVSSSIATGHQ,0
GSLRDPDSVEGAVQ,0
EWKGPQVSSALNLD,0
GDLGETQSRTITVT,0
ILERTASSSTEPSV,1
TFGQLGHSDFPTTV,0
FRGRKSNSLMNLCG,0
EAESISSSEEIVPN,1
LIVNDSSSPIQPVL,1
TPLRKISSSLKPVS,1
KETCASSSSMRNAW,0
HFKTPKISMPDVNL,0
SPRAPRTSPYGGLP,1
NIEDIFSSGSRRTQ,1
GFSVEGPSQAKIEC,0
KQFMCSHSDGSLTL,0
IAYGGTDSAIKMDG,0
MKGEVDVSLANVEG,0
VLEKIARSEAKHFL,0
EDDVDEDSMPSVQK,0
VSSPNSTSRPTLPV,1
DADVPGTSTRKRKD,1
GLHRARSSFDSSTA,1
AGSEEISSEDDELV,1
QGCKLSSSDRYSDA,1
SFARKNDSTVSPCL,0
IRTRRQSSGSATNV,1
RKTSSKSSVRKRRV,1
FSRSRKTSGLSSSP,1
DAEAQGKSSEVSLT,1
PPFPDLSSQLPPSR,0
SGASSVKSFASQDT,0
GDRVSGSSQSPPNL,1
RPATSRSSTSDEEP,1
DNKDGSCSVEYIPY,0
VDSEATSSRPGTPT,1
KSKKQESSDSDSD,1
YPAVGQTSPRARKS,1
DVEVPDVSLEGPEG,0
DQEWESTSPPKPTV,1
DDSSNNSSLVGVAS,1
REEGRCSSSDDDTD,1
RATETVYSEVKKK,1
KRTEARSSDEENGP,1
QRQLSTGSSSSNSN,0
MAKAAPGSTKPKKT,0
PDSDDDSSDLVIEN,1
SRRSSISSHESFSI,1
KWVVSHQSCSRSSR,0
TTERRFYSKLSDIK,0
STPQRSCSAAGLHR,1
TLKNKASSSSLSLN,1
TTTRRSSSAHSTHS,1
KMNEEISSDSESES,1
KQMKAGSSSSSEEI,1
GRSSDITSVRLEKI,1
KASTIYSSDEDEGS,1
KLTSSSPSMFIGQW,0
QEAESDSSDTEEKD,1
VDGRPLSSLKVTEL,1
SSYSSFSSPHMKPA,1
PGARVYSSHSMGAR,0
KETPINISLDDDGF,0
LDQLMGTSRDGDTT,1
DCYCQHESGAAVLQ,0
VKSATLSSTESTAS,1
VDGKELPSKSWREP,0
KARPPKESAPSSGP,0
HSVRLGSSESLPCT,1
TMVQVRHSMEDQKK,0
APIIGASSESEDDH,1
KTREDQPSIIYIKA,0
PPPDHGSSGTPSKN,0
RGVRKLPSKKGLLE,0
ELKNLLSSSDSRRN,1
HNSKAMTSSATIRT,1
HFKTPKISMPDVDL,0
HSGRGSSSEDYDSG,1
SDSESESSSSDSEA,0
SSLNSSHSRSHGND,0
ILQGLKYSFSVDWW,1
QLPITNFSRDWQSG,0
YGDFQPVSSDPKSP,0
SQRRLSTSPDVIQG,1
WRKSYESSEDCSEA,1
EHAKKISSETGNLP,1
KKLKRKQSVNISLS,0
PPTDCFTSEFDLCD,0
GMVGKASSEEEEDE,1
DLDKYQQSIAIMNM,0
QTLANLYSDPNYQS,0
KSKQNHSSESIENA,0
SGSFNNWSKLPLTR,1
APSPGLGSKAVGMP,0
RQDAKLIS,0
KAAERAPSKAASQS,0
SPGNLSSSSLRRKL,1
SSPWGESSPEELRF,1
DLHVKLQSHSSTST,0
NSPAGSTSVVLVPP,1
IKGDVDVSAPKLEG,0
VPEPNPVSIADSEA,0
LLTRPRSSSQIPEG,1
WQDVTATSAYKKTS,1
TPVGPAPSTSQSQK,0
LRITLKSSEDELHR,0
RKRRVNPSVAGTVR,0
DGEFLRTSCGSPNY,1
TRSYRGASPRNLAR,0
LTKLKIPSQPLDAS,0
EHKIMVGSTDDPSV,1
PQHVGAFSVEKYDD,0
SKANVDISAPKVDT,0
CGSAIASSSLATEW,1
QFQVDCSSAGSAEL,0
APRVATSSKVTRAQ,1
SPAKSPSSSTGSIA,1
IQPYLFSSDEEETK,1
NCNWDFESFNQHHQ,0
QITSLSISSAYGIV,0
AQSPGHSSAGQEGE,1
QSATPPSSPVLADK,1
KREVLYDSEGLSGE,0
NFELVDSSPCKKII,1
QRQIGTASRISSDE,0
GRRTSVSSPEQPQP,1
NSYNRSRSSSISSI,0
TPTEGNNSQSLAPK,0
ARIRNLGSEVHLIE,0
VHRGNSSSPAPAAS,1
EGLHHHISEGGENL,0
KSRSFTSSYAVSAA,1
TSSDAMSSQQNVMG,0
QQSNDVSSQGGNDD,1
ALKKAESSDSSDDD,1
ATSVCAASIIMALG,0
GKFSLFKSKKPRHR,0
LYAKEISSGDRVMA,0
DVPSCTSSRCSSPV,0
DWPKIDLSSEDGAF,0
TSALLFSSDEEDQW,1
NLQRKILSSCCSNH,0
INEGALVSASSDDT,0
YPVSSPSSPSPPAQ,1
PPSLMSKSNSMLQK,0
LGHASSSSNQKLQS,1
ILQRGNSSPPGPSQ,1
RTQRRAISAACISA,0
MSHLKVGSAADIPI,0
LPRMKSSSSVTTSE,1
LSANISSSPKGSPS,1
ANGILNVSATDKST,0
ITQCESMSRQEEIF,0
NHFYLHESSPQPQA,0
KMPKFSVSGLKAEG,0
KDVWAEDSTEPLLT,0
GRSAGGSSPEGGED,1
SMFVTPSSEDLIAY,1
GLTRTPSSEEISPT,1
EVICLDSSSGSEDE,1
RSSRPRSSVGPLTG,1
MAGENAQSLNLHEP,0
GRGRPRGSKNSDGG,0
SRKVKLQSKVAVLI,0
GDGTCSVSYVPTEP,0
GSVLRRSSFSEGQT,1
ICLALLISYYCPKV,0
RITKGKHSSEKFQG,0
KWPSTLTSECRSFL,0
PFRRSQSSNSSDSS,1
MDVDESLSNEELQS,0
QRHASNSSAASHQE,0
SHVDNEYSQPPRNS,1
RSRASSTSSGRHPA,1
PEKGDKSSEPTEDV,1
GLKKSHSSPSLNPD,1
EDTRSTSSHGTDEM,1
RVRSTSSSSCSNSQ,0
GTSSRRTSTTVLDS,1
ARPPRRSSQPSPTA,1
PNLASYRSICMNLY,0
EQSQRSSSEEQQTQ,1
PPPSPASSTCSDTG,1
KTIAERQSKYHERA,0
RRMTGGSSGGEGAL,0
SERRARSSSPGHVI,1
SPKSSSDSEDSDAS,0
DKRKLSTSGDSLYE,1
TIQKGSESGRGRQK,0
VGMPSPVSPKLSPG,0
DTIVNYESMPKKEN,0
PRARRFSSGGEEDD,1
GQHGSEHSKSRSSS,0
PQQSPPTSPHTWRK,1
RSKLHQSSENLRKS,1
MEVPPRLSHVPPPL,0
DLHKRLSSGEDTTE,1
PSRRRMDSKGENEE,0
LLTKEASSPPPHPQ,1
CQQPGHNSRDCPEE,0
KSDDSKSSSPELVT,1
RFISRLSSPEKVLI,1
AVPTTRSSSELPTD,1
AIFRAAHSIKGGAG,1
LKGDIKVSAPGVQG,0
SCTSSRCSSPVERL,0
TNSSERSSQQQEQP,1
HKVANTSSFHTTPN,1
LQLYQVDSRTYLLD,1
DSLSPTSSTLSNLE,1
VSGPVMSSMPPGQW,1
GEEEHVYSFPNKQK,1
RAVKDLCSGRSRFT,0
SLRKPLSSDEETDD,1
ITENRRSSLEQPKI,1
ALNSLVVSCASAVG,0
ACREGKVSVEVVTA,0
RGKKGSSSNLTGYG,1
NIKKESKSSPRPTA,0
MQPQSDKQSAS,0
ELARHLSSTSDDEP,1
PKAKSPSSDSWTCA,1
RGSGDTSSLIDPDT,1
AEKKKYKSTSKSSQ,0
LGMVVLISLNLPSS,0
SEPPASPSLSSTEG,0
RDLADEPS,0
HDGADETSEKEQQE,1
GTASRISSDETRLR,0
RKYDFDSSEVLQGL,1
RPKILMDSPEDADL,1
SYRRSISSTVQRQL,1
IKREVESSPEYRSK,1
SGASGFNSFRAGKR,0
SAKDSASSEEETDL,1
AAFQEDSSGDEAES,1
APVNISSSDLTGRQ,1
EEVQSSSSSATYKN,0
GDGKILYSQCGDVM,1
YPKPTPSSGKDYV,1
TMDPVEKSLRDAKM,0
FSQAVQCSASNTRL,0
PTKLPSKSPTKVVP,0
VKGDMDISLPKVEG,0
AERTSPSSPAPLPH,1
VAPCFDASKVKCSG,0
EFTVETRSAGQGEV,0
PPDSPASSPCSPPL,1
NALCGTLSEVCTQQ,0
AFYRLCSSSDTLVS,1
AELFEKVSSAVTIP,0
QESKTLMSILRPFV,0
KSGSSRSSSNVNSQ,1
AATGNSSSHGPRKN,1
VHDVTDASKVKCSG,0
TANSNPSSPSAAKR,1
AHGGSASSILDAHQ,1
PPEPPLSSPASQHK,1
DQEGDSSSEED,1
EEDEYETSGEGQDI,1
EPKRKLSSTQSVLA,1
LLPSLAPSSARQGA,0
DTLRRQISQNSQTV,0
VERGRTLSRISVAK,0
PTKPATASLERNSV,0
VNFLGTSS,1
SYTSSTSSSSSYTE,1
DDYPSTSSTPIGRR,0
MQLVELESKCSADR,0
RTQAQHSSPGEMAS,1
RQFTSSSSIKGSSG,1
LFSDGDSSESEDTL,1
HQSCSRSSRSKPRD,0
SRNDSLSSLDFDDD,1
PLKPNQSSYKPIGK,1
MSSPIRNRL,1
QKRKNESSDEISDA,1
SDIIVISSEDSEGS,1
PAPPPAPSSASSSP,0
SAPTTPTSPTEFLT,1
AASSSSSSREKGSR,0
EMGTDGYSDSEHYL,1
TEETRENSYNRSRS,0
FYHPQSSSANSPSE,1
VLQANEESSSSVRG,0
HDDNANTSTQERAE,1
VKRQQANSIPLSTE,0
MESPPDYSAAPRGR,1
AEHSSIQSSEAQAL,0
PGSSSSSSSDEAGD,0
RKKHLFSSTENLAA,1
AFPRDHSSLALVQN,1
PLRRRASSASVPAV,1
KGKRRHSSLPTESD,1
DILCQEPSLISCSL,0
GLQASESSAEDSEQ,1
KGPKVDISAPDVDV,0
MFAPEPSSPGAARA,1
CQEPSLISCSLVRE,0
QAPQLEVSVPSANI,0
GNSPGSLSELQRQE,0
NRQTLMFSATFPDS,0
SLGRENSSEELVSQ,1
PPQAQGTSSGPNCA,0
NSYLRSFSAISLRI,0
RESIKLVSIDSKAI,0
PEKGDKSSEPTEDV,1
FKTEAFTSPEALQP,1
PEKGFYISFDDEQP,0
SGSFNNWSKLPLTR,1
KEDRSASSGAEGDV,1
KLQNLNTSLHEKFH,1
KRAISPDSDDGEED,0
SIKPQKISIPDVGL,0
MLGMLKYSKKDSEG,1
NPRKSVSSPTSSNT,1
RSTPSPSSLTPRLR,1
VRTGSTSSKEDDYE,1
SGSTNTVSSEGVTK,0
EEQKGESSASSPEE,1
SQDSVHSSPEDGGG,1
EYKTCRNSEPFIIF,0
MPTTRSANHPAP,0
SKTIQKGSESGRGR,0
PDDYPSTSSTPIGR,0
DPFEPTGSNPSSSA,0
LKPGEEPSEYTDEE,0
GWDSCDESQSPPIE,0
LAPPQDSSDDDYED,1
EHEDIDTSADAVED,0
GSSSGSNSGGAGSG,0
GPVRLHSSNPNLST,1
EPDHPFYSNISKDR,1
REGRKSESCKPILK,0
GQGYADYSGQQSTY,0
AEKPASSSLPSSPP,1
RAERGGSSGEELED,1
SAACMEISLPVTTE,0
DKKSGRSSDITSVR,1
GNSNHTLSGIVAGI,0
QRPQRATSNVFAMF,1
APVRRRSSANYRAY,1
GNIINMSSVASSVK,1
IQTTVASSR,1
GALVSASSDDTLHL,0
QLEVSVPSANIEGL,0
EQLSNLISEKEASV,0
ISDDDSTSSDDEKD,1
DQEGDSSSEED,1
EVIVDETSDHTEET,1
DFRRTMASSILKWV,0
PAPAPPPSGSTSCG,0
LARIWLNSAQINRN,0
RRAKQLSSVQEDRA,1
LYQRQPRSPRKNRQ,0
GPSEAKMSCMDNKD,0
IRDEVLPSFFKAFW,0
ELEKKLSSERPSSD,1
GEERGGKSSQKDRR,0
QDGLRSSSNSRSGS,1
SPTVMSTSLGSNLS,1
EEQFSSSSEEGDED,1
VTGSPEASISGSKG,0
KMRLDDSSNNSSLV,1
PYHRSQSSSSVLIN,1
KATRKDDSKVVAIK,0
VVLTPTYSGEADAL,0
SHHSQRSSLSGDEE,1
ARRLTVSSLQESGL,0
EPPPATTSPEGQPK,1
SQEPSRPSPTPQGP,0
PRKLSGSSNGTGND,1
RYDDRRGSSAPYNN,0
QPASFAVSLNGAKG,0
WLAFLNRSVQELLD,0
SVDSEATSSRPGTP,1
AVPTTRSSSELPTD,1
ENERRNSSQLSDGW,1
AMEFFTLSMHEDTT,0
RRSTSSSSDTMSTF,1
GKSLSSSSIGSNST,1
FGGSRTPSTSDMAE,0
RRMGSRTSESADPR,0
VKTSPSKSRTKIQK,0
LPQIEYSSNSLIMK,1
EHEGHIDSSVLAML,0
LTGPRLGSPSGKTG,0
SNLRRSRSAERRRS,0
QAEAAKESPFTNPE,0
CVITQCESMSRQEE,0
NTKDFDSSEDEKHS,1
VGSDIGGSIRMPAF,0
SSPRTTRSQAATPV,0
MVDSQKCSDVSELS,1
QQPQSIYSDNGAAY,0
TSISSESSPEKTSK,1
SQAAANKSRVSSAG,0
LSGSESSSKKRQRK,1
RKEQLTSSEELDLV,1
RSRWENTSPIRSPR,1
AVSAQITSSDAMSS,0
RKKGQHGSEHSKSR,0
VSTESESSSFHSS,1
RNSSSEDSQLTIEN,0
RHELTEISNVDVET,0
KYKKSFSSQSFITN,1
SSHSGSESSSGSDS,0
GHLSTASSSDDLKG,1
NEHGQYMSPPQPAH,0
EGPKVKGSLGATGE,0
FEDRKDGSCGVAYV,0
LGTLGSGSESSNDG,0
RNSAADSSDHVDSE,1
REAQKQASEKVSNK,0
HVPGSPFSVKVTGE,0
KATRTLSSPSLQTD,1
AVQAAILSGDKSEA,0
GPTNKLWSMRGFAQ,0
GTVTVRYSPSEAGL,0
EAISYANSQPPQQQ,0
DSKTAPSSPLTSPS,1
ALGMVCASRLLHAT,0
MFLDPPYSRVITQR,1
SAPVLGTSPSSPTF,1
SQSQSVSSLDHEED,1
LGMGQATSVCAASI,0
CGQHTDFSTIPTLF,0
GIAHSPSSPGHSSG,1
TPLYERSSPINPAQ,1
QRVRPASSAASVYA,1
ERASESSSEEKDDY,1
VAPESHHSNSMMDE,0
DSCDESQSPPIEND,0
ATGGYRTSSGLGGS,1
VSNNNRTSPSKPPY,1
TAKELNVSFINEKK,0
ASLSPPSSPPSRPR,1
RSSGTASSVAFTPL,1
TLASILSSAQVPAI,0
SPPPATSSSSSSRR,0
SDDDSTSSDDEKDN,1
NSQSQPKSRAASVR,0
DREVEPTSIARARR,1
RIKELLLSFTKNEA,0
EGFDSFSSLVKSGT,1
VVVNLSTSPRRYAA,1
TDAKSSSSESGDEG,1
EPVEVDSSPPDSPA,1
ELMEKYCSLIDQIP,0
YVTPEKISSSARFQ,0
KRRATGSSDDDQVD,1
DLDLHLKSPKAKGE,0
RRHFKSSSIQRSAA,0
AATSLFSSDDEEAE,1
RHRSNSFSDEREFS,0
ERNSVTSSPSPAAP,0
AKNEPRSSDSEEAF,1
DTLASILSSAQVPA,0
ASPLGGSSYEEEEE,1
AASRAVSSEESEGE,1
HVTAQQPSRLAGGA,0
VEPSHDASKVKAEG,0
DASKVKCSGPGLSP,0
ISEASSISSRGKKG,0
SGVELTTSPKNVPT,1
EDDDGNSSIEERRP,1
GPPSAQSSPIDAQP,1
KDPGLRISWTQLLC,0
FEQRHGGSHQSSKW,0
EVPEMDTST,1
KPPSRRSSSNTNPD,1
PGQTPSSSSIPSLP,1
QYRKPLSSREGFGR,1
GASSASASGSSVTI,0
EAGPKESSEEGKEG,1
SGHQDSDSDLSPPR,0
QEVASRFSKLCYLI,0
RRKRKESSNTDSAG,1
SGAMSPTSNERHHL,0
PSTFKATSPPHLDG,1
IHDSDGSSSSSHQS,1
GSSSSSSSDEAGDP,0
GKGGVTGSPEASIS,0
PRKLSGSSNGTGND,1
SKYAPPNSGKAASS,0
ASWRIVSSIEQKEE,1
EYPEVLGSILGALK,0
NIKAPKISMPDIDF,0
SPRSEPRSQESGGT,0
MHSSPASSNYQQTT,1
EDLKALSSEEEEEM,1
RRLEFATSQRESSA,0
PPPMSPSSKSVSTP,1
LGATRSSSTSNLEN,1
TVPLPPSSAM,1
AVTIPYLSDSWTMT,0
VVPFADLSYRDLSG,0
KISSDLSSNKTVLG,1
EYAREGYSALPQLD,1
IKKESKSSPRPTAE,0
ALVHAQFSTHHVFP,0
KPSSNRESSKQSAA,0
TFSNDANSLADSSD,0
EVESPTSSPSSSSL,1
CAPGSSSSSSSDEA,0
EEEGQMSS,1
KLLQDFNSLTERLM,0
RRFYSKLSDIKSQI,0
PLTTGSLSRTLRSI,0
GRGAVWGSVIYPSM,0
PLFGSHYSHNYYEE,0
SDIFTVSSDGLDTD,0
PRVDSMSSVEEDDY,1
GTSSRRTSTTVLDS,1
TRESTESSPGKHLV,1
RRKTSASSASASNS,1
RARIPSISVTTPPE,0
EAIPNLHSPPTTST,0
TKHVDSFSLAIQET,0
ADYSGQQSTYGKAS,0
RKRRFSSSDFSDLS,1
EGLSQSISRISETL,0
TPGSSPSSLYYEEP,1
DLGRSSSSLLASPS,1
SSAKLDSSSPNTLD,1
QSSAKVNSRKRRKE,0
VHGPGIQSGTTNKP,0
SGRGRQKSPAQSDS,0
GSFGGRSSGSPYGG,1
RGRYSISSASLDTS,0
HLTSTTSSPGVIVP,1
LDGGDTSSDEDKEE,1
PRNKRDSSPRNPEA,1
ERVVVISSSEDSDA,1
RRNNSSSSAGGDSH,1
MHPRYSPAPPPQ,1
LKVNQPASFAVSLN,0
KFLTKRSSSFLGQG,1
