VCTDKPTTHEKTTK,1
ASLKEDSTQEDVTS,0
GDRQVIQTPLADSL,0
LPTPNPLTQIGAVP,0
GIPVRIYTHEIVTL,1
HPMPATLTNSASGL,0
VGSRPSSTGLKTSE,1
KRRKIDSTDDETSD,1
KPTTSSSTGFLNGD,0
PAERDSSTPYQEIA,1
ATEAEPRTLSRKLS,0
GGRRHHSTPAASSN,1
NIAVALTTSRRQHR,0
VTKVSISTSHEMVS,1
SNPPAKPTPPPPPP,0
SRHSLASTDEKREL,1
EADGELYTFNTPSG,1
RGDSSTLTKQELKF,0
SLEGDHSTPPSAYG,1
AKHCESLTPLHSST,0
FHGGSGSTVQEFHT,1
NKIGKPHTVPCKVT,0
AIQGGKDTEQSWKK,0
GSPSHAGTTPPENG,0
VKAERRTTVPSGPP,0
GDSQVSSTSHSPQL,1
DDTDSASTDDMW,1
KFPFVKSTDRLNDL,1
FLKKCSETWKTIFA,0
ELQMLLDTKQTLDG,0
ARTPAKNTRSVRQQ,0
KLLESPSTATLRFR,1
EKSSISETELERSR,0
GKVSKEETTKPRSR,0
NKPSTPTTATRKKK,1
FMKRGFETELKELQ,0
AAAMETATSAELLI,0
LVHLPSCTVFSNFP,0
LRAQDDLTLRRRPP,0
KDGALKRTDNGGWA,0
ATPRDHSTGGGNSG,1
FPVFKKSTLSRVQT,0
QAEVKASTIYSSDE,1
VRPLARVTSLANLI,0
KYDYQQLTDQQNRE,0
PVFKKDGTVTAGNA,0
KKHLFSSTENLAAG,1
ITALAPSTMKIKII,1
SEIKSPSTIKKSII,0
TPFRHLYTSKTHLK,1
LSRSQTQTLESLEF,0
NTTVVPSTAGPGPS,0
AAAGVSSTKSKKGA,1
MSTPTDSKA,1
APPKKASTTTAPVS,1
RGRRSRSTSKTRDK,0
VKRLRNQTSELRQK,0
REQDLPSTPRSRAN,1
EIKTKTETPQKIEP,0
GSSSASSTLKRTKK,1
TTVPPNATHPMPAT,0
TLINGIDTTKLNPV,0
KESRSLSTELFKVK,1
NVIGNLLTCTVPLA,0
LRRSQSTTFNPDDM,1
PLLNNTRTSPSPAQ,0
AAVERPSTEQDQRG,1
EPVAADTTPDNAPA,1
KSVHGEYTDTDFSE,1
AFRRQASTAGVNPV,1
ELKKAFSTFELTGR,1
PMVRRTTTEESAEV,1
GASVTSSTHEKKSR,1
HSQQSSATKDVHKG,0
SKKVLPTTKDACFA,0
PSARRNSTTFPSRH,1
AQAARDTTSENREY,0
KSEDKITTIVSENV,1
KVKRQSSTADAPEA,1
ETLQKVHTVGTPEI,0
TIPKSATTANIQGI,1
EELEEKSTTPPPAE,1
NLSYSYSTGADGRI,1
QFTLISSTPQEKTK,0
SETDGDDTPRDISD,0
ERARRTSTEAAAPQ,1
AMFQAPKTPQGMNP,0
RSMDQLPTGKVGAP,0
DSYTEYCTSITNFL,0
DDCHQPTTSETEAA,1
RTIITRSTEALSQT,1
VPIEEKPTTSSEKP,0
VNNRLSSTLQAPKR,1
KSLKTHQTQPGIRR,0
DKDCNESTDNDELE,1
HGAAIFATTLSDGA,0
LVPSLTVTTEKTYT,0
GTGKDNLTSATLPR,0
ITKLMEKTKYIKFT,0
INAKRKDTTSDKDD,0
RVRKLPSTTL,1
AAVTPSSTTSSTRA,1
HAAGDNSTLLSFKE,0
SEDKKWFTPREFEI,0
DPAAAETTEEEGPV,1
APSKLLGTIGSESE,0
DEKRIPSTPIDYMA,1
YGQNAASTIRDNRE,0
NFFVKDTTEVPSST,0
NQGQADRTISASTQ,0
GVPASKSTQLLQAA,1
DNQNKVKTILEEID,0
SGNSVKPTGDVTAR,0
QASDMMDTMDVENN,0
YRIGHHSTSDDSSA,1
DNFFVKDTTEVPSS,0
NEDVTESTEDLKNR,1
PHIRKTTTDTIVRN,1
KIQHAQQTCEECST,0
LRNEPTDTFGHRLH,0
KGEHSSRTSYQRSA,0
SPAKVSTTTDSPVS,1
RNDHLTSTTSSPGV,1
PARVVSSTSEEEEA,1
DDNANTSTQERAEQ,1
PITRKESTTAPVAP,1
KKAKRRSTSGGIDV,1
DCDLNASTVKIKDG,1
KGPRVKSTRPGSSD,1
PSSLLVSTAPHHRR,0
RDERERSTSKKKKS,0
LKQMELDTAAAKVD,0
SPRTPPSTPPATAN,1
HTVPCKVTGKCGSV,0
NYVASMSTPRSTVG,1
MFYGDVQTHIRALY,0
TLTSDESTLIEDGG,1
CPQLDDSTVARELA,1
DLRKRVSTTTKTSV,1
RTGSFGSTTVRIRS,1
LTPSLVYTLHLGCS,1
DQSSGSTTSGSRQA,0
LGVTEETTTTTTTT,0
ASGMQPVTSTIPAV,0
WGSGIKITGTYFKP,0
ERINLFYTQNTSLL,1
LVSRLDHTEVFRNS,0
SSLQKSPTLLRNGS,0
AVQKPPSTGSAPAI,1
MEGATTKPRLVP,1
NPTEEAATSSRPFK,0
GLSTEGATGPSADT,0
PGGTLFSTTPGGTR,1
AHYSPDSTYGSEGG,1
MDFRKLSTFRESFK,0
TKVASSLTSKKWGA,0
TANNNNNTTMESIN,0
YFGRNLRTNEEGLY,0
PGGFDDSTLPLVDK,1
DSDTDASTLKKTKK,1
SSSVSSSTENLKMN,1
APMTSRSTSTWRIP,0
NTDGKRVTRARTRR,0
SQTSQSSTISSSVS,1
LLRSGKLTSSSPSM,0
GGTLFSTTPGGTRI,1
RIDISPSTLRKHTR,1
EGILKRSTSFSQLN,1
VKHGVLLTEDGEVY,0
PALENAATEEVGPK,0
FVRQQKYTQNDLMI,1
WDFYTEETLAEGPP,0
IQNLRAATSTQHLD,0
RVGIPKETPALTIN,0
MKQAQDATSGLPQS,0
ALRPSASTQALSSS,1
LTFTQPRTHYFAVD,0
AVARRMSTFEVGES,1
WDPTANTTPARNND,1
ILESHNNTLVDPCE,0
AATPPPSTASAPAA,1
RIELDQETLLRIDN,0
MANRTTAGGIGF,1
TVVDEPPTKVPKIE,0
RENGMASTFCGTPD,1
SEDSEGSTDVDEPL,1
HRSFTQNTQPSPLP,0
LPGSPLFTRAPPPK,0
DGACPTTTFSELLN,0
DDTDSASTDDMW,1
SQAVKMSTGAGDSA,1
TRGAAGSTVFVPAA,1
ILAADESTGSIAKR,1
QEERLDSTQVGDFL,1
DSDTDASTLKKTKK,1
PQHRRASTPLVRTT,1
TATKSGSTTKNRFV,1
AIQCRVTTEDPAKG,1
YRGHVRKTSQSLED,0
RWFVLDKTKHQLRY,0
QLQRTTSTIHTSNL,1
RKHPPNYTKPVLFS,1
HYEREMKTYIPPKG,0
GGGRNPGTTVSAAS,0
QLLEVLSTPTPFII,0
QNIIPASTGAAKAV,1
AALKKYQTEQRSKG,0
IGKKSMSTTNLVDE,1
DNIVRKDTNIDHGQ,0
IESETGSTGALETR,1
QLERTVSTSSQPEE,1
SVATSTSTENLSAA,1
MDVENNSTLEKHSG,0
QKGRNSSTPILKDQ,1
DMIACGDTYDGFDS,0
GTPRAVSTEDITRE,1
ARSRTHSTSSSLGS,1
LAEAREETKLREQQ,0
DGYKTALTEERRRF,0
LGKKKPSTDEQTSS,1
DRLEAIETQDPSLG,0
KSQTPYSTTSLPPP,0
GVDNEIKTKTETPQ,0
FSPRRESTPDVTVE,1
LRAREYSTPPTREI,1
KNPMDLSTIKKRLQ,0
ITTAFPVTKPQKVE,0
LIEEEYNTRHLKRT,0
RTVVLTPTYSGEAD,0
RLSYFSSTTDTRER,0
ESVGSKDTEESTPE,0
RVRHNSYTSSTSSS,1
EKKEDRKTDLAKNI,0
SPSHAGTTPPENGL,0
GSPNRNYTHQVVTR,1
DTSSVLYTAVQPNE,1
GLAHSMSTTGVNMR,1
ASSEQMRTLFGFLG,0
RPSKANTTALQDPM,1
LASPDASTLENSWS,1
LNSLSLSTTEISRK,1
KKPPMATTKGGRGK,1
SSTSAFSTPTRSIP,1
LKNFEIQTLKQRLS,0
QIEKKRDTPQNVST,0
GETPVNSTMSIGQA,1
KNRYLDHTSKVNEP,0
IRLSWNSTGENGGE,1
SLPPPPPTHPASQP,0
WSEMLDITMKESLT,0
STTTNALTNAMFEQ,0
ESDTEDTTVEGSFR,1
QQISTTFTPSDKLK,0
VIIDTLITKLMEKT,0
RGVPYRPTDLFDEL,0
NDRGDSSTLTKQEL,0
QQQSSQQTQQQLEQ,0
ILQNQRSTPEMERQ,1
RRRVDLSTVREQDE,1
VKFTKDHTVRQKEE,0
DRLHRVKTVCSKIL,0
ERLNIMSTAESEDL,1
FPRDETSTNFLPHI,1
EVLMSVATQQYGTV,0
FQDILVLTRPVTRN,0
FQPLARSTPRASRL,1
CQPKKKSTPLKYEV,1
EDGWDITTQVVSLV,0
EQESEGETYEDIDS,0
AAARKISTSSSVEG,1
SSEPRSETYINDPY,0
YYETDNYTMPSPAM,1
KIGFPETTEEELEE,1
MVMIISTMEPQVS,1
TSSRAFPTQTAGTF,0
ATNVVKQTGKDHGE,0
LRVQEINTQSNRQN,0
PQDFLSFTDSDLRN,0
AEPSQETTRVEDAT,0
REIWAWGTGCQLGL,0
DPDKYRSTGSLHGR,1
PHSVKRSTCDLGSS,1
AAKVDELTKQLESL,0
SLNRASKTNNANIY,0
GGLLKDFTATDLSE,0
SVATSTSTENLSAA,1
LRQQGPPTPFDFLG,0
QRQRSTSTPNVHMV,1
KPRFPRHTFGQKPS,0
DNIRRRSTINLGNQ,1
DVRTPTRTRRASLA,0
SPGPGNSTSSATNS,1
ERPYVWPTLRRAMS,0
QSLARDSTRLRQSM,1
VDFSEQYTPEADPY,1
ERARSLSTDNVAMS,1
PGGGLLPTPNPLTQ,0
YYDHRVDTECKGVI,0
EQLLATSTKMVVRT,1
LKRSDGSTTSTSFI,1
RNRFAISTQGGVGL,1
SFPVAALTKEKRIS,0
RLEADLSTELKSPD,1
LDFSSVSTEADGSG,1
NGRRAPSTSPSFEG,1
TTPEEQFTLISSTP,0
RRILSQSTDSLNMR,1
QLLKLMSTVDPKLN,0
EIRVLYSTKVASSL,0
LSGKGTLTMPNGDY,0
GGGGDLSTRRLNEC,0
EAGPEDSTRETPSQ,1
TASRRNSTIVLRTD,1
YFRELPPTPKMHGF,0
LIEDNEYTARQGAK,1
SPEENPITSMPSEK,0
EKRISVQTPVDQLL,0
GHTRNKSTSSAMGG,1
RAGEKKSTAAEYNP,1
SKQADSVTAAAEQL,0
PPLKSVSTEDNIHL,1
SSKRIPYTPGEIPK,1
SINDFHTTPNTSLG,1
MDDNTENTDGKRVT,0
GSESETNTAKSSKQ,0
NGPRPTTTSFNGPF,0
KRVTRARTRRLSLL,0
GRKRTSSTCSNESL,1
VIRRSVSTTNDNIG,1
PEQPRPSTSKAVSP,1
TPARKNSTGSECPC,1
VPAPRDSTEDEAAG,1
SVQVVSSTNGELNT,1
VVFTQKITVEKAPT,0
LFRQLGITNVLSLF,0
SASNSLVTNSMAGS,0
SRKRRSSTLAPAQP,1
YKQMQLKTEHQESL,0
PSFNRTVTSSSQNY,0
SNILDESTQMLDAH,1
VVTEQPSTSSAAKT,1
LVGQYVITVATGSF,0
YQRLGLGTLSSSLS,0
FVLDDQYTSSTGTK,1
LSDSYSNTLPVRKS,0
AKPNIKTTPKVAVR,0
AARVKTRTVVLTPT,0
EGYADCATYLADVE,0
RMGQAGSTISNSHA,1
NLARALSTDCTPSG,1
KEALKFYTDPSYFF,1
NLRRSNSTTQVSQP,1
FDSFTTSTFISVSN,0
VIQSTDDTKVLCRN,0
HEPTHNSTRVYSHS,0
KSEDKITTIVSENV,1
NYPRSILTSLLLNS,0
FQPQSVSTANSSSS,0
SKPIRTSTDSLERI,1
MLLDTKQTLDGELK,0
IVLDVSSTSSEDSD,1
TFGHRLHTKRRTIN,0
VSPSTSYTPSRHKR,1
GVNGLKITTPEEQF,0
GGHSMKSTEFSSSR,1
ASAVDATTGQEACD,1
EERENLSTVDEKEL,1
VASRMESTGVMGNI,1
AATGACMTCNKHGC,0
NTRHLKRTTEHPHR,0
VPSGPPMTAILERC,0
AAARKISTSSSVEG,1
PLSPVGTTPVKLKR,1
IDDGNDSTAEEDQQ,1
PVPKKLLTMAGIED,0
KNELRDSTEQFQEY,1
TPEENETTTTSAFT,1
SCRNSSSTVSCLKK,1
KIKSEPQTAPQPQQ,0
ATGPSADTSGSELD,0
LRQRNRLTLEDDKP,0
PVVEAVSTPSAAFP,1
KEMPLGSTPYQAYS,0
EHARPQTTLEQLQK,0
PCCDKLYTCRLCHD,0
RSVRQQLTLTEEPE,0
MSTEQDIKT,1
EPLRNEPTDTFGHR,0
ALENMNSTLKSLHQ,1
IELSPSPTLTGDGD,0
LRAKSASTDFSSLR,1
PLGRLVETLVAVYR,0
DSHQTVSTLNLLRY,1
EGDEGGQTHLSPTA,0
KSGSGGSTGYVPTG,0
TAPSAGSTAGDSGA,1
SLHGRHTTVGSIPA,1
AGSNIFSTGQ,0
DEKRIPSTPVDYHA,1
PGSKKGLTFTQPRT,0
YSGRQDPTEGDNLP,0
LFQVDGKTNPKIQS,0
CQEGKEYTDKAHFS,1
RDEEHSITHETILS,0
ILAADESTGSIAKR,1
NHANSTSTTVLHLT,1
HMTGSKSTTMTESD,1
SCHVPTLTNFPSGE,0
SIGSPESTPKNQAS,1
FCVCHLSTGDMLRA,1
IRGSNEYTEGPSVV,1
SPLARHSTNPFISP,1
MTDPDSYR,0
SPKPTSLTKEDSKP,0
SPSHQIHTFSAQTA,0
FIDKENLTMPGLKF,0
YKGMAHSTVPDELE,1
HQTEADSTSEGPED,1
EQPQLTSTCHIAIS,1
PNLHSPPTTSTSAL,0
RKSANDTTLATVAS,1
HSEIKKSTSFMDQM,0
MAATAREDGA,0
RHDGACPTTTFSEL,0
GEKINASTDSLAKD,1
EVVLCGGTESMSQA,0
ITVEKAPTLMRAKS,0
CGLPLNCTPIKGLG,0
VAKNEIITSDQLLE,0
IQNQLEETLKSFHN,0
ANKRSASTEKLEQG,1
ESNSKPTTSSSTGF,0
NEVTPSSTTASVAR,1
TWKTRFFTLHGTRL,0
GTSRLVSTDSEEPP,1
DSTQEDVTSMPALE,0
NGEEVLATSMHSKV,0
KKENFRLTSELQRV,0
MSTEQANGT,1
SVAESYDTESGFED,0
PMRGSHSTESILRD,1
NSATKSQTPYSTTS,0
DLLKRRETFVEKPE,0
MNSSRPTTPQRSAP,1
LSLENLGTTTTVQL,0
TSSRRTSTTVLDSQ,1
KLQNLSYTEILKIR,1
IVQMHIETLEAVQR,0
EGDKNSATPKQKAL,0
GSPRKAATDGADTP,0
INRRRISTSTHKQR,1
VPEMDTST,1
EDGHRTSTSAVPNL,1
LGNFAKATYAAIAK,0
SGAQASSTPLSPTR,1
KQNKIDVTEVIHLP,0
QTQPQTPTPAPQHP,0
PANAERPTTARISS,0
LKKVLDQTISHEAE,0
QMERRLRTWLEREL,1
LESIGDSTADESTL,1
EDNLLRSTQKLSHS,1
VCTESGVTSDHLKG,0
RNSSVSSTSASVAA,1
SPDSHGWTPLHCAA,0
FGEEVSSTDDEDEP,1
SFTTRSTTFSTNYR,1
GEEPSEYTDEEDTK,1
DDPEAAYTTRGGKI,1
EKEGQEATCSRPQI,0
EIMDSYETEDPKEA,0
NPSKSESTIFDENN,1
VPAPDMSTGEREMS,1
LPTSGSSTGELELL,1
VNNRLSSTLQAPKR,1
DRMIHRSTSQGSIN,1
QKDMKKSTDADLAM,1
CAKSVLSTLSVLSI,1
REQDLPSTPRSRAN,1
QQGKSSSTGNLLDK,1
TQFPKCSTLANIGR,1
PRPPSNRTVQSPNS,0
YFSSTTDTRERGLI,0
ANPLLGSTPQLDNA,1
WTLSGKGTLTMPNG,0
YIPKGVSTNALSRE,1
LIPAPRGTGIVSAP,0
GTSRLVSTDSEEPP,1
GGSPDYKTCLRAVM,0
METAKDGEQ,0
YMKRSNTTGDTAAI,1
RAERARSTPSPVLQ,1
VDRLSKRTPVFHNY,0
EADGELYTFNTPSG,1
SIYADGSTIASISN,0
PKYHSVSTEDSKAM,1
LTENVYKTIMEQFN,0
QNGPTPATQSAAAM,0
FQEVSAHTSSGKDV,0
SSASSLLTAAFGNL,0
SHLLSMKTKELIGS,0
SAIRRASTIEMPQQ,1
LAVDAYLTVIKYYP,0
MHSALDMTRYWRQL,0
SSSVSSSTENLKMN,1
MLAAAMETATSAEL,0
HPDESADTITKITP,0
DLSEGSSTEDLFQS,1
ISNAIKKTFPFLEG,0
GCQLGLITTAFPVT,0
GCGRKTSTSGIPDS,1
QFLLEQGTPSDILG,0
PKRLKSSTSFANIQ,1
SKVTDISTGIYKAP,1
DVSRENSTVDFSKG,1
RLFGGSSTLSRRSS,1
LYSKRLITYRLRHL,0
KFTATMSTPDKKAS,1
ILTPKPETPLKLAL,0
LDINSFGTRFEIFK,0
LSDPFYRTLEGFRL,0
AHQRVKFTKDHTVR,0
LTDPIPTTETSIAP,1
DTPQNVSTVDLMDT,0
DSLFQRSTSTINFN,1
RLLRSQSTFQLYSE,1
KEGDSFNTQCLKLA,0
QAKRPASTAGLPTT,1
VTRSMSQTPPMPTR,0
PVVATMSTKPRAHI,1
SLKRLEDTTARFTN,0
PSKRKLSTSSVEET,1
PARVVSSTSEEEEA,1
TEDVNLSTVMLRED,1
DQLDTHSTVEISHS,1
EQRRLWPTLSREKQ,0
LQSPDFTTGFHSDK,1
SQTPYSTTSLPPPP,0
QTCEECSTLFGEYY,0
AVKEKGSTLDLSDL,1
RVRHNSYTSSTSSS,1
NSELNPSTGNRSRE,1
DSLGSQQTNEQCAQ,0
SLDGLGGTGKDNLT,0
KKHLFSSTENLAAG,1
GGVNSFSTLIGLPS,0
HLSCHVPTLTNFPS,0
NLHSPPTTSTSALN,0
SYDEKRYTMGDAPD,1
IKFNKNNTAQLVKW,0
SLSALVDTIVTRFV,0
SAVSQRTTSPGGRP,1
LDIEQFSTVKGVNI,1
KERAMSTTSVTSSQ,1
EIERRVTTDVTTRE,1
RQLFGKSTVKMVQT,1
TDEENISTCVKYFK,1
QFDGMAPTISFYKQ,0
TLSNGSETDGDDTP,0
KLSRKPSTLLRKLS,1
EPVAADTTPDNAPA,1
PSDRRTPTHFEDLS,0
NSPAKVSTTTDSPV,1
AAPAVATTQANTLS,0
RRNRNASTSFQELE,1
AVAPGTPTMGAPKT,0
LRRSNSTTQVSQPR,1
VQETTPITISGLPF,0
LRKRHESTLGMDVK,1
NPSLIPETDAVGVT,0
ENEPGYSTEDDEEG,1
GSAGPSGTLPRSWQ,0
PRISPATTLRKGDG,1
QAENHASTALSPST,0
EELQRLETELGQPA,0
IGSPSRSTPAAETS,1
GVGANVQTILYNNK,0
INVTSSSTAVAALE,1
PTGGPPSTPQQQQQ,0
LGNQSPSTSSRQVT,1
DSLWVSLTDQHVQL,0
FKEGDLITLLVPEA,0
AKITSVSTGNLCTE,1
ERGYSFSTTAEREI,1
RVYSHSPTRSQVGV,0
SLHELATTERRFYS,0
ETDKEYYTVKDDRD,1
VIEDNEYTAREGAK,1
KDETPLSTPTARDS,1
PIEILSSTDDDATT,1
KLRRSQSTTFNPDD,1
PIISSYTTPTVSLS,0
RKGYRVSTTLERRD,1
SPLHVGETRKEDDP,0
GIGARRSTDRIEAN,1
TPTQPGSTPRISTM,1
GGGGGGGTEVIQVT,0
GATRSSSTSNLENL,1
TKLFNDTTNSMASE,1
LEDGWDITTQVVSL,0
ILAADESTGSIAKR,1
NCANLISTLITNLI,1
SQQNFIPTPRNTRN,0
MRPRIGSTVSQLTF,1
NPPSVRSTPSPVPS,1
EDRAVDGTPTKGDG,0
QRPVRRSTTEELNN,1
HSTNTSSTPASARS,1
EPDNNRSTSVELTG,1
PPLAAKPTYEEKPE,0
CPKFTINTSCTFQK,0
KPAGADSTHKVPVV,0
RPHRTVSTSSTSGN,1
KAKPNIKTTPKVAV,0
QLQRTTSTIHTSNL,1
PSPGRTLTPNQQSD,0
DDNANTSTQERAEQ,1
KVLLKLATCFEVAS,0
SDERRHSTEILSSV,1
STPMSNGTNASISP,0
SLPRHSSTPDHTST,1
IENPEFSTDDEARS,1
SGGKRKETLV,0
GVPASKSTQLLQAA,1
SPTPATSTESLSPL,1
LSPIPSPTRNSVRN,0
MYEMEITTATNVVK,0
LASNPRVTRFHINW,0
PKAPSKLTAGTPWG,0
AMRKQESTPTNLKP,1
ARPGSGSTPAKAAR,0
TARYVYDTANRNYT,0
GEQGIMFTTLKACY,0
ENLGTTTTVQLLQE,0
HETILSATDGLDVV,0
DLIYDMTTSGSGSG,1
EKKGKFSTEEDYFG,0
ATPRDHSTGGGNSG,1
LLKDFTATDLSEFA,0
FQRVATTTFITLSR,1
YLIKACDTPLHPLG,0
LKEILKHTPKEHPD,0
SRNRHASTGERAVS,1
AHSQAPETHESAQP,0
EIKTQFTTREGLYK,1
HVSRRFRTFLLDSD,0
NVTAMRSTSAGNSI,1
ILQKSTSTITLQAL,1
GRPSSPRTPLYLQP,0
ECQAQARTHHNQAS,0
AQLFAPKTLVLVSR,0
GVTVVLITCTYHGQ,0
LSTFFGDTMSSNSL,0
KCSETWKTIFAKEK,0
IRATFAFTLGSAHT,0
LDLDISKTNVNGGA,0
TEKTYTSTSNNSIS,0
DKGPSLRTLSRNLV,0
MSNTTVVPST,0
NPTDEESTTSLNEK,1
SVDFNNDTDDLEVE,0
GLPTSHTTDSLQLW,0
SHEAELATSRERLY,0
MPEGAKSTDDEDEK,1
RKIEGGSTDIESTP,1
GSTDIESTPKDAAR,1
ETDAVGVTVVLITC,0
MRSGLYSTFTIQSL,1
KLKVIQQTFEEISQ,0
SMPKFGTTKPPLAA,0
SFHNELLTQLEQKV,0
SEELEPSTLTPSSA,0
TFFVAVLTDINSER,0
SRYAQDDTNFSMKF,0
TTNSTSSTPSSPTI,0
ELNEDDSTDCDDDV,1
RHYCACLTFWEPAE,0
STVDLMDTSPEKDE,0
TGLKRASTDGDGED,1
GVPASKSTQLLQAA,1
EDPLLSSTFISEND,0
PTPSTVSTPSPSAD,1
NGDGEISTSELREA,1
SAIRRASTIEMPQQ,1
NVPMRAYTHEVVTL,1
AGKVSPETVDSVIM,0
QRQRSLSTSGESLY,1
GGATPGSTCSSWRP,1
KEYFDDSTEERFYK,1
LLYPPGSTENIASE,0
VKADGASTPRLREQ,1
KFNSETPTKPVQCY,0
MAKFNTGSNPTE,0
KRRKIDSTDDETSD,1
LHPNATST,1
TEYCTSITNFLVMG,0
MSVGRAKTEEKDPK,0
LQNNRRSTTTENDG,1
GLARQNSTSLTGKP,1
ASRSKLSTAVRKPV,1
RNLPLGVTEETTTT,0
GYPKSHSTSPSPVS,1
PMRRSLSTADGNRR,1
GVAPGGTTPQ,1
QEKAKKSTSTMYPS,1
LPLSSKSTAAMTST,1
NLRAATSTQHLDSM,0
TMKIQMSTRTQRCT,1
VRNVRFGTKLGSDI,0
SLENLGTTTTVQLL,0
PRVRPASTGGLSLL,1
RPPNVDLTRFRKAD,0
GDKIKVITDDEEYK,0
IKKSIISTADEEAL,0
DHDEEEKTEKVGAK,0
SEVNDENTQLMEIL,0
LALRARSTSATDTH,1
TPATEESTVPATQS,1
EMEITTATNVVKQT,0
SPDQNASTHTPQSS,1
ILRRRSSTFTDPTN,1
TSSPARSTTNRLAV,1
SALRRNSTDTHVFA,1
ILAADESTGSIAKR,1
LPVRKSVTPKNSYA,0
LAGMWNNTAAADKQ,0
MKFTRISTPKKSKK,1
KWPPVGTTSPPREP,1
SLARRSSTVRKQDS,1
GGASWLSTAANFLS,1
TATKSGSTTKNRFV,1
HGEKAPMTSRSTST,0
TTEVPSSTVEKSNQ,0
RFGSRSSTTAEIGL,1
CAASCNDTVICMAL,0
SMMRMSGTDLEGLA,0
LAPREEQTSEVSSN,0
GGNFGGSTSYLRSG,1
KDIGSESTEDQAME,1
RTSDEDNTISTPNL,0
ATPRDHSTGGGNSG,1
TAASISRTANGKIE,0
DTRITPRTVSRILA,0
ASPVTNNTIQFHCD,0
PRANAPSTQVIASA,1
ANNNNNTTMESINL,0
AQGTGRTTPTPNPI,1
NPPSVRSTPSPVPS,1
QFQETMNTFERPTS,0
PPARMMSTESANSF,1
AVKKHNFTPLARIV,0
SQQQPSTTTISSRQ,0
EDRVGDSTPVSEKP,1
IDDGNDSTAEEDQQ,1
AVSSRPTTPPVAPP,1
GPNGPRPTTTSFNG,0
LDAREKSTFREESP,1
SSTLDVRTPTRTRR,0
GVRSGGSTDSEDEE,1
VSHTDQSTDDQLSV,1
PSESPDSTVDRQKS,1
RTRLNSSTLDVRTP,0
IIESKVETQQLIDH,0
SLFCAALTEHKVLF,0
EERILVSTPIHRRR,1
KSDHRSFTQNTQPS,0
EGAVFLTTYRVIFT,0
AASGAPTTSAPAPS,1
SLAFNPTTEILAVA,0
LPSTSAVTSQPKSF,0
DKYGKKSTNNEDDF,1
LRDRDLITNKMFED,0
SPRATRRTRLNSST,0
DRSDISSTCANNIN,1
HQQQLRPTTAVSPP,0
HHQSSQETSLNPQQ,0
VPSLTVTTEKTYTS,0
AVKEKGSTLDLSDL,1
KVSKEETTKPRSRP,0
EGPPKPPTELEPEP,0
REGTSSTTTKRPAS,1
ELEEKSTTPPPAEP,1
SSRSTVPTPAKRRS,0
NEKFNSETPTKPVQ,0
PREKRRSTGVSFWT,1
HSGRRQSTGDLNAT,1
DEESDVTTSELEGQ,1
PMRGSHSTESILRD,1
KGMGMISTLFNDDS,1
SESQLASTESDKPT,1
SINHVLSTRKPGRE,1
GGHSSVSTESESSS,1
CVEWLCKTCIRAHQ,0
IFYSGSTTNIAARS,1
DMEALRSTLQTMES,1
EVISDPSTPKPNTE,1
STARLGSTNHLGTV,1
RKLSPGVTQFAYSC,0
VRQQLTLTEEPEEN,0
APTATSYTPNLARG,1
TKDALFGTDISPSM,0
SGIKITGTYFKPSL,0
PPQSRCSTGTTLEK,1
ATSSSLSTPSEPLS,1
IYKSAVTTVVNPKY,1
DLDGGTVTIPECVH,0
LGYISRVTAGKDSY,0
LRRGSSFTFLTPGP,0
DNEIKTKTETPQKI,0
YRDKNDSTSKYSGT,1
YGVFDDITRGEKYM,0
ELDKDDSTHESLSQ,1
ASLHELATTERRFY,0
KRIYSPLTNEDPLL,0
SAAQLASTPFHKLP,1
ANVHLKPTVTNDRS,0
FMPAAQDTDSKPRF,0
HYGESEKTKMRGWF,0
KAASADSTTEGTPA,1
DKDVKQVTRDYDEE,0
GIPVRIYTHEIVTL,1
RFVDKVCTESGVTS,0
VASIRRSTTHDVGE,1
LVAVYRMTYVGVGA,0
SLVKSLSTEVEPKE,1
TTASPTSTHSPDHP,1
PNGPRPTTTSFNGP,0
KLTAGSTTSLSSQS,1
GVQKKTSTPLDVGT,1
AFKAISSTQKQSIP,1
KLPISSSTSNLHVD,1
DDCVEQKTSGSGCL,0
ISRSAKYTFYKDPR,0
DVRSNRSTGHGATD,1
RLEADLSTELKSPD,1
RRLSLLETDSRPST,0
AVKAERRTTVPSGP,0
FLKSSPSTENMHFP,1
VGGCQEYTGAPYFA,1
QQQLRPTTAVSPPK,0
IQRQSQQTTSS,0
LKGAILTTMLATRN,1
DIKVAIFTLMVEIN,0
EDEYQGSTSSIDEA,1
KEKKRSKTPPKSYS,0
EHSSPEKTVVAPKK,0
MAPIEVKTKKGKQT,0
EEQNKSITEAHSQA,0
APVKVEKTAEYYLA,0
FPTQTAGTFKQRPY,0
YTLGFWKTFPGKMT,0
VSPTPATTSPGEKG,1
QSQRRPSTSPDVLQ,1
DKSFYRSTYSLVSP,1
SNNNNSSTPAALAT,0
LQPGPWSTDRPAGR,1
EGSQRNSTELAPPL,1
GVMQTPVTMSQNPT,0
AIDRTPSTIISDPA,1
HQPLDTSTPVTRRD,1
KSATLSSTESTASE,1
IRRYQKSTELLIRR,1
MSPSPGHTRKLIRN,0
KEGKKKPTRHSSSL,0
TTRVEDATEREEEG,0
KLRSRTSTPVNEEV,1
PMRGSHSTESILRD,1
NQRMDDSTNSLVGG,1
LVQKEESTVFSQAI,0
SFRQRISTKNEEPV,1
IYAVEASTMAQHAE,1
TAKRSSSTGTGSAM,1
PLSAPLPTERKSFC,0
CQEGKEYTDKAHFS,1
CTIFSQATATPSQP,0
VDCGTGYTKLGYAG,1
DDTRLESTFLKANL,1
TLSSVSSTR,1
SVLFNLTTMYELES,0
SRPPPRYTDQSGEE,1
RQILSQSTDSLNMR,1
SHHHSRETKHRIGW,0
SEEMHRLTENVYKT,0
TGKDHGETEKEIRK,0
ALSPSTETLDRQEE,0
EKSNQVCTSCEDNA,0
ASLARGETPEPTTP,0
AQSENNQTDQDLGD,0
TLSQLNTTVSRDKD,0
TMKESLTTREIRRQ,0
RQARESYTSFTNND,0
LDIEQFSTVKGVNI,1
SAAPAVATTQANTL,0
PSGSTPQTSRAPSR,0
AVSDNASTTGSGMA,1
QFHRNEQTYKQAYE,0
VRKLKCSTGENNLE,1
DAASVLSTESPLLR,1
EDSYKDSTLIMQLL,1
PIGPRHSTGACGPR,1
QGRFGKSTGSVKVM,0
PSEYQNMTVDILCN,0
SPNHKEETGQERPG,0
SLGRNSSTTGLENR,1
IGNLLTCTVPLAGG,0
DRPVKHYTPPPEKP,1
NSQSRMSTNM,1
LDDEVAQTPMPSEY,0
VGVRVAATYEAGAL,0
LKRLEDTTARFTNA,0
PEKLSSLTAPVGEK,0
DRMIHRSTSQGSIN,1
RTGSFGSTTVRIRS,1
EEKKPIETGSPKTK,0
SKKGLTFTQPRTHY,0
TLIGLPSTSAVTSQ,0
QSIAGLSTMKTNLE,1
LTRIGEATKPDGTV,0
YISDDDSTSSDDEK,1
IPKKKRSTGALLNP,1
VATTQANTLSGSSL,0
PKNSYATTENKTLP,0
STALSPSTETLDRQ,0
GEVYSFGTLPWRSG,0
SYGYIKTTAVEIDY,0
APSSFGSTGSVSKI,1
DFFDSFTTSTFISV,0
RRRRARSTTPRRTL,1
ALATHSPTSNSPVS,0
LGKKKPSTDEQTSS,1
SQSKDKSTTPGGTG,1
VLGSSSSTSRLPNR,1
PREKRRSTGVSFWT,1
LEVLSTPTPFIIGV,0
TCGEVKGTLYKERF,0
GSSFTFLTPGPNWD,0
GLQLRSCTFQLLKM,0
MAALIKTTIDIDTS,0
EDDGFRSTPLRKVR,1
HDGACPTTTFSELL,0
SRKRRSSTLAPAQP,1
SISSRRSTSQNSNT,1
DNIAVALTTSRRQH,0
AESRKESTTAVAPK,1
HHHSQRPTTPGATR,0
YSTTPCETGAQAGS,0
QQQQQQETSPRQQQ,1
SIAPANSTPMSNGT,0
MSTDEEVPL,1
RSRSTSKTRDKKKE,0
ATPAQSPTRSSGGA,0
VQAKLTTTGQVTSP,1
ADVPGTSTRKRKDH,1
DSNSELPTPQPIET,0
ARLNLLDTCAVCHQ,0
TVVLITCTYHGQEF,0
NNNNIAATANNNNN,0
ESKKVLPTTKDACF,0
TIGSESETNTAKSS,0
PSTPQLDTVAELGT,0
DEDNTISTPNLSSA,0
VDEKELTTIAPLLE,1
NRDIEISTEEEKDT,1
QRQRSTSTPNVHMV,1
RLHPSGSTPQTSRA,0
QPSPSLSTFFGDTM,0
PRSEERPTEIVTSK,0
RRNTIDSTSSFSQF,1
SQSTRHSTVATECL,1
GSDDAAYTQALLVH,1
ENEANKSTDDPSQL,1
GQTIQSFTLRGDHR,0
QLSLEQGTGENSFR,0
PSVQKKSTNYAQPH,1
ISSTTRTTERTPLP,1
QRGRKANTRPLKRR,0
GWFPFSYTRVLDSD,0
PSGEWICTFCRDLS,0
EEAELHSTEKVPCI,1
ETLFLESTNKICRE,1
VPRAAESTEIPPYV,1
KVMNFYSTTPCETG,0
DPAAAETTEEEGPV,1
NGLPTSHTTDSLQL,0
NLSSANNTTIGSNG,0
RRASGLSTEGATGP,0
ANDQSVATELNAVS,0
TKTECGSTGSPASS,1
RLSKRNSTDSRPVS,1
GVKKRFSTGTAGPS,1
GSSERDSTSPDAKP,1
GSGDSVKTPGSAKK,0
SGSSPFATQVGVIR,0
RPRRSDSTTGPAAK,1
GDNSKHKTDKI,0
AFFDVKTTRRVYNF,0
GHKLCLSTVDLEVK,1
SFHSGAVTDNGVAY,0
KMLDHEYTTKEIFR,1
KTFPGKMTDSLRKP,0
TEETTTTTTTTRNE,0
YVPRRDSTNSIELQ,1
SQTARESTRLYNRD,1
DDSSENKTEKPKNQ,0
DEPLPVCTIFSQAT,0
DGEESQSTDAKPQE,1
PRRSATSTSASPTL,1
ELPEEEETVAVEEL,0
VVLLLGPTSSQKSE,0
SAIRRASTIEMPQQ,1
ITDTSTTTNALTNA,0
STSPSYSTRMDRSE,0
QKERAMSTTSVTSS,1
AKSPSSSTGSIASS,1
VFSRSESTQPLLDS,1
RLEADLSTELKSPD,1
AEAHKFFTEILRMD,0
YVSDGYKTALTEER,0
VHRHPHFTQLPPTH,0
DGGLSSVTQESRQA,0
SFSGPKRTSYIDQY,0
KLEEVLSTEGAEEN,1
LPGWGGKTVLQAAL,0
KGSGAMSTWKTRFF,0
TPATEESTVPATQS,1
PMLGSAETPPPVPA,0
KPHSAQSTKKAYPL,1
VRGLKEKTVKQFEV,0
IMSEEELTHIFGDL,0
PGRPPRVTKDKGPS,0
PTPQPIETAASISR,0
LINGIDTTKLNPVE,0
LPPPDYGTSSRAFP,0
SGYGVIETRRSRTS,0
SSEIRRSTDRETAV,1
AWLPSQATREVLMS,0
SPSLKSDTSSKEIE,0
GLRKYNYTLLRVRL,1
SRAHGSSTNGFR,1
IPTSKVSTISAEQF,1
TLSSTESTASGMQD,1
ATHPMPATLTNSAS,0
EALSLVVTPKKKRH,0
KDNLTSATLPRNYK,0
TPSSPTITSAAGYD,0
SRAFPTQTAGTFKQ,0
QPQTQPQTPTPAPQ,0
HPQGLDTTPKPH,1
LSAMFRSTEQLPSE,1
ETMEEYSTDEDEVD,1
ATPILSSTSNTETR,1
SQLLITMTDKEDHV,0
NVPMRAYTHEVVTL,1
VSPSPGRTLTPNQQ,0
RLMSPPPTHQPRSI,0
GKFPSPLTKRDEID,0
TPPKSYSTARRSRS,0
DDEQDESTIQRQSR,1
VNLNISRTGRGLGR,0
FDSKGSATGRDGGN,0
LATRNISTASIRGR,1
ARSRTHSTSSSIGS,1
NEEKRRSTEALVQA,1
GGITAGSTDEPPML,1
SEAIKGETLKGKSL,0
LLMEKPKTCDSPRS,0
KKKRHKVTDTRITP,0
GESSGGTTPVGSFH,1
TIDDAASTVEDPKE,1
QDSCLQQTNPKPIK,0
EEDNENETMTVAEE,0
QRKFWPATLSILGE,0
DSNVARTTPPPGRP,1
FSARQGSTIGVDFT,1
SHPNSLTTSTADRL,1
PLRRVHSTSSLDSQ,1
AAALITDTSTTTNA,0
DSYRSSITSRPSFN,0
RSRRGQSTEPPVVK,1
GKKKSTSTEYVSKG,1
QQQVGRPTESPPLP,0
VIFTGMPTDPLVGE,0
AAIELSSTALSSSD,1
VADLDGGTVTIPEC,0
VLKSEITTSLSALV,0
GGSEYKYTPPTQPP,1
EETTTTTTTTRNEE,0
QAQAARDTTSENRE,0
MQRYNSTYVVKRD,1
EKALAGVTFAAKGY,0
PVSAADSTEELAEV,1
GEKSPDSTSPSYST,0
PTPSTVSTPSPSAD,1
FGAPEPSTIARSLP,1
GPPPKRSTPSGPVR,1
TRDCSRSTIELIHG,1
NLRRSNSTTQVSQP,1
CPERNPPTFFVAVL,0
FPRLDEGTVQWIVD,0
ELSKECSTKLSDRN,1
HKIMVGSTDDPSVF,1
FQDVEKVTQKLDGL,0
PTRSSSNTPRDLND,0
AALYNSMTGPFCLP,0
QDVLGPSTTPPAHS,1
QRARFISTKDSTSS,1
QRQRSTSTPNVHMV,1
DTSSEITTKDLKEK,1
MSTEYGCQV,1
GDLENQATLINGID,0
GEFSDDWTLSGKGT,0
EDSEGKLTSSSKRN,0
EFFETASTRDWRSG,1
WKFLSHSTDSLNKI,1
SFGEKNSTLSEEDY,1
DIFYSGSTTNIAAR,1
SDFFDSFTTSTFIS,0
QVDFYNSTQIQSDI,1
PIEEKPTTSSEKPS,0
RLSHSLSTKSLSLR,1
TPPRLHYTPPLQSP,1
LSVGDLSTAPRTVA,1
RDLRNTSTDLFKAK,1
DRNKSRSTTELDDY,1
ISATSLSTSPTELG,1
SEKKSPTTVPTDLL,1
FIHRIDSTEVIYQP,1
LDIEQFSTVKGVNL,1
FWSPEEITAYFIME,0
RKLSGDSTHTETAV,1
NEEADTETMRVVKG,0
PPRRYYSTESLQLP,1
TDKEVVDTLSNGSE,0
QRGNGNSTPRTPDV,1
AASADSTTEGTPAD,1
KKVPQVSTPTLVEV,1
PRSQEARTESSQAS,0
RRDGPEETDWWWAA,0
KVTDTRITPRTVSR,0
NDSFCATTPSAMVF,1
EQLLATSTKMVVRT,1
RARITNSTEDLDDE,1
AHYSPDSTYGSEGG,1
PEEPQLPTKKESVD,0
LSLRARSTSATDTH,1
QSFLKSFTTLSKIQ,0
RALYLEPTEDLAPA,0
VVSSPNSTSRPTLP,1
KVHKKLSTDNPSNS,1
PLPRSSSTSDILEP,1
TSPESPYTHWKQTV,1
VRKSSSSTYLSGSS,1
PKDSLRSTPSHGSV,1
KMQRTSSTDILARA,1
MPGSISSTPESPDI,1
DNEKSEGTDPLHWQ,0
RNSSMRGTEKKGKF,0
GMQPVTSTIPAVSA,0
SLRTEVWTWGKGKE,0
VSGRYKSTTSVSEE,1
ELNPETSTDCDARQ,1
SDERRHSTEILSSV,1
RALPRRSTSPIIGS,1
VGIDLGTTNSCVAV,1
DEDDTGSTVSEKDD,1
NPVQVYETRPISAL,0
VSHTDQSTDDQLSV,1
LSECPKFTINTSCT,0
AMRKQESTPTNLKP,1
GLRRAQSTDSLGTS,1
VDIREEETEGGSRR,0
KAEMKRSTELVLSP,1
TTNTKRSTDFIFQE,1
KNIPNLSTYKDISD,1
RNLSLKNTMSDIDN,0
QREMLRSTSHIGGM,1
NERYYGYTGAFRCL,1
QKVHTVGTPEIKEK,0
VLLSEDDTIYEGEF,0
TPSTTNSTSSTPSS,0
HEDHDTSTENTDES,1
KKEDKNFTPVNSPP,0
ECLQQISTTFTPSD,0
IAVIIQSTA,0
TAQRRASTVSSVTQ,0
AQSLSPYTTSANRA,1
KSPLLNNTRTSPSP,0
FTSQDASTPASSEL,1
GDSQVSSTSHSPQL,1
YGIVQVPTGPWFCR,0
KQTARKSTGGKAPR,1
VPYRGRTTTDGTGR,1
QATETTTTRHKRTA,1
SPPRQGSTKDDQEQ,1
CRQAFHVTCAQFAG,0
ISSYTTPTVSLSKA,0
CQLGLITTAFPVTK,0
VEAVAPGTPTMGAP,0
LLAPPKATEAEPRT,0
GIGARRSTDRIEAN,1
DDCHQPTTSETEAA,1
SCRNSSSTVSCLKK,1
YATTENKTLPRSSS,0
PAVALPPTHKKQYQ,0
CAKSVLSTLSVLSI,1
TLKKTNSTGNVPCL,1
VATQQYGTVFIDKE,0
KRHKVTDTRITPRT,0
NLPTPASTRILRKY,1
KYSRLSSTDDGYID,1
PAIQTKSTTGFDAE,1
LTGRDSSTNILIRT,1
KKAKRRSTSGGIDV,1
AGQSSGFTPVFLQF,0
HCCPLGVTLTESQA,0
ELEEKSTTPPPAEP,1
MSNTTVVPSTA,0
KAKSEESTSPDSKS,1
ESVLFNLTTMYELE,0
KGYPGDYTKGVEIT,1
SRPRRLSTADPADA,1
SFGEKNSTLSEEDY,1
RNESRASTPSKDSN,1
NDQRKKSTVDEKQA,1
TGEKSESTNETEIH,1
PPTRRLSTSPIRRR,1
QSSTSEETVLRSDA,0
QDGVVPPTGGPPST,0
SNSCQDSTDTESNA,1
GTEVIQVTNVSPSA,0
PLPRSSSTSDILEP,1
MDKRKLSTSGDSLY,1
VYSSSKSTVIEVEQ,0
VTEETTTTTTTTRN,0
FSMHDLTTIQGDEP,1
TASDGSRTFEPLLR,0
PEPLQSQTHSVLSM,0
VPESHISTLTRRSP,1
IPDTPPSTPLVPSR,1
GQTHLSPTAPAPSA,0
PKETPALTINRLCG,0
NHGHRIRTNAGYVT,0
LACGEEHTLALSIS,0
NMDDVFETLRVESP,0
SNDREVPTLSQLNT,0
PTMGAPKTVDEKAF,0
PAERWKDTWDRVKA,0
YEKKPSQTASYERL,0
EKSDGVYTGLSTRN,1
KVVYRQYTDSTFRV,1
LAALGAPTLDPALA,0
RKDQYSGTYTNVNM,0
GQKPSLSTEDSQEE,1
LDIEQFSTVKGVRL,1
RSDAPDSTGDQPGL,0
DMEFNNTTQEDVQE,1
AVSDNASTTGSGMA,1
LGGRKFSTNEGASP,1
RLEKQNSTPESDYD,1
FTINTSCTFQKQME,0
QQKRKPSTPLSEVI,1
SPPPVAETIQHQPH,0
LKGAILTTMLATRN,1
LAFPPPTTSTSSLK,0
IFGLFKWTKDALFG,0
PTGSVVSTGTSFSS,1
GEFLRISTANSDGR,1
NAVSAQITSSDAMS,0
RAADAFTTVPPKSP,1
DNENETMTVAEEHH,0
GRADRLSTTSQSSI,1
HRDAEASTPKEPEA,1
KPIKAYSTENYSLE,1
SDSKRIYTYSENGE,0
LTSSGQSTSSSSAL,0
LLNSQQLTPVHRHP,0
ELPEEGSTIPLSAP,0
KQPSLHYTAAQLLE,1
RSSSASRTSSFKKS,0
RTNAGYVTVVDEPP,0
RHYADETTPPPVLH,0
PSQQQPSTTTISSR,0
ARGIVVYTGDRTVM,1
LIEDNEYTARQGAK,1
SSTPSSPTITSAAG,0
ANKRSASTEKLEQG,1
ISRHHNSTAELQKA,1
PGTRRDSTPSLKTL,1
STIVAESTSEQVPE,1
PPVRMSSTIFSTGG,1
EAGSKRRTSSDDES,0
ADSANSATKSQTPY,0
ETKISRSTDDVSEK,1
QAEVKASTIYSSDE,1
TITKITPTSTSKKI,0
FNTGSNPTEEAATS,0
PPDRRLSTGATSVN,1
PLVGVTSTPGTGQS,1
ISKSNISTKSLEPS,1
GPLSDASTISNKND,1
FVVAAKRTPFGAYG,0
REFSGPSTPTGTLE,1
VYSWGSNTFGQLGH,0
ERPTEIVTSKPKGM,0
DEEDAAPTGQRSES,0
FQLTKESTPPVGRP,1
FREGESVTVLRRDG,0
PEIEGLLTPVLEAG,0
RQAARRSTSTLYSQ,1
QTRAGQRTRFKAFV,0
EKKRFPKTPGREKV,0
DTANRNYTAYGERQ,0
EILSRSQTQTLESL,0
FPPPTTSTSSLKMQ,0
PATSRSSTSDEEPK,1
ASTVSSVTQVEVDE,0
TISRIGSTTNPFLD,1
SQQNVMGTTEISSA,0
VTMSQNPTPLTHTT,0
SIRCGGYTLKVLME,0
MGGAAGHTALKSEL,0
PSSKSVSTPSEAGS,1
ILAADESTGSMDKR,1
RPTTPGATRARNYI,0
QDAEALYTAMKGFG,1
FPLRYSFTYVPILP,0
FCVCHLSTGDMLRA,1
KRKRTASTVEHVIR,1
VESNSKPTTSSSTG,0
SSMPKFGTTKPPLA,0
EAAGGDTTPGSSPS,1
NRVLKIVTETHSSS,0
GETPEPTTPSSVKR,0
GLRKSGSTDSLNPR,1
GMFPPPPTDDEIYD,0
PAARDSSTSGEEED,1
SKDTEESTPEESDG,0
GGRRHHSTPAASSN,1
MNSSRPTTPQRSAP,1
RLHTKRRTINELSN,0
LSEHPCETEQINAK,0
ERGLSNSTEELHPA,1
LKPSDRMTMSSLVE,0
SLFLDSYTEYCTSI,0
TLDVRTPTRTRRAS,0
ETMEEYSTDEDEVD,1
TLYSQFQTAESENR,0
DSTGQTST,1
LKRIPQSTLSEFYP,1
NDCNGRSTVQFHIL,0
IHTFSAQTAPTTDS,0
DLCGRLLTAHGQGY,0
TYAAIAKTYAYLTP,0
PKIELIKTSSGMVR,0
FIPTPRNTRNSSAS,0
TPTQPGSTPRISTM,1
SPFRQQFTDNAARS,0
YVLDDQYTSSGGTK,1
KPNVSASTQASRQK,1
KTTIDIDTSVPIIS,0
KTPEDISTPPEGTK,1
TRVPEVSTPQLQDE,1
EAEIFTETVKDDKN,0
TVTSPNSTPAKTID,1
IVQLEPQTDEPVEK,0
AARSSQRTQPAEPR,0
PKASLLSTPRSMDS,1
NYSVPSSTGNLEGG,1
NQLSKFPTQISLAQ,0
SKEWVPVTKLGRLV,0
PGGTLFSTTPGGTR,1
RRGRRLSTGDLKGH,1
KSERFNKTETQLDI,0
PAIQTKSTTGFDAE,1
ERPEKGSTSTFV,1
QYVITVATGSFHSG,0
FIHRIDSTEVIYQP,1
TERFRKSTDDLTTR,1
PAARDSSTSGEEED,1
TEGLVKLTPIDKRK,0
QAEVKASTIYSSDE,1
GLYPVVFTQKITVE,0
SVTSRPSTPTLGTP,1
TKITPTSTSKKIEE,0
KAFFDVKTTRRVYN,0
NGEELQETCSSSLR,0
SDQSSGSTTSGSRQ,0
ANAERPTTARISSV,0
NHEEGLSTDDEEPT,1
SSTGSETTTPAKNS,1
KAIMNLVTGVTSLA,0
VQFANVSTMEPIVL,0
RTVLRMSTGEGRQS,1
RQNPVRSTRGNSLR,1
RFFTLHGTRLSYFS,0
VRNLLESTAGPKID,1
PTPLTHTTVPPNAT,0
EDSYKDSTLIMQLL,1
PSPRPPATAYDAPA,0
QLKLYCETCDKLTC,0
SVVKKSSTGSETTT,1
NQKVIIDTLITKLM,0
TDESLESTRRILGL,1
TIGRQHVTRKKYNP,0
SSPRELSTSPVEEP,1
KFVILENTHRAKEE,0
PTLSQLNTTVSRDK,0
RDRRAGATPGRKAR,0
EPTAPRTTPDIPAS,1
RATAPSPTPYSYDR,0
MEQQHVATAAPRPQ,0
RIPMVKSTNDFSTI,1
AEGAVFLTTYRVIF,0
LIFEGDETFGVGAN,0
NAKRKDTTSDKDDS,0
TTTTTTTTRNEEIE,0
KDIGSESTEDQAME,1
QISSGQGTPSTTNS,0
PRDISDMTPDSRAS,0
GRSSGLGTDVGSRL,0
KIDDLLVTLSNLEA,0
GSIPAHSTGRLDDV,1
SAPKKETTGSPKES,1
DESADTITKITPTS,0
GTASPRATRRTRLN,0
SLEVIQSTDDTKVL,0
SRSRSRSTPVRDRG,1
GVMHSDGTGNLEEE,0
MTSRSTSTWRIPSR,0
LEQKDVRTVFVSAK,0
RNYIARATAPSPTP,0
EGKWLGRTARGSYG,0
DSKKRSSTEAEGSK,0
VLKIVTETHSSSVS,0
LGNSSLPTAGYKRA,0
SPGPGNSTSSATNS,1
RTGNFISTSTSLPR,0
DLNSDDSTDDESHP,1
VENQPITTPSRPFR,1
RFQDLISTIKLENP,1
VQLPMAMTAENLAV,0
PTPSTVSTPSPSAD,1
YGSLDRATSPRPRA,0
VALSQDSTYQGERA,1
ETDSRPSTPQLDTV,1
PVAKKKQTSAFIEG,0
SPGLHQSTSTSRHV,1
VNTRRKSTDSVPIS,1
DDSDDDSTDEDYDL,1
LNSSQSSTSEETVL,0
ENHSGSKTPVLLSC,0
NAAFQAETQELLDV,0
LSYFSSTTDTRERG,0
AATDGADTPFGRSE,0
AHYSPDSTYGSEGG,1
VMYEMEITTATNVV,0
EAQAKESTPELADL,1
WDPTANTTPARNND,1
LIGSLNSTSKLLQQ,0
NDSNRRSTNLSRSN,0
GSDDPFATALSMSE,0
PIKPLISTPPVSSQ,1
TLMRAKSTKRIYSP,1
PDIDCSSTIMLDNI,0
VSGSGSSTPVSSSH,0
PGGTLFSTTPGGTR,1
LVHAQFSTHHVFPL,0
QDKHDDSTDDSDTD,1
VTTEKTYTSTSNNS,0
TRDCSRSTIELIHG,1
EVLTKKSTELNGTV,1
ALVDTIVTRFVHQR,0
LLDLSDSTSVASFP,1
LVLTRPVTRNERHS,0
EDSQEENTSKNVPV,0
KIPSAVSTVSMQNI,1
CETCDKLTCRDCQL,0
PGPNWDFTLKRKRR,0
FSAQTAPTTDSLNS,0
TERKSFCTGKSDSR,0
SMKSPGTTPGPLGR,1
PEDRLSTTPSPTSS,1
LDAKEITTQITRQI,1
DEHARPQTTLEQLQ,0
GSDEADSTGEAEQA,1
KVERKIETLQKVHT,0
KIKEAIRTNGRSLN,0
GDDSLLSTYKKKVT,1
VREYVNSTSEESHD,1
KLAFTGSTEVGKSV,1
SENLRKSTENLALL,1
MDDNTENTDGK,0
KLFQYASTDMDKVL,1
PPAAALITDTSTTT,0
VNSLTRSTPSPSSL,1
ADTITKITPTSTSK,0
PVLNQDLTSSGQST,0
LTVTTEKTYTSTSN,0
ERFFTSSTSLTLKH,1
ARLKKTSTSGAISE,1
GSYGYIKTTAVEID,0
PRPSDRRTPTHFED,0
LENLGTTTTVQLLQ,0
RIKKQHSTGDIHQR,1
LRKRHESTLGMDVK,1
EFFRANSTSDSVFT,1
ELEPSTLTPSSALK,0
ERVCSTSTETSIPE,1
VRLRGQSTDSLPQT,1
PTTHEKTTKIACRS,1
VRHYADETTPPPVL,0
GGRNPGTTVSAASP,0
GTPGEESTQEETVK,1
VIYSQPSTRSEGEF,1
KYARQAVTEGIKTP,0
SAQTAPTTDSLNSS,0
AVRRFGQTIQSFTL,0
MTTSQKHRD,1
GKREIVFTFPSDYI,0
AGRRVTSTGLPGSQ,1
SDFLSKPTPRLHAD,0
LTPLHSSTLTPMHL,0
QSQRRLSTSPDVIQ,1
ETKTFSSTESLRQL,1
AAVRKASTENHPPQ,1
QMMRHKSTGALTDA,1
ECSVEKGTGDSLRE,0
GLPKAVSTALRIGE,1
AVSSGSSTALLYSK,0
GGSRENSTVDFSKV,1
PPPPPKPTIRPPPI,0
MDKRKLSTSGDSLY,1
IFSQATATPSQPHL,0
TSLAFNPTTEILAV,0
SGQGTPSTTNSTSS,0
APQHPQQTWPPVNE,0
AGYKRAQTSGIEEE,0
STLSRVQTMDFSPR,0
MAEMKKYTLENKEE,1
IMPVQKQTRAGQRT,0
RAADAFTTVPPKSP,1
KERFKQGTSKKCIQ,0
TDGRGRSTSSEIIA,1
YGKNGLPTSHTTDS,0
MNLVTGVTSLAFNP,0
LITDTSTTTNALTN,0
PALVPSLTVTTEKT,0
HPSARKLTAQRRAS,0
SGKDVSETRGSEGK,0
GSVSQPSTPSPPKP,1
GKSLRQMTARPVAK,0
PTSSRHTTPAPSVH,1
DDMLVSTTTSNLLL,1
RALPRRSTSPIIGS,1
ANNDRVSTASMAIH,1
RRGSAPTTPILGSK,1
APSSFGSTGSVSKI,1
QNNRRSTTTENDGI,1
VPVCRILTPKPETP,0
YSLFLVDTEDFQPG,0
GSPARSSTPLHSPS,1
ISASTQRTSDEDNT,0
LSPSPTLTGDGDVS,0
VNGLKITTPEEQFT,0
SAPKKETTGSPKES,1
AATTSGYTPLHLSA,1
MSTSGSGGG,1
FRFVVESTLREFFR,0
RGGGNSSTSALNSR,1
SKPGAVSTPVKHAD,1
QQNVMGTTEISSAR,0
KPVSPKPTSLTKED,0
IQVRRNSTEITRMT,1
GNVAIKETSPEGKF,0
TSSRRTSTTVLDSQ,1
ERKSRLDTERRSRR,0
KCSKEVATAIRGAI,0
EPVKRPSTPPKPRE,1
DTSSSPTTGSTVQS,1
RDKDVSDTLSPDFD,0
PPIYGGQTLQPIPP,0
EEEQFQETMNTFER,0
LSHQSLSTDALGAT,1
SIVDFLITAGANVN,0
KQRIRTSTFRLNPE,1
HEDTLSSTKAKGHN,1
NRDIEISTEEEKDT,1
AYMNHEPTHNSTRV,0
SVKRTARTPAKNTR,0
KSVHGEYTDTDFSE,1
PHDRYNKTCYICDE,0
PQGSFSGTPGSVKS,0
KVDDVAYTVLNFNS,1
EKADAVYTGLNTRS,1
LSSQRSSTDLGFEA,1
RGPGLGSTQGQTIA,1
GSTGYVPTGRPRGR,0
EYEAIQRTNEKQAV,0
SPGPGNSTSSATNS,1
VALSQDSTYQGERA,1
LESIGDSTADESTL,1
VIEDNEYTAREGAK,1
LVEKVVRTSAINEE,0
RCDASPVTNNTIQF,0
EASKLPSTSDDCPA,1
DLSEDEKTRIMHEN,0
NGGNSNATPAQSPT,0
TEDLRITTFPIRWT,1
PSPAQSHTLQANDV,0
MGPLNISTPVEPVA,1
CPLGVTLTESQAEN,0
PPRRDPSTRRPPVL,1
DGEKGQYTHKIYHL,1
DPRLKDATYDGRWL,0
LHDLGNTTGEEDDD,1
YYSQTNLTESHHHQ,0
EKSDGVYTGLSTRN,1
GRPDGRGTPSSLLV,0
GPLSDASTISNKND,1
KGMGMISTLFNDDS,1
TTYRVIFTGMPTDP,0
NIPSYPDTQAVNEY,0
RSRLTPTTPESSST,1
KQSELPVTCGEVKG,0
GGTLQRSTSFRQGP,1
FPARSFSTGSDLGH,1
TEERKLSTDGRISP,1
FGEEVSSTDDEDEP,1
EAVGGDSTPSPDLL,1
DIEIIRITDNPEGK,0
LAGPVTMTSVHPPI,0
SRSSRASTEEKAST,1
DLIRQPSTAPQPMK,1
TSEMSAKTPPPMVQ,0
KTRTVVLTPTYSGE,0
EEPLSPSTPTRRPP,1
RRNSVASTRIDSPS,0
PPQQRRRTESSGYR,0
RESYTSFTNNDRKR,0
DDTRLESTFLKANL,1
YDAKTPTTPTEETV,1
KTKKGKQTMQVDEH,0
GAAIFATTLSDGAT,0
GLRRAQSTDSLGTS,1
QSLSPYTTSANRAK,1
TKLFNDTTNSMASE,1
LQIGDIKTAEKYFQ,0
ASEENEPTSEGSHN,0
LALRARSTSATDTH,1
HHVFPLATLWAEPL,0
PPQKRDNTKDQHRG,0
VNSRKSSTGSISNV,1
LMTGDTYTAHAGAK,1
RQERKRSTASPRPS,1
QSDEKRVTRSMSQT,0
NGRIAASTFSSDSK,0
IASQKGSTKRVAPR,1
SVSSASPTSSVASA,0
GAMSTWKTRFFTLH,0
KTKYIKFTGNQIQN,0
DQQQQQQTAQQQQS,0
SPTPATSTESLSPL,1
RKAARVKTRTVVLT,0
FGSRSSTTAEIGLA,1
DTVAELGTASPRAT,0
GVTEETTTTTTTTR,0
QQGKSSSTGNLLDK,1
ENSFRSLTWPPSGS,0
WQLSGDSTLNTNDL,1
TPKNSYATTENKTL,0
PSPLKPKTSLGESS,0
MNTFERPTSSIYAD,0
APEGAESTEPEVPR,1
GGSRAPSTYYGETH,1
YSYRATSTGPGTAD,1
KRKEAEYTLGFWKT,0
GYHSLALTAKSQVY,0
MVRVEPCTPKQKYF,0
PSKLTAGTPWGQSQ,0
YSYRATSTGPGTAD,1
LKKKFKLTGPIQVI,0
YERSHGMTSPVPIM,0
SSSSALSTPPPAGQ,0
VAKRRSSTVLETAT,1
CAQKAEPTESCEQI,0
DRTISASTQRTSDE,0
DVLKSEITTSLSAL,0
PTSSRHTTPAPSVH,1
GGSGSRITAHLVHE,0
RRPSQRSTVLAIPA,1
GRESKAATGACMTC,0
SIVKQVSTENDSTL,1
ALLPSLRTEVWTWG,0
SRSRRRRTPSSSRH,0
SFLKSFTTLSKIQG,0
EKSRSPSTESQLMS,1
GESSGGTTPVGSFH,1
LDMSLPSTPDIKIK,1
QLKSESSTSAFSTP,1
GNKRKLSTAMALIG,1
EDTTARFTNANFQE,0
ASKKTIYTYIMASR,1
DANATSSTTGNKYS,1
SPPRQGSTKDDQEQ,1
EIKTPASTPVSGTP,1
LKVWDFYTEETLAE,0
GSSERDSTSPDAKP,1
SQQYYSQTNLTESH,0
ESEGRQTTLIDELK,1
HHSQRPTTPGATRA,0
ITMKESLTTREIRR,0
RATHNQSTETLGSP,1
VHLKPTVTNDRSAP,0
VARPLSPTRLQPAL,0
VNNRLSSTLQAPKR,1
QAGSFPITPERLPG,0
EATKPDGTVEQIGH,0
PAEPSQETTRVEDA,0
QEHVVWSTPQFWEA,0
ELLRVDSTEEINEQ,1
AKEAEIFTETVKDD,0
GLSRRSSTSSEPTP,1
SPRSITSTPLSGKE,1
WMAALIKTTIDIDT,0
SPLARHSTNPFISP,1
DRPRKHLTLNNKVQ,0
SLAKSVSTTNIAGH,1
LVKNAKKTIGRQHV,0
SSQHRYSTPHAFTF,1
PSKRKLSTSSVEET,1
DMLASPSTSGQLSQ,1
QQQPSTTTISSRQL,0
PEKEAGYTEFTGPP,1
KSATLSSTESTASG,1
VSVFAKSTGDPQGV,1
LDRKSPRTKVADRP,0
KSPSFSSTSEMSAK,0
HKLDITSTEDFKAL,1
DLAFPPPTTSTSSL,0
SVPFPTITANPSPS,0
KQGEDNSTAQDTEE,1
EELEEKSTTPPPAE,1
EHALLAYTLGVKQL,1
RAVDGTPTKGDGLK,0
QGNGVVVTQFGLYY,0
KSVIDTSTIVRKKA,1
ICLEDIHTSRVVAH,0
TTLSDGATAFEKCD,0
QLMEILNTLFFLPI,0
SINHILSTRKPGKE,1
SQNPTPLTHTTVPP,0
SARGSTGTLGNFAK,0
KICESYNTAQAGGR,0
CGHLLHRTCYEEML,0
KAKSEESTSPDSKS,1
RTVLRMSTGEGRQS,1
KLRRSQSTTFNPDD,1
QRKRKESTDIFSSE,1
PLSPVGTTPVKLKR,1
EEQIKNLTAKKERL,0
HFTQLPPTHFSPSM,0
HNSEKKKTEGLVKL,0
MMPVSLPTSVAIPN,0
ILAADESTGTIGKR,1
ALNGVMQTPVTMSQ,0
RARITNSTEDLDDE,1
PAPARLPTRMGGAA,0
QCYIFNETKMSVRP,0
GLLRSVSTVSSELS,1
ETDKEYYTVKDDRD,1
PRRSATSTSASPTL,1
QRQSQQTTSS,0
LNKLTKSTEKLEKE,1
LYKSAITTTVNPRF,1
YISDDDSTSSDDEK,1
PVPPKPSTPIMNGE,1
GGSRENSTVDFSKV,1
ERGLIDITAHRVVP,0
AALLPLVTAFCRKL,0
SGFEDAETCDVAGA,0
SSTPQEKTKWLRAI,0
AKTYAYLTPDLWKE,0
RGETPEPTTPSSVK,0
VVYGGKSTIRDRSS,1
SGGPKPSTASAVPE,1
QCSQLLITMTDKED,0
LDGGRQSTGAVSLK,1
PIEILSSTDDDATT,1
SGRYKSTTSVSEED,1
ATPRRISTDYSNSP,1
PPERKSRTRRDRRA,0
VNIVEMTTKDLEYY,1
EPELSPITEGSEAR,0
TEEVTTTTTTITEK,1
NELKKSKTLFENYY,0
EILRMDPTNAVANN,0
QRRRLSSTGGQTPR,1
IETGSPKTKECSVE,0
NHANSTSTTVLHLT,1
GDYNLKSTSPPLSY,1
VPQVDEKTNAWSWG,0
DVADRYSTVAYMNH,0
PGLAGPVTMTSVHP,0
VQGLLSPTDNVEVI,0
GNFISTSTSLPRGI,0
KIEDAPTTSSPKKS,1
YAGGCGSTVTPALG,1
NLARALSTDCTPSG,1
EFGSLPTTPSEQRQ,1
RRRSRSGTRSPKKP,0
SPRRHRSTSPSPSR,1
MNQEDNTGGGGIF,0
HEDTLSSTKAKGHN,1
APRRSISTITGPNR,1
AARRSTSTLYSQFQ,1
EVKRLLSTDAEAVS,1
ENRSYEGTLYKKGA,0
LRRSNSTTQVNQSW,1
TSGIEEETVKEKKR,0
NCCLQDCTSLDEHG,0
SWSGLDSTLHRKYE,0
LGHSDFPTTVPRLA,0
HEDHDTSTENTDES,1
VVSPKNSTAGLLDG,1
APTSWKRTYIVERP,0
LRTRRNSTTIMSRH,1
KQTARKSTGGKAPR,1
EDSKSLKTHQTQPG,0
GAPGSPSTPPTRFF,1
GGSPRFGTQPNSVS,0
IPLSPQPTPQHHHH,0
KSLPENSTASAASA,1
LVKDILSTSDPVDV,1
KSSHGASTDSMEED,0
AGIEDCYTSARGST,0
SQTSQSSTISSSVS,1
QLDQELRTAMQQQQ,0
VMNFYSTTPCETGA,0
PPRRDPSTRRPPVL,1
DEEGVQSTKEAPQL,1
AGASRETTRGRSNK,1
LGGRTRSTTPPHWK,1
QAMLGQSTEELRVR,1
VKPTGDVTARYVYD,0
DKDKQAETEMSDED,0
FKKDGTVTAGNASG,0
GRISRDSTTGTDGG,1
KQTARKSTGGKAPR,1
NPTPLTHTTVPPNA,0
KSRRLNSTSTVTFV,1
HSPPTTSTSALNSL,0
PEPGYVVTSSGLLL,0
LAGGSQRTISLGAG,0
TEEMTRSTNEAATP,1
TIDDAASTVEDPKE,1
KQTARKSTGGKAPR,1
QPNEEGITALHNAI,0
PYRGRTTTDGTGRG,1
PSEASSSTPDLLSK,1
NEKSNDSTDGEPEE,1
LLLDAALTGELEVV,0
KEGYYGYTGAFRCL,1
IETRRSRTSLHSHG,0
ETTTTTTTTRNEEI,0
HDLQRMFTEDQGVD,0
ADASGRNTLSGFSS,0
ETPQRKSTGGGANP,1
PLGVTEETTTTTTT,0
NKGEERATHIQRQS,0
DHRLPSSTDKEVVD,0
QEEVFENTLVANDQ,0
PLHEDLLTRIGEAT,0
STPAALATHSPTSN,0
PPSQQAPTSWKRTY,0
LDFSSVSTEADGSG,1
GQGTPSTTNSTSST,0
SQTPPMPTRSSSNT,0
SDLELKYTNLQIEK,0
QVTKKPSTEEDLSF,1
GSDEADSTGEAEQA,1
QSQRRLSTSPDVIQ,1
VPIISSYTTPTVSL,0
KPPFLKPTGGSPRF,0
TRKSRSSTGSMNVT,1
KQTARKSTGGKAPR,1
EMDLRRSTQEMPDW,0
ERFNKTETQLDISV,0
VPQRGRSTRVPVAS,1
AATVSASTSNIIPP,1
SVGGKSSTAAVAAI,0
PLRRVHSTSSLDSQ,1
YTSARGSTGTLGNF,0
VAQHLTNTVFVDRA,0
NQESDLKTPGPKPG,0
VTRSTSSTSSGSNS,1
KEKVRRSTSRDRLD,1
PFPRSNSTSSMSSG,1
RISRDSTTGTDGGA,1
SAIRRASTIEMPQQ,1
TPSSVKRTARTPAK,0
RNNERKDTSAGSNI,0
QPLYHEETIDLGGD,0
FTLGSAHTPGRPPR,0
KGFDRVSTEGSDQE,1
NSIVVFITASDGSR,0
VVSPTPTTRGLFEF,1
VQQVNGVTVGALAS,0
ESDTEDTTVEGSFR,1
QLSVPFPTITANPS,0
FSHRGAHTLAGQSS,0
PLHSSTLTPMHLRK,0
RISSSSSTLFGGTS,1
GRSESAPTLHPYSP,0
HAAAGQATAAQLHQ,0
VTEEVTTTTTTITE,1
QKFSSRSTVPTPAK,0
EKTKKASTPAPVEE,1
FMEKVQETTPITIS,0
TASLPHSTKNGPSV,1
LSSANNTTIGSNGF,0
GSNSRLSTPPTEFA,1
LYSWQSPTLSFSGP,0
EQGIMFTTLKACYY,0
AVTEGIKTPDDLLI,0
RATAEFSTQTPSLT,1
MTPKSPSTDIFDMI,1
SPEAVGVTSQRPVF,0
PTTDEKTTKIACKS,1
LPSGSSSTSLKFTD,1
QKARAASTTGVVGE,1
YPPDIRATFAFTLG,0
AVVAQHLTNTVFVD,0
DRPVKHYTPPPEKP,1
FSQTSRSTTPANLD,1
VRTHRRSTSDHDGP,1
MEKVQETTPITISG,0
YVLDDQYTSSSGAK,1
SRPSFNRTVTSSSQ,0
RNESRASTPSKDSN,1
GSIMNGSTAEDEEQ,1
GKWGSVRTSGRSSG,0
LTRSRSSTPPGASE,1
FLPEPPSTRKKRIL,0
AKKPRATTPKTVRS,1
GHEGCSYTMCPEGR,1
NNSSPSPTKGRGRP,0
GTPRAVSTEDITRE,1
QEGPVGSTLSLSLD,0
GVPASKSTQLLQAA,1
GEPPRGATDHRLPS,0
QLPPQPQTQPQTPT,0
EHSITHETILSATD,0
EDIMSLSTQGDYIN,1
PSSKSVSTPSEAGS,1
RSSPGLYTSPGQDS,1
QKTKKTSTVNSVAH,1
CLQQISTTFTPSDK,0
LPQRQKSTSSYSSG,1
GHSDFPTTVPRLAK,0
ENEPGYSTEDDEEG,1
TRHLKRTTEHPHRK,0
VSLYAASTGKGRYC,0
RKLSGDSTHTETAV,1
ASAAGSITSSSLQK,0
AINEEADTETMRVV,0
EDDLLQRTGNFIST,0
DNLFDISTEEGSTK,1
FQDPVPLTVPDYYK,0
NRQYEVTTTTESFH,1
DRPQNGPTPATQSA,0
EKRSSLTTAALPFT,1
VLSELEKTFNLPVL,0
DQYSGTYTNVNMQD,0
ANKRSASTEKLEQG,1
PNRSGGSTPLDSQT,1
MNKNTSTVVSPSL,1
LPPGDYSTTPGGTL,1
ALITDTSTTTNALT,0
